campaign_id,campaign_name,channel,date,impressions,clicks,leads,spend,revenue
M1,Campaign 7,Instagram,2024-07-05,60245,2545,298,14116.16,51925.03
M2,Campaign 6,Email,2024-07-19,461347,17563,1076,8624.1,22718.5
M3,Campaign 9,TikTok,2024-03-06,428446,5528,710,6797.43,22233.3
M4,Campaign 12,LinkedIn,2024-01-14,56556,2653,170,12497.4,36693.29
M5,Campaign 7,Email,2024-12-29,126511,5448,810,1190.0,4711.63
M6,Campaign 5,Facebook,2024-10-20,460916,8698,773,10124.28,18913.12
M7,Campaign 11,LinkedIn,2024-05-20,90234,3540,377,16474.98,19880.96
M8,Campaign 7,LinkedIn,2024-02-04,472264,12610,2352,8764.42,19805.99
M9,Campaign 8,Instagram,2024-02-15,381502,3826,560,2148.27,4842.23
M10,Campaign 1,Google Ads,2024-10-28,271597,9521,958,18254.59,24896.78
M11,Campaign 8,Google Ads,2024-05-13,350500,3815,598,12679.99,6517.15
M12,Campaign 5,Facebook,2024-10-11,42452,1008,139,18011.79,11736.3
M13,Campaign 10,Facebook,2024-08-17,210091,4397,821,801.99,1046.49
M14,Campaign 4,LinkedIn,2024-11-23,254810,3393,366,5975.78,19689.23
M15,Campaign 2,TikTok,2024-05-03,229380,8485,954,1383.1,3280.97
M16,Campaign 1,Instagram,2024-01-16,90581,4256,324,19174.11,20275.21
M17,Campaign 11,Facebook,2024-06-04,449945,12821,965,6646.53,22188.09
M18,Campaign 11,Email,2024-11-29,287846,8269,1222,5863.36,5689.29
M19,Campaign 11,Instagram,2024-05-11,480969,4883,561,17000.71,43823.65
M20,Campaign 9,Facebook,2024-12-02,116380,2210,434,7059.44,26582.85
M21,Campaign 11,TikTok,2024-07-20,444499,10485,1640,5778.95,13088.62
M22,Campaign 9,LinkedIn,2024-01-04,138728,2343,201,16621.33,63429.18
M23,Campaign 4,LinkedIn,2024-12-29,58504,2766,236,15362.99,33730.55
M24,Campaign 8,Google Ads,2024-04-02,303006,4670,574,13664.09,39664.53
M25,Campaign 3,Google Ads,2024-09-03,365040,10199,1413,7189.41,9464.34
M26,Campaign 8,Google Ads,2024-10-08,171557,4050,410,5520.92,18851.28
M27,Campaign 6,Instagram,2024-05-16,444417,6535,871,12848.42,12004.59
M28,Campaign 1,Facebook,2024-08-16,103910,3335,206,19668.71,36610.12
M29,Campaign 5,Facebook,2024-11-25,240652,8196,956,6511.42,21163.15
M30,Campaign 5,TikTok,2024-06-08,357467,10701,1272,16011.63,49449.2
M31,Campaign 11,Facebook,2024-06-19,464921,12275,715,8678.79,7832.99
M32,Campaign 8,Email,2024-10-06,104349,2403,198,5384.83,7017.02
M33,Campaign 11,Instagram,2024-01-01,232767,5298,1022,12172.83,13333.55
M34,Campaign 3,Instagram,2024-09-30,405648,20203,3254,4665.13,9340.37
M35,Campaign 2,Google Ads,2024-09-26,314101,5477,1059,4070.83,15742.39
M36,Campaign 3,Email,2024-06-02,10535,491,48,12937.56,11187.9
M37,Campaign 1,Instagram,2024-10-11,308832,11966,1926,8913.31,31926.2
M38,Campaign 6,LinkedIn,2024-09-17,71324,1939,106,6573.08,24606.9
M39,Campaign 6,Instagram,2024-07-26,307575,5783,759,10879.75,31556.94
M40,Campaign 8,Email,2024-09-23,95548,4283,673,10912.4,29165.51
M41,Campaign 5,Google Ads,2024-09-18,105027,1160,157,5210.96,20455.25
M42,Campaign 11,LinkedIn,2024-11-23,72901,1305,178,9743.2,12487.05
M43,Campaign 10,Email,2024-01-19,241581,11604,1164,15637.21,41940.36
M44,Campaign 8,Google Ads,2024-10-13,78321,1747,199,1393.64,1180.17
M45,Campaign 8,Instagram,2024-05-22,315116,6157,794,8139.56,11650.43
M46,Campaign 3,LinkedIn,2024-10-06,452183,21607,2571,2975.69,9216.51
M47,Campaign 7,LinkedIn,2024-11-05,416382,7220,1385,7288.48,21518.92
M48,Campaign 1,Facebook,2024-07-12,347236,15892,2570,7953.89,14244.94
M49,Campaign 5,Email,2024-05-28,486732,22840,3861,14068.0,23701.65
M50,Campaign 8,Facebook,2024-02-07,484192,18130,2165,4844.66,4904.54
M51,Campaign 6,LinkedIn,2024-09-09,99632,3837,632,909.77,656.36
M52,Campaign 11,LinkedIn,2024-07-17,255571,11211,635,2730.75,3116.01
M53,Campaign 3,TikTok,2024-08-09,422283,18409,2531,14639.05,46768.98
M54,Campaign 8,Facebook,2024-12-27,347687,11931,2234,906.61,1819.63
M55,Campaign 5,Email,2024-11-26,220958,6271,609,4634.37,9292.72
M56,Campaign 1,Email,2024-12-02,309534,9577,858,11364.53,21921.11
M57,Campaign 11,Facebook,2024-03-02,451939,7947,998,8676.7,11248.56
M58,Campaign 8,Facebook,2024-03-07,174916,7877,1025,18221.53,47604.56
M59,Campaign 10,Facebook,2024-04-08,382628,15630,2127,3337.49,13272.01
M60,Campaign 3,Instagram,2024-05-19,336547,5514,562,10974.23,29988.59
M61,Campaign 7,TikTok,2024-04-06,104963,4291,836,9770.65,36778.4
M62,Campaign 2,TikTok,2024-12-12,67829,1721,257,16342.93,55750.62
M63,Campaign 3,Google Ads,2024-12-03,138324,1524,147,1515.38,3468.19
M64,Campaign 2,Facebook,2024-02-11,56817,1495,256,6814.37,27031.59
M65,Campaign 3,Facebook,2024-03-12,67770,2033,254,16977.48,10067.81
M66,Campaign 6,LinkedIn,2024-09-29,237543,10518,1452,1820.03,6528.21
M67,Campaign 1,Instagram,2024-09-11,66587,2136,229,14755.07,45761.56
M68,Campaign 7,Instagram,2024-08-10,187900,6223,672,13655.25,30599.59
M69,Campaign 9,Facebook,2024-04-01,371111,17527,2787,5739.77,5510.26
M70,Campaign 3,Facebook,2024-06-18,127816,2597,277,4680.85,2718.52
M71,Campaign 6,Email,2024-12-11,432484,9481,1468,11934.34,14846.94
M72,Campaign 1,LinkedIn,2024-08-12,305882,4941,659,18498.11,27503.95
M73,Campaign 3,Email,2024-02-29,143846,1950,104,14624.52,15631.74
M74,Campaign 4,Instagram,2024-09-25,75695,1452,178,18595.17,35091.13
M75,Campaign 2,Google Ads,2024-07-22,263730,5965,368,16245.55,34020.11
M76,Campaign 3,Google Ads,2024-09-20,187096,6618,760,11164.98,36808.03
M77,Campaign 10,Instagram,2024-09-20,240850,4978,556,3735.57,3630.45
M78,Campaign 8,TikTok,2024-11-10,256790,5147,410,1832.91,4392.46
M79,Campaign 6,Facebook,2024-05-24,83238,1276,100,6735.74,4169.79
M80,Campaign 5,LinkedIn,2024-02-05,230779,5320,934,11391.71,45540.82
M81,Campaign 7,Google Ads,2024-11-02,371571,15048,2395,16435.56,29611.88
M82,Campaign 8,Email,2024-11-07,373122,9443,1652,13964.48,50976.94
M83,Campaign 3,LinkedIn,2024-12-26,329418,14447,1450,11362.14,21181.95
M84,Campaign 12,TikTok,2024-08-10,109156,1119,203,1462.82,1597.22
M85,Campaign 6,Google Ads,2024-06-30,366173,8044,991,18657.83,51519.91
M86,Campaign 7,TikTok,2024-01-14,138018,5869,911,16717.77,63838.85
M87,Campaign 9,LinkedIn,2024-03-19,120267,3757,541,1190.87,1321.64
M88,Campaign 5,LinkedIn,2024-03-18,382396,12339,784,19042.67,39379.86
M89,Campaign 5,TikTok,2024-12-23,276584,7336,1376,18575.11,62537.04
M90,Campaign 7,Instagram,2024-12-09,65289,1308,226,10861.92,21125.14
M91,Campaign 6,LinkedIn,2024-08-02,320278,11861,2162,18710.07,29417.18
M92,Campaign 11,TikTok,2024-05-30,286775,5778,1019,15964.12,45063.83
M93,Campaign 3,LinkedIn,2024-04-16,274502,5793,950,2298.14,9125.6
M94,Campaign 9,LinkedIn,2024-03-04,426003,17219,3214,3543.41,13421.87
M95,Campaign 11,Google Ads,2024-12-11,177546,5653,478,13129.25,35429.2
M96,Campaign 8,Facebook,2024-04-18,135024,5290,953,16828.49,37615.21
M97,Campaign 4,Facebook,2024-08-01,74244,2566,338,8737.45,19604.58
M98,Campaign 4,LinkedIn,2024-09-04,318296,10738,1749,14268.59,12263.61
M99,Campaign 5,Facebook,2024-03-18,267487,10941,1000,14894.23,19401.19
M100,Campaign 9,LinkedIn,2024-03-04,112872,1919,306,12410.26,38578.0
M101,Campaign 7,Instagram,2024-05-29,309114,7702,945,9733.1,36252.2
M102,Campaign 8,Google Ads,2024-06-19,270864,10785,790,11883.81,37012.63
M103,Campaign 3,Email,2024-10-02,400100,15729,1578,16367.87,40296.24
M104,Campaign 7,Email,2024-04-28,71794,1352,253,15908.47,48255.28
M105,Campaign 1,LinkedIn,2024-08-24,207611,7359,1304,14874.06,44448.32
M106,Campaign 1,Email,2024-06-06,259566,5614,730,13536.1,35188.36
M107,Campaign 4,Google Ads,2024-09-08,326815,6996,792,6058.23,7103.4
M108,Campaign 1,Google Ads,2024-04-09,237381,10750,886,19240.32,54312.74
M109,Campaign 11,Email,2024-03-09,22595,796,82,3762.26,5501.01
M110,Campaign 4,Google Ads,2024-10-26,164684,2331,412,16396.0,9979.34
M111,Campaign 9,TikTok,2024-10-28,289211,10653,1074,14659.68,57124.24
M112,Campaign 2,Email,2024-01-06,125531,4932,325,19566.81,63565.75
M113,Campaign 11,Google Ads,2024-09-19,265362,11273,1875,7917.66,29691.96
M114,Campaign 6,Instagram,2024-02-19,484749,5642,692,7895.91,16008.66
M115,Campaign 1,Facebook,2024-08-01,91843,1841,322,10583.27,18274.99
M116,Campaign 12,Email,2024-06-13,461960,7190,706,2682.21,9541.14
M117,Campaign 11,TikTok,2024-05-28,350264,12347,897,1321.0,769.43
M118,Campaign 8,Email,2024-12-07,242261,3572,603,1942.68,2596.74
M119,Campaign 7,Facebook,2024-06-14,165229,5287,684,19133.28,70639.21
M120,Campaign 12,Email,2024-09-13,14296,642,58,9981.62,18330.49
M121,Campaign 7,TikTok,2024-02-17,285175,3923,257,1359.98,2037.83
M122,Campaign 11,Facebook,2024-04-03,298544,13823,1523,19618.0,63430.86
M123,Campaign 1,TikTok,2024-06-10,129141,4343,804,19541.9,66623.02
M124,Campaign 10,LinkedIn,2024-01-14,326473,11164,1889,15856.99,31833.82
M125,Campaign 7,Facebook,2024-06-01,46206,2170,325,15954.5,13914.53
M126,Campaign 4,Google Ads,2024-03-09,130129,5686,932,3588.32,13963.58
M127,Campaign 12,TikTok,2024-06-11,481358,15609,1806,19107.88,12649.23
M128,Campaign 2,TikTok,2024-06-27,280468,4505,702,1111.21,1693.85
M129,Campaign 11,Google Ads,2024-04-07,118964,5916,1046,11237.96,30998.51
M130,Campaign 11,Instagram,2024-02-28,445493,21346,1846,19354.62,50191.78
M131,Campaign 2,Instagram,2024-09-27,365024,13157,750,17580.79,68995.31
M132,Campaign 3,Instagram,2024-03-03,446414,5426,634,16549.74,19633.38
M133,Campaign 3,Email,2024-02-24,194275,2758,319,1175.99,1304.78
M134,Campaign 7,Google Ads,2024-05-07,330751,3856,444,774.2,3023.93
M135,Campaign 12,Google Ads,2024-11-20,238555,10037,924,14765.26,42200.84
M136,Campaign 3,LinkedIn,2024-03-22,491803,15040,2013,745.02,2356.14
M137,Campaign 9,Google Ads,2024-04-30,222652,3580,590,17440.88,38515.63
M138,Campaign 10,Facebook,2024-07-18,394043,4359,373,4374.34,7619.18
M139,Campaign 11,Google Ads,2024-10-27,379407,10011,1722,2898.03,10556.26
M140,Campaign 11,Facebook,2024-04-29,202133,3383,248,4868.28,8245.25
M141,Campaign 12,Email,2024-07-09,155551,3541,292,17471.98,11770.95
M142,Campaign 6,LinkedIn,2024-05-12,16047,716,101,7541.86,18125.61
M143,Campaign 6,Google Ads,2024-04-03,411827,6977,594,9549.8,12818.17
M144,Campaign 10,Email,2024-09-13,150064,2928,508,13566.62,33360.17
M145,Campaign 3,Facebook,2024-08-11,322193,6592,859,651.56,1964.14
M146,Campaign 10,Instagram,2024-02-09,358230,12084,1844,15571.13,25720.11
M147,Campaign 9,Instagram,2024-02-01,276110,9911,575,9741.64,6137.91
M148,Campaign 7,TikTok,2024-06-14,250777,10322,820,3726.97,3633.59
M149,Campaign 9,Instagram,2024-10-30,182115,8604,584,19805.57,22691.87
M150,Campaign 10,Facebook,2024-12-22,462276,10540,1634,12585.61,26786.93
M151,Campaign 8,TikTok,2024-07-30,205148,6774,1137,6356.22,8285.79
M152,Campaign 5,LinkedIn,2024-05-13,270920,13148,1556,9587.7,36945.68
M153,Campaign 4,Email,2024-02-03,159410,5127,949,12945.51,25807.8
M154,Campaign 12,LinkedIn,2024-03-12,23945,528,63,6088.16,19742.57
M155,Campaign 1,LinkedIn,2024-05-09,318117,14714,911,1116.32,1647.52
M156,Campaign 9,LinkedIn,2024-01-10,274957,8946,1033,18819.64,74593.37
M157,Campaign 8,Email,2024-04-14,322543,7115,806,2295.99,4941.92
M158,Campaign 5,Facebook,2024-08-12,63708,1976,380,17532.08,59185.4
M159,Campaign 1,Google Ads,2024-02-03,260611,11322,1724,1350.4,3613.36
M160,Campaign 8,Facebook,2024-12-13,277886,5664,658,17691.32,41342.73
M161,Campaign 3,Instagram,2024-06-16,463532,6224,742,9877.29,10628.1
M162,Campaign 1,Email,2024-08-30,219391,4188,301,7211.21,26064.22
M163,Campaign 7,Instagram,2024-10-25,88739,983,172,17953.3,25671.46
M164,Campaign 2,TikTok,2024-04-22,379152,12595,1532,13423.68,39483.23
M165,Campaign 4,Google Ads,2024-01-13,76017,2306,345,10590.71,29969.79
M166,Campaign 10,TikTok,2024-09-24,457828,20890,1312,9425.58,33014.12
M167,Campaign 8,LinkedIn,2024-05-14,357089,17812,968,7751.04,8122.32
M168,Campaign 4,TikTok,2024-10-27,170527,7628,1427,9900.42,37902.5
M169,Campaign 5,Google Ads,2024-07-15,154397,2967,461,16663.3,58763.57
M170,Campaign 12,Instagram,2024-09-30,398911,5802,730,17309.62,26645.32
M171,Campaign 7,Email,2024-01-23,256222,12025,2375,19270.87,51067.65
M172,Campaign 9,LinkedIn,2024-05-27,408068,16011,1730,8505.73,7362.9
M173,Campaign 2,LinkedIn,2024-06-11,185430,4716,839,3203.69,1971.68
M174,Campaign 9,TikTok,2024-04-09,197702,4507,348,16160.34,38210.28
M175,Campaign 5,Instagram,2024-07-21,499771,23367,3019,6755.37,7546.0
M176,Campaign 6,Google Ads,2024-12-25,227687,3516,338,19291.16,72924.02
M177,Campaign 11,Email,2024-07-22,465354,22627,3303,8489.63,9262.61
M178,Campaign 6,Instagram,2024-10-11,241927,5956,361,15396.9,31481.96
M179,Campaign 4,TikTok,2024-07-07,49937,2244,231,16598.54,33515.29
M180,Campaign 4,TikTok,2024-11-13,425764,14608,2558,13935.11,11561.05
M181,Campaign 3,Google Ads,2024-05-20,361249,17569,3061,6362.78,5877.82
M182,Campaign 7,Email,2024-04-26,463527,13424,845,16368.95,26236.33
M183,Campaign 11,Facebook,2024-11-02,41435,553,88,10378.79,18560.26
M184,Campaign 7,Facebook,2024-09-09,433906,19227,1171,4953.72,7952.1
M185,Campaign 4,Facebook,2024-11-16,343196,12862,1522,11862.08,17748.0
M186,Campaign 9,Facebook,2024-05-06,300230,3753,488,19318.98,71191.95
M187,Campaign 7,Instagram,2024-05-15,246356,8743,1127,5065.22,4234.87
M188,Campaign 10,TikTok,2024-09-29,401988,7397,786,2294.15,7469.69
M189,Campaign 11,Instagram,2024-07-14,488100,17502,1159,6593.75,13780.59
M190,Campaign 2,LinkedIn,2024-06-13,468843,18526,3255,5336.1,12503.23
M191,Campaign 11,Google Ads,2024-09-21,199572,6609,1151,4258.42,14057.39
M192,Campaign 4,Google Ads,2024-07-18,261184,4121,684,13719.46,17929.94
M193,Campaign 5,Instagram,2024-06-01,404814,7553,1254,7107.96,24981.64
M194,Campaign 12,Instagram,2024-07-23,318762,7262,1326,3686.89,10195.45
M195,Campaign 8,TikTok,2024-07-22,319872,8726,1405,14167.58,17843.04
M196,Campaign 8,LinkedIn,2024-03-15,106176,1963,196,7799.28,17206.12
M197,Campaign 11,Instagram,2024-09-16,219610,4086,226,2217.02,8681.58
M198,Campaign 1,Facebook,2024-08-27,486539,23643,2448,7051.95,22811.04
M199,Campaign 11,Google Ads,2024-09-25,476525,16236,1349,1769.13,3948.12
M200,Campaign 8,LinkedIn,2024-10-22,106887,4556,910,19473.71,32622.89
M201,Campaign 7,TikTok,2024-09-14,174315,3265,623,15474.51,59971.93
M202,Campaign 2,LinkedIn,2024-06-20,352773,10879,711,5529.99,15473.3
M203,Campaign 5,Google Ads,2024-08-14,371559,11289,1258,5643.72,6214.87
M204,Campaign 12,Instagram,2024-12-28,157470,2370,185,7077.88,25339.81
M205,Campaign 6,LinkedIn,2024-12-17,365788,17038,1099,13786.65,13206.7
M206,Campaign 12,TikTok,2024-11-13,200519,7146,646,1655.63,5046.65
M207,Campaign 9,LinkedIn,2024-11-29,32363,1273,157,14245.41,28505.47
M208,Campaign 1,Facebook,2024-12-05,426354,20896,1804,16175.15,46210.03
M209,Campaign 2,Instagram,2024-11-18,488419,11462,1385,13441.56,13075.29
M210,Campaign 5,LinkedIn,2024-05-24,484621,20537,3002,7199.31,26540.29
M211,Campaign 10,Facebook,2024-01-11,128196,6020,641,18787.37,63568.39
M212,Campaign 9,Instagram,2024-07-07,276964,6549,1087,9434.84,6151.89
M213,Campaign 7,Google Ads,2024-11-08,93004,1062,84,4781.46,10895.11
M214,Campaign 4,Email,2024-01-23,483773,21909,2890,7098.24,15949.68
M215,Campaign 2,Facebook,2024-06-09,300666,6661,715,15636.9,30215.96
M216,Campaign 9,Google Ads,2024-01-30,109595,1869,314,3741.62,9241.9
M217,Campaign 6,LinkedIn,2024-09-20,285618,8025,1374,4068.63,8577.65
M218,Campaign 6,Instagram,2024-11-25,51430,710,39,10182.41,30638.98
M219,Campaign 7,TikTok,2024-07-12,162010,3298,524,16000.09,37893.17
M220,Campaign 7,Email,2024-09-28,146567,1521,162,15401.77,49316.53
M221,Campaign 9,Google Ads,2024-10-06,328212,14848,850,8320.73,15804.08
M222,Campaign 1,TikTok,2024-03-29,270249,8659,1671,14485.29,48338.57
M223,Campaign 9,TikTok,2024-02-14,399478,9106,816,18196.47,48363.18
M224,Campaign 1,Facebook,2024-04-30,373231,15610,3066,4962.93,7536.75
M225,Campaign 4,Google Ads,2024-06-24,12530,210,37,13658.89,28049.61
M226,Campaign 7,Google Ads,2024-05-12,497791,19673,2872,8063.31,31505.73
M227,Campaign 12,Google Ads,2024-06-26,252945,4825,266,9294.79,34926.67
M228,Campaign 10,Instagram,2024-04-07,168639,2285,118,15248.59,28109.27
M229,Campaign 9,Instagram,2024-01-13,435828,11836,712,9162.06,25624.07
M230,Campaign 12,Email,2024-12-17,407411,14868,1282,17164.81,43668.43
M231,Campaign 5,Google Ads,2024-05-12,31151,1372,236,18394.75,62332.4
M232,Campaign 1,Facebook,2024-03-06,194467,2101,181,5636.17,19780.92
M233,Campaign 8,Google Ads,2024-10-20,183704,2560,461,18243.37,31464.35
M234,Campaign 2,Google Ads,2024-07-30,280366,10601,665,19461.99,11804.51
M235,Campaign 11,Email,2024-07-26,182472,7333,1234,13791.8,50155.54
M236,Campaign 5,Email,2024-01-13,485852,19733,2729,17754.08,15456.99
M237,Campaign 3,Facebook,2024-10-07,299902,3346,439,9391.88,10707.89
M238,Campaign 2,Google Ads,2024-05-31,304171,4720,382,15114.83,31917.15
M239,Campaign 1,Facebook,2024-04-24,336559,11240,1783,18047.13,15347.99
M240,Campaign 10,Instagram,2024-05-01,440882,7415,587,8164.0,27807.11
M241,Campaign 4,TikTok,2024-04-03,271441,6864,1108,13519.76,15822.61
M242,Campaign 3,Google Ads,2024-11-22,299126,14933,1128,2979.51,3810.11
M243,Campaign 12,Facebook,2024-04-11,274268,8734,1247,4069.88,7550.6
M244,Campaign 12,Google Ads,2024-06-30,493840,9295,1794,17743.33,21397.0
M245,Campaign 4,LinkedIn,2024-09-18,376000,13882,1745,15496.24,45429.61
M246,Campaign 4,TikTok,2024-01-06,400696,11375,1278,17884.38,41300.85
M247,Campaign 8,Instagram,2024-07-22,121113,2918,178,6396.12,5908.35
M248,Campaign 5,Google Ads,2024-05-07,495713,22481,4473,7798.96,13454.3
M249,Campaign 5,Facebook,2024-06-09,439513,19685,3565,11834.43,20210.36
M250,Campaign 7,LinkedIn,2024-10-19,125492,4056,288,19803.35,31354.43
M251,Campaign 8,Google Ads,2024-02-08,277379,4112,276,16779.74,65904.79
M252,Campaign 9,TikTok,2024-06-10,49746,2441,184,16345.57,43821.97
M253,Campaign 9,Instagram,2024-10-01,408014,17644,1987,1376.18,3463.69
M254,Campaign 3,Instagram,2024-11-13,150902,7354,1131,4035.1,8503.6
M255,Campaign 11,Instagram,2024-11-30,359413,7863,1280,19958.56,65219.32
M256,Campaign 1,Facebook,2024-11-08,167442,7626,1315,4617.92,5752.81
M257,Campaign 8,Google Ads,2024-07-27,156391,1593,189,2905.32,2326.42
M258,Campaign 2,TikTok,2024-06-02,224836,2492,431,6074.11,20336.17
M259,Campaign 3,Instagram,2024-03-14,399505,16681,2546,8694.58,8377.44
M260,Campaign 9,LinkedIn,2024-08-06,267992,4566,833,18580.53,10598.6
M261,Campaign 6,Facebook,2024-06-27,37130,696,77,7999.15,18997.07
M262,Campaign 12,TikTok,2024-10-14,142037,2120,268,891.4,3552.86
M263,Campaign 8,Google Ads,2024-04-10,397270,6996,1246,8073.98,26035.3
M264,Campaign 6,LinkedIn,2024-07-07,66157,2881,539,12354.95,13510.84
M265,Campaign 9,LinkedIn,2024-09-29,491996,22271,1689,8574.86,15364.13
M266,Campaign 10,Google Ads,2024-05-14,25974,292,32,13464.81,37165.12
M267,Campaign 11,LinkedIn,2024-07-18,95070,3712,323,4576.9,5373.85
M268,Campaign 7,LinkedIn,2024-02-25,458613,17077,2010,6606.7,10554.69
M269,Campaign 5,Facebook,2024-04-04,149520,5766,434,11803.89,44213.84
M270,Campaign 11,Facebook,2024-04-19,157192,6634,344,4906.22,7176.13
M271,Campaign 10,Instagram,2024-11-26,267953,8025,746,14621.41,7851.39
M272,Campaign 11,Email,2024-12-09,103388,2860,193,5927.53,17189.54
M273,Campaign 8,Email,2024-02-19,235346,5681,399,19438.85,54379.09
M274,Campaign 7,Email,2024-08-03,409738,9765,518,12894.57,35197.94
M275,Campaign 7,Facebook,2024-10-06,34153,1010,127,14025.31,44862.41
M276,Campaign 11,Google Ads,2024-12-12,463838,5807,332,13458.29,50469.5
M277,Campaign 3,Google Ads,2024-12-29,123459,6125,861,13610.3,7230.75
M278,Campaign 8,Instagram,2024-10-04,296043,12113,2362,6658.87,19414.22
M279,Campaign 9,TikTok,2024-08-22,430943,14037,1913,4135.45,7736.36
M280,Campaign 12,Instagram,2024-07-23,304115,7203,1348,8280.9,24796.86
M281,Campaign 11,Google Ads,2024-05-15,399052,11445,1260,16550.31,21677.73
M282,Campaign 7,TikTok,2024-05-16,321327,8690,1342,18185.79,19597.92
M283,Campaign 12,LinkedIn,2024-12-09,316144,14922,1707,2451.39,7480.93
M284,Campaign 2,Google Ads,2024-08-08,200698,2088,220,10063.79,37249.63
M285,Campaign 8,LinkedIn,2024-03-17,409403,9839,1415,9315.72,15047.44
M286,Campaign 4,Instagram,2024-04-09,31353,1240,218,6486.06,25924.88
M287,Campaign 10,Instagram,2024-06-12,202329,4290,283,7861.52,14081.47
M288,Campaign 2,Email,2024-04-26,390749,10135,1710,10293.89,37162.75
M289,Campaign 11,Google Ads,2024-02-09,89426,3375,263,13466.84,50124.59
M290,Campaign 1,Instagram,2024-09-01,188102,4305,226,9153.75,33096.53
M291,Campaign 11,TikTok,2024-10-11,119082,4830,871,10585.8,8714.64
M292,Campaign 4,Instagram,2024-10-15,92703,2208,135,4010.1,9183.09
M293,Campaign 4,TikTok,2024-09-01,280888,9999,1025,2991.81,8239.72
M294,Campaign 5,TikTok,2024-05-09,178305,8417,699,14418.11,26873.75
M295,Campaign 9,Email,2024-08-14,177894,6670,860,14576.37,38943.64
M296,Campaign 7,LinkedIn,2024-01-25,200199,2422,231,13404.74,23000.31
M297,Campaign 9,Google Ads,2024-03-15,348890,11926,1201,3006.73,7998.02
M298,Campaign 4,Google Ads,2024-03-23,113472,5220,383,18453.99,62985.77
M299,Campaign 5,Facebook,2024-05-19,450324,15807,1807,18901.46,64847.22
M300,Campaign 7,LinkedIn,2024-08-11,258305,7765,860,15996.98,18770.76
M301,Campaign 8,Facebook,2024-05-15,216349,3876,474,9474.45,25159.62
M302,Campaign 2,Instagram,2024-11-07,447349,21183,3479,8555.55,14257.61
M303,Campaign 1,Facebook,2024-10-21,415791,18244,2462,19979.4,38537.85
M304,Campaign 1,LinkedIn,2024-04-06,184110,6363,950,3743.46,2795.53
M305,Campaign 9,Facebook,2024-02-07,29624,866,74,17662.31,19212.6
M306,Campaign 3,Instagram,2024-11-29,280686,5065,831,11795.74,15506.63
M307,Campaign 1,LinkedIn,2024-01-15,22792,647,102,15759.74,23591.77
M308,Campaign 1,TikTok,2024-07-19,320282,6935,1167,12383.3,41510.03
M309,Campaign 3,LinkedIn,2024-12-01,15663,281,36,14174.31,23871.23
M310,Campaign 11,Facebook,2024-05-26,498702,20739,1688,4033.77,3180.85
M311,Campaign 5,Email,2024-07-20,355095,7052,993,14334.18,19987.0
M312,Campaign 7,Google Ads,2024-05-27,270673,6032,845,16078.87,23754.76
M313,Campaign 7,Email,2024-11-27,336515,8087,1591,6545.3,5394.08
M314,Campaign 9,Email,2024-12-05,199089,4366,301,4770.97,15190.09
M315,Campaign 3,LinkedIn,2024-08-11,156067,6117,830,13763.17,16198.91
M316,Campaign 12,TikTok,2024-02-25,157915,6892,575,15685.01,53241.22
M317,Campaign 10,Google Ads,2024-12-22,475613,7207,1234,4776.67,2771.55
M318,Campaign 12,Instagram,2024-12-25,147934,6351,997,12139.56,21381.73
M319,Campaign 11,Instagram,2024-01-23,247300,4963,755,8667.93,27723.64
M320,Campaign 10,TikTok,2024-12-15,138067,4884,275,15298.73,40732.27
M321,Campaign 4,Email,2024-11-19,157539,6942,595,18939.84,14645.15
M322,Campaign 4,Facebook,2024-06-30,47799,1536,217,15819.49,62670.38
M323,Campaign 11,Instagram,2024-02-02,158743,1672,136,14123.94,55445.35
M324,Campaign 3,Email,2024-06-27,288134,12886,1873,5946.29,12900.26
M325,Campaign 6,Google Ads,2024-04-10,489722,22808,3284,2642.66,2971.82
M326,Campaign 9,Facebook,2024-12-14,436316,6188,1020,10092.19,10426.85
M327,Campaign 10,LinkedIn,2024-09-27,415488,18054,2081,4630.71,2927.23
M328,Campaign 12,Facebook,2024-07-01,317515,15806,1377,1547.44,3643.23
M329,Campaign 1,Instagram,2024-05-10,154410,2470,486,5059.5,9029.96
M330,Campaign 8,Email,2024-05-15,22068,688,82,19984.99,64671.74
M331,Campaign 6,Instagram,2024-06-06,309607,11789,2209,6431.62,20863.37
M332,Campaign 11,Facebook,2024-09-28,85705,3903,294,14097.37,8153.08
M333,Campaign 2,TikTok,2024-08-13,128223,6398,693,8141.05,7504.78
M334,Campaign 8,Instagram,2024-06-04,353105,13125,2340,7051.29,19163.23
M335,Campaign 1,Facebook,2024-04-26,481491,23528,2147,5067.13,9710.42
M336,Campaign 2,Email,2024-09-02,472373,14534,1418,6699.9,7916.69
M337,Campaign 7,TikTok,2024-09-06,198580,9921,1381,16821.79,46649.56
M338,Campaign 10,Facebook,2024-12-27,290196,5704,619,19213.65,71544.1
M339,Campaign 1,Facebook,2024-12-26,271224,6226,912,18087.07,13864.53
M340,Campaign 3,Email,2024-03-12,33934,1096,62,925.04,2795.29
M341,Campaign 3,Instagram,2024-12-18,110176,4541,371,14385.3,9703.41
M342,Campaign 7,Instagram,2024-01-19,367287,4698,587,8035.06,8132.49
M343,Campaign 10,LinkedIn,2024-10-07,130155,6307,638,16190.82,54222.88
M344,Campaign 7,Facebook,2024-11-22,265482,7375,1262,9914.08,16202.61
M345,Campaign 12,Facebook,2024-09-20,246222,9786,747,17826.33,11389.36
M346,Campaign 10,Instagram,2024-09-23,410117,11563,1191,16874.1,47474.53
M347,Campaign 5,Email,2024-02-25,101216,3207,325,5179.53,14487.98
M348,Campaign 5,TikTok,2024-01-16,492226,13919,1956,7717.59,23029.79
M349,Campaign 2,Google Ads,2024-06-04,447811,20383,2662,6852.96,22279.23
M350,Campaign 11,Email,2024-07-10,372291,11067,1976,11923.98,25203.79
M351,Campaign 11,Facebook,2024-08-18,226859,3963,518,3124.29,4234.78
M352,Campaign 11,TikTok,2024-10-13,224143,3832,192,19461.18,67130.11
M353,Campaign 11,Facebook,2024-12-02,333425,9712,1896,19817.44,75617.55
M354,Campaign 6,LinkedIn,2024-04-05,456767,21491,1819,10134.02,25224.08
M355,Campaign 1,LinkedIn,2024-01-15,315686,3843,685,520.8,1319.78
M356,Campaign 5,LinkedIn,2024-03-17,156720,1745,317,17412.31,54832.77
M357,Campaign 8,LinkedIn,2024-02-17,476477,15033,1937,13709.11,12679.95
M358,Campaign 6,LinkedIn,2024-01-26,114013,4453,769,19870.0,26368.01
M359,Campaign 2,Google Ads,2024-11-27,376649,15477,3034,13197.59,39974.76
M360,Campaign 9,Google Ads,2024-06-16,388837,8259,1572,14353.23,15413.43
M361,Campaign 5,TikTok,2024-02-09,30728,1392,221,9802.29,24864.63
M362,Campaign 12,TikTok,2024-03-01,290950,12900,1999,1375.32,2783.83
M363,Campaign 5,Google Ads,2024-11-16,103406,4178,445,6192.48,3530.2
M364,Campaign 5,Instagram,2024-11-25,269305,2722,357,16659.52,19046.56
M365,Campaign 1,Facebook,2024-01-17,139309,2899,319,14546.34,20219.87
M366,Campaign 9,Google Ads,2024-04-25,280842,7216,963,13325.51,47143.42
M367,Campaign 12,LinkedIn,2024-07-31,430119,6357,765,9385.17,20081.45
M368,Campaign 11,Google Ads,2024-03-09,498177,15067,2711,1767.74,1348.08
M369,Campaign 9,Facebook,2024-07-12,373659,16242,1014,10461.88,13893.02
M370,Campaign 8,LinkedIn,2024-05-28,291120,5091,960,13836.92,49544.73
M371,Campaign 2,TikTok,2024-07-05,415223,18504,1463,19235.07,64232.55
M372,Campaign 9,Facebook,2024-05-25,26627,1157,120,5485.88,12499.45
M373,Campaign 4,Facebook,2024-08-02,329930,6019,602,8536.06,22332.41
M374,Campaign 12,Email,2024-12-06,82053,3732,518,16595.86,28172.58
M375,Campaign 10,LinkedIn,2024-12-30,57768,2134,353,5786.8,11819.24
M376,Campaign 3,Email,2024-09-14,224360,3695,372,16784.11,59172.46
M377,Campaign 9,Google Ads,2024-06-13,368527,13653,2277,13598.24,8293.84
M378,Campaign 9,Instagram,2024-08-10,32902,1003,175,2120.14,3746.18
M379,Campaign 2,TikTok,2024-01-04,93665,1109,145,10402.69,26327.44
M380,Campaign 9,Facebook,2024-04-12,241547,8441,424,10428.05,19432.15
M381,Campaign 1,Instagram,2024-03-16,86187,1699,165,15326.18,30733.82
M382,Campaign 7,TikTok,2024-07-13,202300,5359,304,12749.36,6583.99
M383,Campaign 1,LinkedIn,2024-09-19,308470,12075,1821,19759.85,26540.43
M384,Campaign 11,TikTok,2024-05-08,339317,12989,1267,19465.79,23220.08
M385,Campaign 3,Email,2024-09-30,347636,8846,1411,3290.53,7404.32
M386,Campaign 2,LinkedIn,2024-04-15,95091,1168,229,10118.51,35303.34
M387,Campaign 7,Instagram,2024-02-27,239990,3820,618,1879.96,3777.68
M388,Campaign 7,LinkedIn,2024-09-27,384738,18171,3080,9185.6,20235.29
M389,Campaign 10,TikTok,2024-06-29,386606,13373,1448,8790.0,6527.57
M390,Campaign 8,LinkedIn,2024-12-12,205598,7829,1250,13901.53,15405.32
M391,Campaign 9,Instagram,2024-06-03,21065,789,123,3760.17,10069.11
M392,Campaign 10,Instagram,2024-09-30,450398,16995,1937,5822.12,13737.6
M393,Campaign 6,Google Ads,2024-10-19,493601,19074,3596,14324.89,38126.75
M394,Campaign 9,LinkedIn,2024-09-28,23021,471,58,2165.76,3250.81
M395,Campaign 5,Instagram,2024-12-12,337896,11786,2020,8110.97,7488.77
M396,Campaign 11,Email,2024-09-22,24158,785,52,4728.85,13725.46
M397,Campaign 11,Instagram,2024-02-28,122253,5603,902,13632.05,32704.01
M398,Campaign 8,Email,2024-07-25,37992,1370,246,5395.52,10089.94
M399,Campaign 1,LinkedIn,2024-12-24,249801,9883,1265,12937.53,22060.05
M400,Campaign 10,Instagram,2024-05-11,287874,3658,655,8691.14,29365.86
M401,Campaign 9,Email,2024-07-16,415023,18005,2399,5283.56,9524.61
M402,Campaign 2,Email,2024-03-21,22001,267,15,13617.76,49181.33
M403,Campaign 9,TikTok,2024-08-28,401892,5579,939,9475.59,24327.55
M404,Campaign 4,LinkedIn,2024-10-12,433228,14966,1508,3382.39,6540.19
M405,Campaign 1,TikTok,2024-06-22,140659,2807,545,10587.58,22115.68
M406,Campaign 8,Instagram,2024-03-21,219824,3262,195,11324.75,11436.08
M407,Campaign 6,LinkedIn,2024-01-03,216166,7148,1193,1359.48,1468.57
M408,Campaign 4,Email,2024-12-23,310054,14274,1760,16708.0,26193.14
M409,Campaign 3,Facebook,2024-04-09,225351,7589,555,18964.74,65404.64
M410,Campaign 1,Instagram,2024-11-09,117409,5284,362,15529.16,39338.97
M411,Campaign 5,Instagram,2024-11-24,293277,13427,2479,7522.43,20866.6
M412,Campaign 5,LinkedIn,2024-06-08,243144,7616,1051,1539.88,2020.11
M413,Campaign 6,Email,2024-10-20,486631,12169,1514,11487.64,20147.6
M414,Campaign 6,Google Ads,2024-11-23,458159,16040,2582,12773.39,11785.9
M415,Campaign 10,Instagram,2024-06-25,137605,5298,985,14758.74,38291.15
M416,Campaign 8,Instagram,2024-09-20,311338,15245,1738,13634.98,54370.61
M417,Campaign 4,Google Ads,2024-09-19,30958,393,68,5721.56,19916.32
M418,Campaign 8,TikTok,2024-07-19,468676,17623,2455,18175.61,55795.79
M419,Campaign 5,LinkedIn,2024-12-23,378355,9780,1155,16608.3,10021.41
M420,Campaign 4,Google Ads,2024-08-29,418727,6011,1021,7381.09,26523.49
M421,Campaign 8,Email,2024-04-15,180954,5437,1085,17570.74,45391.79
M422,Campaign 10,Google Ads,2024-10-03,27803,785,111,12418.78,10657.46
M423,Campaign 2,TikTok,2024-05-25,107921,1859,178,18224.96,35870.73
M424,Campaign 11,Instagram,2024-04-06,278889,9172,684,10078.65,22091.58
M425,Campaign 4,Facebook,2024-09-28,246865,7064,545,11417.1,21431.43
M426,Campaign 9,LinkedIn,2024-12-14,209388,4426,312,3141.69,7720.6
M427,Campaign 3,Facebook,2024-10-08,422396,5502,1075,18782.47,26474.06
M428,Campaign 4,Email,2024-03-05,54261,1577,175,6394.66,9648.95
M429,Campaign 10,Facebook,2024-07-23,71536,1083,170,15853.66,16543.22
M430,Campaign 3,TikTok,2024-01-10,165053,3595,528,16125.3,55740.09
M431,Campaign 1,LinkedIn,2024-07-06,349935,14656,2274,14542.23,55139.39
M432,Campaign 10,LinkedIn,2024-01-04,403508,10562,1203,9038.33,23342.82
M433,Campaign 7,Google Ads,2024-10-08,141190,5417,940,9353.68,19373.56
M434,Campaign 2,Google Ads,2024-03-11,232699,4550,557,13625.18,29393.92
M435,Campaign 10,TikTok,2024-12-08,330815,14726,2447,4115.4,8292.85
M436,Campaign 5,Facebook,2024-05-01,465484,12650,681,12586.07,32075.97
M437,Campaign 5,LinkedIn,2024-10-27,480386,17389,3219,15112.39,51777.5
M438,Campaign 1,Instagram,2024-04-23,105832,4396,515,17745.58,23077.6
M439,Campaign 8,Email,2024-05-21,281669,3628,384,3685.32,5464.19
M440,Campaign 6,Google Ads,2024-07-16,453580,21885,2226,5383.87,3874.96
M441,Campaign 9,Instagram,2024-05-11,284159,4222,371,18470.33,35812.15
M442,Campaign 7,Email,2024-08-11,236743,5339,650,3751.97,3718.02
M443,Campaign 5,TikTok,2024-04-07,159361,2647,402,19814.3,77559.55
M444,Campaign 12,Email,2024-03-31,152353,1523,181,18325.23,73235.5
M445,Campaign 5,Facebook,2024-02-20,46806,519,75,1767.92,6443.63
M446,Campaign 4,Facebook,2024-03-23,235123,10446,663,3889.09,4711.09
M447,Campaign 7,Instagram,2024-04-14,309184,13866,2607,14162.01,41772.11
M448,Campaign 9,TikTok,2024-02-06,87335,1545,96,2255.59,3356.18
M449,Campaign 7,Facebook,2024-07-17,448546,14579,1820,6441.68,4994.1
M450,Campaign 2,Facebook,2024-08-24,397333,7334,1218,10072.89,31702.11
M451,Campaign 6,LinkedIn,2024-11-22,198560,5412,298,18145.81,62232.19
M452,Campaign 3,Google Ads,2024-05-23,314376,15251,1278,6422.21,11117.19
M453,Campaign 12,Email,2024-10-05,318861,9571,1036,6187.73,19928.11
M454,Campaign 10,LinkedIn,2024-11-15,87175,2901,404,18519.75,30588.62
M455,Campaign 3,Facebook,2024-10-10,412926,6556,1278,14831.08,58954.19
M456,Campaign 11,Email,2024-02-03,210752,8416,1490,3136.82,10064.03
M457,Campaign 7,Email,2024-06-28,329988,5867,963,11524.82,20580.41
M458,Campaign 12,Google Ads,2024-06-08,299916,14825,1566,11198.58,21516.79
M459,Campaign 4,TikTok,2024-07-13,27702,528,42,14272.91,43652.02
M460,Campaign 4,LinkedIn,2024-06-21,121758,6044,373,8079.94,18963.38
M461,Campaign 6,Google Ads,2024-03-10,146140,5579,849,16016.55,47176.42
M462,Campaign 10,Email,2024-01-25,261535,2788,417,16031.0,47429.88
M463,Campaign 10,LinkedIn,2024-02-01,72620,2029,135,6246.86,19859.43
M464,Campaign 11,Email,2024-10-08,461142,14047,1096,4646.54,5636.39
M465,Campaign 8,Instagram,2024-02-03,133285,1978,247,18147.69,54427.86
M466,Campaign 8,Facebook,2024-07-20,470961,12254,2166,14555.63,32245.67
M467,Campaign 3,Email,2024-03-27,162440,4014,414,9681.67,24863.82
M468,Campaign 6,LinkedIn,2024-09-03,312747,11020,1499,10054.5,23340.02
M469,Campaign 7,Google Ads,2024-12-04,166251,3536,433,15713.71,17646.08
M470,Campaign 5,Instagram,2024-02-25,188296,4070,778,7196.86,17369.0
M471,Campaign 6,Google Ads,2024-09-13,137136,5552,982,15832.86,62511.37
M472,Campaign 9,Google Ads,2024-04-28,369837,12838,901,14607.7,20878.98
M473,Campaign 11,Instagram,2024-12-05,340144,10371,1134,17634.55,41093.4
M474,Campaign 3,Facebook,2024-06-18,274448,7489,519,12992.77,49415.8
M475,Campaign 4,Facebook,2024-12-04,160693,5979,820,14403.76,11785.73
M476,Campaign 4,LinkedIn,2024-07-15,81607,2304,260,5262.86,9771.89
M477,Campaign 6,Email,2024-12-09,245827,5684,1122,15604.21,46981.29
M478,Campaign 3,Instagram,2024-01-11,405882,5611,964,18597.93,57863.38
M479,Campaign 1,LinkedIn,2024-08-10,85433,3327,323,4234.93,5396.11
M480,Campaign 1,Google Ads,2024-07-12,46755,753,140,13404.63,32542.46
M481,Campaign 3,LinkedIn,2024-12-18,379874,10740,1643,13928.79,38539.4
M482,Campaign 4,Instagram,2024-11-10,69149,2850,463,12788.78,32948.32
M483,Campaign 5,Google Ads,2024-06-29,343357,6991,1038,15170.99,32682.21
M484,Campaign 9,Google Ads,2024-11-28,91700,4315,641,15859.03,37616.72
M485,Campaign 2,TikTok,2024-06-22,20730,663,43,1794.21,4020.04
M486,Campaign 11,Facebook,2024-04-20,133308,1560,189,18262.65,14922.81
M487,Campaign 12,Email,2024-05-15,137023,3421,517,17914.09,33983.55
M488,Campaign 6,Google Ads,2024-07-31,334569,4988,374,14394.8,13156.09
M489,Campaign 10,Google Ads,2024-02-12,193550,8915,1747,12876.89,46748.44
M490,Campaign 4,Facebook,2024-12-28,337489,8086,927,12962.81,50093.06
M491,Campaign 12,TikTok,2024-09-23,158032,2317,138,2452.16,8909.47
M492,Campaign 1,Email,2024-12-29,281589,9321,1340,2542.64,5511.25
M493,Campaign 2,Email,2024-05-17,190587,2460,320,3956.13,3014.42
M494,Campaign 7,TikTok,2024-03-12,86221,3531,236,15121.3,35070.94
M495,Campaign 9,TikTok,2024-01-27,31058,1342,227,9462.3,27629.3
M496,Campaign 1,Instagram,2024-11-09,486820,19624,3396,13245.45,51642.16
M497,Campaign 11,Facebook,2024-07-14,478749,19076,1161,10937.31,36769.37
M498,Campaign 2,Google Ads,2024-08-07,10998,469,87,4961.98,6815.47
M499,Campaign 2,Google Ads,2024-06-24,204552,10155,1995,12100.78,22160.63
M500,Campaign 1,TikTok,2024-11-24,215886,8589,1388,13992.94,36000.48
M501,Campaign 11,Facebook,2024-12-16,198257,7809,1140,9531.35,8454.67
M502,Campaign 3,LinkedIn,2024-02-26,256603,5341,713,541.89,880.89
M503,Campaign 11,Google Ads,2024-12-11,17622,687,79,6683.75,21628.44
M504,Campaign 12,Facebook,2024-10-13,437363,20180,1570,9268.74,6933.75
M505,Campaign 11,Facebook,2024-05-26,26544,942,86,14736.89,9346.89
M506,Campaign 6,Instagram,2024-12-27,376758,13202,1066,18962.84,72323.68
M507,Campaign 11,LinkedIn,2024-01-02,252608,5870,1039,5942.91,21554.49
M508,Campaign 4,Google Ads,2024-06-11,28459,529,68,4848.85,18583.31
M509,Campaign 9,Google Ads,2024-05-15,221644,4777,350,13028.82,51490.12
M510,Campaign 6,Instagram,2024-11-07,121227,1835,169,16463.77,27036.85
M511,Campaign 10,Email,2024-09-09,107358,2775,501,3275.39,3941.0
M512,Campaign 12,Facebook,2024-02-18,489555,18299,3148,13850.27,15411.03
M513,Campaign 11,TikTok,2024-07-13,218303,4775,514,10336.74,9405.32
M514,Campaign 10,Instagram,2024-12-05,19191,951,115,16710.45,55597.71
M515,Campaign 2,Facebook,2024-04-19,239424,3215,599,19362.23,72064.27
M516,Campaign 7,Instagram,2024-04-11,175405,7888,1452,17427.76,10542.95
M517,Campaign 2,LinkedIn,2024-11-25,447955,15782,3146,15809.39,37823.64
M518,Campaign 8,Facebook,2024-09-11,24482,248,49,5578.72,12900.14
M519,Campaign 6,Email,2024-12-08,30379,1359,168,6809.38,3537.07
M520,Campaign 10,Email,2024-01-14,406409,12212,1725,12107.34,46026.57
M521,Campaign 5,Facebook,2024-10-01,174209,5235,1021,2414.14,5004.64
M522,Campaign 11,Google Ads,2024-04-25,460011,15242,1999,13625.42,53483.24
M523,Campaign 5,Facebook,2024-02-11,226085,4361,538,13516.18,44324.05
M524,Campaign 6,Instagram,2024-03-04,57140,617,88,4121.88,14676.62
M525,Campaign 12,TikTok,2024-12-24,194039,8322,1163,6535.83,15535.71
M526,Campaign 5,TikTok,2024-05-07,462509,18952,1520,19392.22,45754.94
M527,Campaign 11,Instagram,2024-06-13,264230,2825,463,3002.26,11915.48
M528,Campaign 1,Instagram,2024-11-07,320069,4270,720,2785.08,4464.22
M529,Campaign 5,TikTok,2024-03-31,173416,7242,1025,15351.67,56784.14
M530,Campaign 7,Instagram,2024-09-08,399954,18424,3352,6711.36,15960.95
M531,Campaign 10,Google Ads,2024-05-20,202127,2161,423,8465.35,28714.79
M532,Campaign 8,Email,2024-11-04,243157,7206,683,14376.58,25446.78
M533,Campaign 3,Facebook,2024-11-15,417759,6592,751,824.41,1511.14
M534,Campaign 10,TikTok,2024-10-10,58955,2018,105,579.99,1993.91
M535,Campaign 4,Instagram,2024-02-04,369502,13842,2501,11786.55,21504.77
M536,Campaign 10,Email,2024-07-27,459656,18460,3392,9306.6,33459.26
M537,Campaign 4,Email,2024-04-08,402761,15274,855,13774.63,8729.51
M538,Campaign 2,TikTok,2024-10-21,393118,14216,761,3546.97,5580.18
M539,Campaign 6,Instagram,2024-11-24,312820,13497,1621,11364.07,6811.96
M540,Campaign 11,Google Ads,2024-07-25,92577,4072,452,7227.2,22925.21
M541,Campaign 7,TikTok,2024-05-09,434868,10241,1287,12101.56,34547.65
M542,Campaign 7,Google Ads,2024-02-29,449464,18408,3061,16815.01,14251.32
M543,Campaign 5,Instagram,2024-02-14,215143,2321,174,16985.48,55527.52
M544,Campaign 9,Instagram,2024-12-07,250709,10376,1113,15432.41,54233.52
M545,Campaign 8,Email,2024-04-08,108874,3787,509,6036.14,10523.39
M546,Campaign 11,Email,2024-01-03,161176,4461,340,7427.35,15212.32
M547,Campaign 9,Google Ads,2024-03-18,425009,18581,1479,1200.65,1769.19
M548,Campaign 1,Email,2024-03-22,99292,2609,134,13813.38,54181.49
M549,Campaign 12,Google Ads,2024-05-25,71019,3523,521,9805.42,27911.95
M550,Campaign 2,TikTok,2024-11-16,190043,6687,814,16114.26,21611.0
M551,Campaign 8,Facebook,2024-07-02,430994,14076,2078,944.53,3415.0
M552,Campaign 2,Google Ads,2024-09-17,490616,19067,3197,4720.07,8715.35
M553,Campaign 3,Google Ads,2024-07-01,216255,2642,321,9938.5,34901.24
M554,Campaign 12,Email,2024-09-14,404464,5673,824,10749.06,41247.35
M555,Campaign 4,TikTok,2024-02-04,374297,17869,2779,12960.7,51024.94
M556,Campaign 9,Email,2024-03-06,230002,8292,1611,15862.72,62755.91
M557,Campaign 1,Email,2024-05-28,188730,2876,350,16116.29,37487.23
M558,Campaign 5,Google Ads,2024-05-28,368605,12335,1714,9513.89,20895.87
M559,Campaign 1,Email,2024-05-24,110731,1300,180,7660.35,30141.2
M560,Campaign 10,Google Ads,2024-12-19,456608,16965,2701,9850.45,31563.39
M561,Campaign 9,Google Ads,2024-04-25,437795,14076,749,19627.82,48736.6
M562,Campaign 12,Facebook,2024-10-01,303967,11258,2005,3072.88,10631.8
M563,Campaign 1,LinkedIn,2024-03-03,484984,21860,1663,18089.6,35550.14
M564,Campaign 2,LinkedIn,2024-05-11,188307,6284,461,4426.25,12463.53
M565,Campaign 2,Instagram,2024-01-31,64562,1471,158,9816.27,36700.35
M566,Campaign 12,TikTok,2024-07-09,293984,14304,935,16402.31,46330.45
M567,Campaign 11,Instagram,2024-02-29,373113,10335,842,2714.18,10478.49
M568,Campaign 5,Email,2024-12-15,180306,7889,879,8563.72,27951.91
M569,Campaign 10,TikTok,2024-07-04,420066,15770,3114,6984.77,16096.6
M570,Campaign 5,Instagram,2024-03-27,108274,5141,683,19771.1,22590.57
M571,Campaign 2,Google Ads,2024-05-29,61089,1102,133,6726.24,17205.07
M572,Campaign 7,Facebook,2024-06-23,59720,1475,280,1498.0,1725.69
M573,Campaign 5,Google Ads,2024-04-02,322626,14168,1944,18870.6,18119.92
M574,Campaign 6,TikTok,2024-01-30,462510,10355,863,6610.66,23246.87
M575,Campaign 6,Google Ads,2024-05-20,217765,8006,1207,13766.09,10914.45
M576,Campaign 1,LinkedIn,2024-06-30,91838,3348,542,19611.63,49074.73
M577,Campaign 5,Instagram,2024-05-02,178859,5572,806,18534.23,21320.93
M578,Campaign 10,Facebook,2024-09-28,386794,8422,546,6750.36,23695.4
M579,Campaign 3,LinkedIn,2024-11-29,240532,4900,755,17611.71,55751.59
M580,Campaign 1,Google Ads,2024-04-04,206674,5775,387,16359.46,62282.21
M581,Campaign 5,TikTok,2024-02-24,306722,5269,1032,2684.51,8311.72
M582,Campaign 12,LinkedIn,2024-05-10,295765,14157,2236,6785.98,8369.32
M583,Campaign 1,Email,2024-12-13,164799,4247,303,11949.07,18860.61
M584,Campaign 8,Facebook,2024-01-24,123801,5470,572,19298.42,48294.97
M585,Campaign 12,Facebook,2024-09-08,102459,1452,229,7760.83,19364.08
M586,Campaign 8,Instagram,2024-12-26,366785,14652,738,17651.98,27331.55
M587,Campaign 5,Facebook,2024-01-09,126601,4728,531,16807.4,25322.05
M588,Campaign 7,Google Ads,2024-06-16,408574,17163,3251,12047.4,30730.08
M589,Campaign 6,LinkedIn,2024-09-11,171389,4283,214,5043.93,10957.2
M590,Campaign 1,Google Ads,2024-09-20,89324,2235,180,1988.75,3036.67
M591,Campaign 9,Facebook,2024-10-12,401791,18717,3733,19548.47,44104.68
M592,Campaign 9,Email,2024-06-16,439083,9620,1160,1552.0,3197.92
M593,Campaign 4,LinkedIn,2024-07-24,386504,16371,3083,12941.45,37425.88
M594,Campaign 1,Email,2024-09-03,468868,18057,2495,11197.78,10876.65
M595,Campaign 5,Instagram,2024-11-04,294976,12644,2514,3263.97,12823.24
M596,Campaign 1,Facebook,2024-01-01,227339,5844,329,14065.09,19176.29
M597,Campaign 4,LinkedIn,2024-12-27,484796,7723,1521,19720.99,41829.12
M598,Campaign 11,Instagram,2024-04-20,205660,8543,800,2729.92,4307.16
M599,Campaign 10,LinkedIn,2024-01-06,426239,10279,1231,7172.5,19836.86
M600,Campaign 3,Email,2024-09-02,131995,4406,877,9199.15,18546.06
M601,Campaign 7,TikTok,2024-09-11,140380,2453,281,6111.72,4319.57
M602,Campaign 5,TikTok,2024-06-08,486399,6956,1374,18795.27,38796.25
M603,Campaign 11,Instagram,2024-05-23,229847,9251,1110,3580.32,9062.22
M604,Campaign 2,LinkedIn,2024-03-22,392817,16202,853,1267.3,3112.6
M605,Campaign 4,LinkedIn,2024-10-23,499740,10464,893,15779.4,43382.44
M606,Campaign 5,TikTok,2024-08-11,22163,832,105,7901.76,10831.02
M607,Campaign 5,LinkedIn,2024-07-23,186985,3421,451,17381.86,24848.43
M608,Campaign 10,Instagram,2024-02-27,493833,17008,2993,14602.44,55751.0
M609,Campaign 2,Instagram,2024-11-09,315569,10549,1913,6959.17,27190.2
M610,Campaign 4,Instagram,2024-10-04,179687,3417,471,5135.46,12080.65
M611,Campaign 9,Google Ads,2024-12-31,492650,19639,2590,11150.61,30317.32
M612,Campaign 3,Google Ads,2024-12-12,86161,3249,187,13804.73,30886.76
M613,Campaign 7,Email,2024-04-04,463248,22807,3734,4300.58,7006.33
M614,Campaign 12,Instagram,2024-01-04,289590,14182,2173,1651.74,2766.64
M615,Campaign 7,Email,2024-07-10,134508,6483,1090,13656.19,12768.19
M616,Campaign 4,TikTok,2024-10-16,271240,12212,1387,13614.0,42692.96
M617,Campaign 8,Facebook,2024-01-02,240207,10159,2004,5366.29,9019.22
M618,Campaign 7,Instagram,2024-03-03,203750,7424,1196,8635.52,8445.59
M619,Campaign 9,Google Ads,2024-12-15,277045,9693,580,5857.34,4034.88
M620,Campaign 10,LinkedIn,2024-01-19,296743,4418,311,13546.73,10938.87
M621,Campaign 1,TikTok,2024-04-27,43944,615,112,8307.58,13481.44
M622,Campaign 1,TikTok,2024-08-10,300601,9095,1172,2124.92,6182.79
M623,Campaign 8,Facebook,2024-04-01,375014,11661,1456,14564.92,30216.95
M624,Campaign 8,Facebook,2024-01-26,255793,6701,567,8892.4,24788.5
M625,Campaign 10,LinkedIn,2024-04-13,81113,4020,254,3528.18,7792.03
M626,Campaign 3,TikTok,2024-02-03,29691,1448,190,718.06,2165.65
M627,Campaign 5,Instagram,2024-04-30,50737,2388,457,18885.89,70149.72
M628,Campaign 1,TikTok,2024-12-28,379724,12900,670,7171.57,9168.13
M629,Campaign 12,Facebook,2024-08-26,419342,16932,1409,16205.59,46072.63
M630,Campaign 5,Instagram,2024-04-02,487867,23457,4136,1216.49,4493.62
M631,Campaign 10,Email,2024-12-30,125751,5491,1069,16603.52,42491.46
M632,Campaign 3,Email,2024-10-30,207781,6092,319,16827.94,31813.13
M633,Campaign 7,Email,2024-02-16,461183,20098,1564,16928.27,24068.31
M634,Campaign 8,LinkedIn,2024-08-01,138661,1947,295,14364.09,42909.15
M635,Campaign 11,Email,2024-07-17,290962,11028,802,19035.04,14744.47
M636,Campaign 9,Email,2024-07-19,39433,550,38,8261.3,8433.71
M637,Campaign 12,Email,2024-10-20,470443,16387,2548,12909.23,9236.54
M638,Campaign 2,Email,2024-04-06,365825,6793,761,9671.75,33724.0
M639,Campaign 12,Facebook,2024-08-11,413624,18723,1741,9855.33,7452.22
M640,Campaign 3,Email,2024-09-28,168124,2257,328,19569.64,35185.58
M641,Campaign 2,Instagram,2024-10-02,306254,3803,746,12804.35,27785.32
M642,Campaign 5,TikTok,2024-03-18,10026,282,32,6070.32,22626.88
M643,Campaign 5,Facebook,2024-07-13,33370,1232,83,2791.22,4159.3
M644,Campaign 2,Instagram,2024-12-22,250302,4935,765,9863.94,12025.09
M645,Campaign 3,Google Ads,2024-05-14,434766,18060,2158,15497.96,27097.84
M646,Campaign 5,Facebook,2024-01-17,248225,9205,1670,17169.65,54509.7
M647,Campaign 4,LinkedIn,2024-08-01,100845,4095,211,2760.36,1735.87
M648,Campaign 11,Facebook,2024-04-30,57749,1890,350,6996.29,5093.84
M649,Campaign 4,Instagram,2024-12-14,485887,12755,2429,18632.0,68402.09
M650,Campaign 4,Instagram,2024-09-21,103061,4112,813,18005.7,61117.98
M651,Campaign 4,Google Ads,2024-06-18,429943,12382,1450,3672.92,1961.52
M652,Campaign 11,Email,2024-08-03,255966,11873,1573,9697.07,12593.45
M653,Campaign 3,TikTok,2024-09-25,179405,7993,1010,6465.87,10374.21
M654,Campaign 11,Instagram,2024-05-05,494420,22650,1855,12429.65,26450.81
M655,Campaign 6,Facebook,2024-05-23,307946,12045,2002,3366.19,5542.74
M656,Campaign 5,Email,2024-03-29,409982,13418,1796,4548.53,5339.84
M657,Campaign 1,Instagram,2024-09-05,170585,6506,1088,12627.99,24428.52
M658,Campaign 7,TikTok,2024-09-19,492116,4994,318,10543.65,38363.3
M659,Campaign 1,Facebook,2024-03-19,70771,1079,153,18222.77,71865.7
M660,Campaign 3,LinkedIn,2024-12-11,254704,5000,807,4750.64,6231.51
M661,Campaign 7,TikTok,2024-09-16,272077,11389,1342,17697.88,16972.38
M662,Campaign 10,TikTok,2024-01-25,109827,4563,588,4515.19,9903.13
M663,Campaign 2,LinkedIn,2024-06-11,155709,5190,696,13043.08,37248.0
M664,Campaign 3,Google Ads,2024-12-13,22443,467,67,17839.0,31702.73
M665,Campaign 3,Facebook,2024-05-17,142027,5671,716,9149.89,18120.43
M666,Campaign 2,Instagram,2024-10-15,416526,19791,1466,11750.0,14226.5
M667,Campaign 7,LinkedIn,2024-10-09,378019,8978,506,4630.22,11330.92
M668,Campaign 6,Facebook,2024-06-09,438363,8588,1065,591.39,420.33
M669,Campaign 9,Google Ads,2024-10-02,248804,10539,1623,7026.81,20481.05
M670,Campaign 10,Email,2024-02-25,61473,1109,67,1735.03,5690.83
M671,Campaign 4,LinkedIn,2024-08-23,189483,8830,1159,11956.14,36170.19
M672,Campaign 8,Facebook,2024-03-25,305292,6770,1351,17896.33,11266.33
M673,Campaign 4,LinkedIn,2024-04-15,123990,4641,423,2183.04,7014.83
M674,Campaign 7,Instagram,2024-04-09,263229,5878,569,7655.01,7931.23
M675,Campaign 3,LinkedIn,2024-08-31,250697,3698,449,1851.62,3798.51
M676,Campaign 9,LinkedIn,2024-03-21,195329,2978,257,19181.27,12743.34
M677,Campaign 5,LinkedIn,2024-03-11,409895,14832,892,8277.5,8048.94
M678,Campaign 12,Facebook,2024-01-02,204095,2324,315,17555.83,24427.72
M679,Campaign 11,LinkedIn,2024-03-17,44226,784,96,4926.18,4288.59
M680,Campaign 2,Instagram,2024-08-31,265659,9214,1835,1148.79,1568.33
M681,Campaign 9,Facebook,2024-10-03,67205,2775,454,6650.11,10863.11
M682,Campaign 2,LinkedIn,2024-10-10,369485,4836,902,16155.49,49814.63
M683,Campaign 9,Email,2024-12-07,251097,3910,740,4036.8,3443.57
M684,Campaign 4,LinkedIn,2024-02-05,242335,3835,200,7821.95,23042.52
M685,Campaign 2,Facebook,2024-02-15,88884,3698,296,11544.61,34142.09
M686,Campaign 11,Facebook,2024-03-29,338010,10182,1437,4304.1,7265.66
M687,Campaign 4,LinkedIn,2024-03-15,450995,15573,1400,1150.12,613.33
M688,Campaign 4,TikTok,2024-07-18,411777,17177,2436,2233.33,1854.72
M689,Campaign 8,Email,2024-09-24,414495,6309,344,17902.58,67873.0
M690,Campaign 7,Email,2024-08-21,361563,12368,995,5858.76,15681.23
M691,Campaign 7,Instagram,2024-05-24,419671,12681,1332,17188.33,44333.87
M692,Campaign 8,Email,2024-09-14,119147,3409,404,8719.84,31325.27
M693,Campaign 3,TikTok,2024-02-02,276595,10786,1187,13795.82,16029.31
M694,Campaign 5,Email,2024-12-25,239910,6838,928,13573.68,42521.38
M695,Campaign 12,Instagram,2024-01-14,125832,4257,788,18411.61,9862.4
M696,Campaign 1,Google Ads,2024-02-12,296497,3749,397,1221.08,3239.34
M697,Campaign 8,Facebook,2024-02-20,260818,8666,632,672.12,2402.18
M698,Campaign 2,Instagram,2024-05-15,317832,6633,1108,9393.89,24270.54
M699,Campaign 11,Email,2024-08-17,309767,12028,1225,10074.48,38478.7
M700,Campaign 3,TikTok,2024-08-18,18785,577,31,11074.03,29338.37
M701,Campaign 5,Instagram,2024-12-04,232488,11116,1188,2158.67,8033.17
M702,Campaign 3,TikTok,2024-05-30,46626,1115,139,16102.04,57453.06
M703,Campaign 11,LinkedIn,2024-03-30,294280,4046,515,5885.57,8708.96
M704,Campaign 12,Facebook,2024-08-31,117184,1490,99,6736.01,12701.15
M705,Campaign 6,Facebook,2024-02-26,163317,3206,250,928.39,3682.39
M706,Campaign 6,LinkedIn,2024-12-14,215859,7191,549,3120.48,6762.06
M707,Campaign 6,Instagram,2024-04-12,17562,761,125,17298.5,51871.54
M708,Campaign 2,TikTok,2024-05-29,175836,5109,726,10750.98,41062.62
M709,Campaign 1,TikTok,2024-09-13,204432,5619,382,5009.83,8623.68
M710,Campaign 7,Email,2024-06-20,300198,7248,1042,9347.4,15078.24
M711,Campaign 12,Email,2024-08-04,170507,7223,1201,6743.83,24195.97
M712,Campaign 2,Instagram,2024-11-07,472783,5833,1032,13584.05,8056.63
M713,Campaign 6,Instagram,2024-03-18,227947,2785,410,13356.24,23186.88
M714,Campaign 6,Instagram,2024-10-16,488897,5738,935,19743.17,71232.56
M715,Campaign 3,Google Ads,2024-04-03,284326,12484,2130,8050.98,28603.38
M716,Campaign 3,Facebook,2024-04-15,236432,11584,747,5473.84,21836.1
M717,Campaign 8,Email,2024-06-22,223495,8447,779,5891.05,19774.16
M718,Campaign 3,LinkedIn,2024-03-03,355724,13864,2216,14304.88,54215.48
M719,Campaign 11,Email,2024-02-20,101733,2308,178,5998.56,6201.13
M720,Campaign 8,Google Ads,2024-07-06,21067,967,157,15777.64,37001.93
M721,Campaign 11,Google Ads,2024-12-27,28957,1387,154,2702.99,8702.6
M722,Campaign 7,Google Ads,2024-11-06,443128,12906,704,8724.86,15131.93
M723,Campaign 9,Email,2024-04-19,116332,1424,163,11494.74,33520.97
M724,Campaign 7,Instagram,2024-12-16,128481,4778,599,13531.33,53451.52
M725,Campaign 11,Facebook,2024-10-15,409755,5391,644,15752.13,37422.2
M726,Campaign 12,Google Ads,2024-06-15,445523,21957,1425,3155.88,5864.71
M727,Campaign 5,Google Ads,2024-07-06,238572,7016,597,829.89,2926.79
M728,Campaign 3,Instagram,2024-09-22,304482,14314,2558,15113.26,28511.21
M729,Campaign 6,Google Ads,2024-09-28,391715,5266,870,16130.13,12980.33
M730,Campaign 11,LinkedIn,2024-04-25,54632,1389,214,1213.7,3814.57
M731,Campaign 2,Google Ads,2024-03-16,51415,2405,173,10469.35,24295.55
M732,Campaign 1,Instagram,2024-02-10,205639,4252,569,13172.71,20610.18
M733,Campaign 12,LinkedIn,2024-03-28,160575,3692,595,9254.17,16103.33
M734,Campaign 10,Google Ads,2024-11-18,343621,16111,2972,13741.2,30843.17
M735,Campaign 3,Email,2024-07-22,351215,4593,896,4539.73,13079.55
M736,Campaign 8,Instagram,2024-11-10,344259,15809,1941,6882.32,13098.31
M737,Campaign 6,Google Ads,2024-03-04,332125,12755,715,15170.09,45356.18
M738,Campaign 12,LinkedIn,2024-05-25,361002,17711,1651,16976.97,63135.0
M739,Campaign 10,LinkedIn,2024-08-16,50152,1526,206,5839.52,14762.05
M740,Campaign 10,Google Ads,2024-03-29,25647,518,91,2277.59,4908.53
M741,Campaign 3,Email,2024-10-04,423985,20360,2988,1439.34,2335.58
M742,Campaign 3,LinkedIn,2024-06-23,354401,9882,798,7766.26,20432.89
M743,Campaign 10,Google Ads,2024-11-25,333239,11794,1115,11911.47,19972.84
M744,Campaign 1,Facebook,2024-03-15,46550,545,37,9576.53,25850.8
M745,Campaign 11,Email,2024-06-06,299390,11396,2144,13850.19,11388.61
M746,Campaign 12,Facebook,2024-02-09,397097,5368,313,12946.95,40208.0
M747,Campaign 4,LinkedIn,2024-07-30,224955,6228,996,8636.25,5024.75
M748,Campaign 11,Facebook,2024-11-07,21325,427,74,4744.32,18158.1
M749,Campaign 11,TikTok,2024-09-17,230606,5859,630,11025.89,14307.93
M750,Campaign 5,Facebook,2024-10-29,299397,13056,824,3213.77,7932.17
M751,Campaign 3,Facebook,2024-01-01,176312,6503,1023,11873.58,43512.76
M752,Campaign 3,Facebook,2024-10-19,279556,5816,628,10032.19,13395.81
M753,Campaign 5,Instagram,2024-03-25,67111,1406,115,10438.91,16532.38
M754,Campaign 11,Facebook,2024-08-22,350693,6630,1076,3349.06,5131.03
M755,Campaign 6,Facebook,2024-05-24,374476,13009,2221,17815.93,39626.12
M756,Campaign 10,Facebook,2024-04-02,162961,5080,825,9126.64,12376.72
M757,Campaign 1,Email,2024-04-28,245149,2500,429,7800.26,17053.72
M758,Campaign 7,LinkedIn,2024-01-07,210508,7294,879,10283.7,28042.62
M759,Campaign 7,Email,2024-08-01,143333,4044,676,10202.73,10494.05
M760,Campaign 9,Google Ads,2024-03-10,165064,5739,646,17374.35,9561.78
M761,Campaign 10,Google Ads,2024-01-12,83952,2014,167,1283.31,2945.4
M762,Campaign 11,Google Ads,2024-05-18,465957,18101,2392,12819.11,17144.27
M763,Campaign 7,LinkedIn,2024-11-11,479527,17714,3162,15880.45,23411.88
M764,Campaign 8,LinkedIn,2024-01-08,465216,17332,1994,4747.75,14821.52
M765,Campaign 3,LinkedIn,2024-09-01,188878,2087,393,8355.89,28558.82
M766,Campaign 5,Instagram,2024-05-14,412070,10208,972,9428.67,5714.74
M767,Campaign 12,Email,2024-09-30,100832,2842,478,2347.23,3318.62
M768,Campaign 5,Google Ads,2024-10-23,229746,9469,770,9755.51,23902.3
M769,Campaign 5,LinkedIn,2024-07-23,497936,9013,752,4104.21,4725.07
M770,Campaign 9,Email,2024-06-14,386830,12280,2010,17793.34,48752.69
M771,Campaign 9,Google Ads,2024-12-22,444181,9722,1707,18336.33,11414.96
M772,Campaign 3,Instagram,2024-06-05,397722,15003,1517,8195.32,28323.16
M773,Campaign 8,Google Ads,2024-07-03,216076,8211,569,3782.54,5289.85
M774,Campaign 2,Email,2024-04-25,114662,2426,261,1937.24,5432.96
M775,Campaign 7,TikTok,2024-05-09,65761,3024,429,14867.25,31878.07
M776,Campaign 8,LinkedIn,2024-05-28,447890,21716,4241,7479.64,7546.19
M777,Campaign 7,LinkedIn,2024-03-01,190605,8120,564,10079.1,19433.87
M778,Campaign 12,Instagram,2024-01-19,102961,1100,125,7880.6,15158.7
M779,Campaign 9,Instagram,2024-12-17,287500,13969,953,17835.08,60126.64
M780,Campaign 2,Facebook,2024-03-28,345102,4483,299,5234.34,6463.3
M781,Campaign 8,Facebook,2024-11-19,332358,16331,1595,17745.47,64753.47
M782,Campaign 1,TikTok,2024-01-05,402083,5556,856,11798.64,15463.38
M783,Campaign 12,Instagram,2024-10-17,326961,6179,607,10836.02,19634.14
M784,Campaign 8,TikTok,2024-06-10,133853,4436,226,3195.6,9757.31
M785,Campaign 10,TikTok,2024-05-02,479207,16649,958,9961.69,30426.63
M786,Campaign 1,TikTok,2024-10-01,486614,13019,1522,10269.63,31467.08
M787,Campaign 1,LinkedIn,2024-02-26,236556,2935,545,6020.61,16483.82
M788,Campaign 12,Instagram,2024-03-03,110808,3236,251,9308.31,10524.54
M789,Campaign 11,Facebook,2024-08-16,226592,6380,987,10462.71,17385.47
M790,Campaign 2,Facebook,2024-02-21,353278,4107,651,14687.14,14300.1
M791,Campaign 1,TikTok,2024-11-10,387791,4864,721,19200.08,58220.17
M792,Campaign 10,Instagram,2024-04-07,65161,3136,219,2849.99,7512.15
M793,Campaign 3,Google Ads,2024-01-08,191041,5525,1021,2108.2,1528.85
M794,Campaign 12,TikTok,2024-09-09,283045,6529,796,15943.34,61095.28
M795,Campaign 3,Facebook,2024-07-02,498809,21981,1683,13734.89,20613.29
M796,Campaign 10,TikTok,2024-06-25,226304,8476,1259,19352.43,73839.42
M797,Campaign 9,LinkedIn,2024-02-29,60640,2223,137,12486.82,31149.21
M798,Campaign 12,LinkedIn,2024-07-09,261553,7456,1371,6626.24,14261.81
M799,Campaign 2,Email,2024-03-22,191263,8928,1357,11389.09,28971.38
M800,Campaign 1,Google Ads,2024-10-27,172553,6912,427,6378.02,8743.23
M801,Campaign 5,LinkedIn,2024-03-18,420084,5929,948,8409.0,21745.31
M802,Campaign 9,Instagram,2024-07-13,25079,586,81,19687.13,55649.67
M803,Campaign 5,Instagram,2024-12-23,95882,1135,205,3352.24,3639.3
M804,Campaign 12,TikTok,2024-11-28,304410,8211,921,3570.75,11502.81
M805,Campaign 1,Email,2024-01-08,480444,21489,3391,10169.02,11611.06
M806,Campaign 5,Google Ads,2024-04-21,221316,9213,1772,1239.08,3846.11
M807,Campaign 2,Facebook,2024-12-06,440044,8664,1560,13674.28,43613.11
M808,Campaign 5,LinkedIn,2024-09-29,230324,4918,850,2092.24,2468.44
M809,Campaign 9,Google Ads,2024-01-10,478600,10743,1148,10104.42,10351.88
M810,Campaign 9,Instagram,2024-07-10,324054,8863,1240,10732.95,6037.53
M811,Campaign 8,LinkedIn,2024-04-21,433236,8989,1566,16907.6,55975.16
M812,Campaign 3,Instagram,2024-08-15,79486,1166,168,3450.32,9685.15
M813,Campaign 3,TikTok,2024-08-18,142849,5128,753,6576.13,16832.37
M814,Campaign 11,Facebook,2024-11-18,120547,1399,87,4396.77,2633.38
M815,Campaign 4,Instagram,2024-12-08,307452,3645,710,9455.8,34500.13
M816,Campaign 6,TikTok,2024-07-21,288596,13702,2108,5945.24,22435.45
M817,Campaign 2,TikTok,2024-06-15,52640,1562,144,17674.34,37916.96
M818,Campaign 10,Google Ads,2024-03-20,254959,10213,1890,1709.12,5298.08
M819,Campaign 7,Facebook,2024-09-03,294660,9408,1716,10358.06,18294.38
M820,Campaign 7,Google Ads,2024-09-21,266365,5625,447,11501.55,20355.27
M821,Campaign 5,LinkedIn,2024-01-03,471769,13194,1331,17528.28,56461.34
M822,Campaign 11,LinkedIn,2024-06-21,168674,7948,853,17806.15,60783.62
M823,Campaign 6,TikTok,2024-06-02,400851,6191,784,13539.85,7837.94
M824,Campaign 3,Instagram,2024-07-06,156209,6754,810,5182.47,13817.38
M825,Campaign 7,Google Ads,2024-04-14,79283,1853,96,8848.48,29327.92
M826,Campaign 5,TikTok,2024-04-24,85894,3360,344,11949.27,39540.93
M827,Campaign 2,TikTok,2024-11-29,199344,2886,428,1875.34,6995.98
M828,Campaign 1,Google Ads,2024-10-05,405394,4055,604,12084.59,48237.28
M829,Campaign 1,Facebook,2024-01-28,285997,10494,1007,5973.95,4989.13
M830,Campaign 3,TikTok,2024-09-14,410660,4533,435,10457.4,31266.46
M831,Campaign 11,Facebook,2024-08-30,452956,7871,715,19770.6,70521.38
M832,Campaign 3,Instagram,2024-09-11,329713,9414,1874,4307.75,14275.76
M833,Campaign 2,LinkedIn,2024-08-10,69983,1832,269,2515.21,2845.22
M834,Campaign 10,Email,2024-11-06,105591,4932,482,17840.02,56501.08
M835,Campaign 12,Google Ads,2024-09-26,48820,2431,390,15805.19,47830.48
M836,Campaign 8,Instagram,2024-10-13,268079,12934,2079,10489.47,27730.19
M837,Campaign 9,Email,2024-03-08,360047,11573,1916,4851.27,10406.78
M838,Campaign 7,TikTok,2024-10-12,166492,1681,143,17311.08,13696.34
M839,Campaign 8,Facebook,2024-11-28,124064,1445,278,16825.53,18618.21
M840,Campaign 1,Instagram,2024-10-13,64750,885,104,4423.33,12232.7
M841,Campaign 8,Email,2024-06-02,23236,257,50,18983.13,23948.95
M842,Campaign 2,LinkedIn,2024-09-23,190922,5072,893,19793.79,58054.71
M843,Campaign 4,Email,2024-04-29,244763,3004,193,19743.23,59072.22
M844,Campaign 1,Facebook,2024-03-03,76901,1283,246,17367.75,49880.83
M845,Campaign 8,TikTok,2024-08-27,311957,10413,1383,9595.35,9278.7
M846,Campaign 11,Facebook,2024-08-16,252787,11498,1332,9696.99,38409.35
M847,Campaign 1,Instagram,2024-07-28,40308,420,47,4921.66,9528.97
M848,Campaign 10,LinkedIn,2024-10-05,345680,8624,1479,6759.3,20907.42
M849,Campaign 11,LinkedIn,2024-09-03,424013,6114,569,1087.65,4303.42
M850,Campaign 4,Instagram,2024-04-10,38353,469,90,9069.33,5096.52
M851,Campaign 7,Google Ads,2024-12-31,423348,4620,310,4270.65,4800.35
M852,Campaign 8,Google Ads,2024-08-19,479465,20677,2485,14538.93,33690.76
M853,Campaign 2,LinkedIn,2024-05-13,111439,5563,339,6649.85,14261.16
M854,Campaign 8,Instagram,2024-03-14,196467,7253,370,16990.22,56328.24
M855,Campaign 6,LinkedIn,2024-04-13,393409,9021,1461,18473.99,15809.75
M856,Campaign 11,LinkedIn,2024-01-21,357633,16357,2768,3558.92,11187.42
M857,Campaign 7,TikTok,2024-01-03,202552,5369,678,4145.29,4363.33
M858,Campaign 8,Google Ads,2024-07-15,411116,9618,1224,5777.49,13419.16
M859,Campaign 10,Google Ads,2024-04-06,160967,5987,1093,2857.51,9705.6
M860,Campaign 11,Instagram,2024-03-16,445915,20445,2046,7343.88,11023.17
M861,Campaign 11,Instagram,2024-04-27,33054,731,100,16693.7,43902.34
M862,Campaign 9,Instagram,2024-07-22,456710,11590,586,15088.18,41146.12
M863,Campaign 12,TikTok,2024-04-18,197712,5481,430,8535.01,11091.63
M864,Campaign 10,TikTok,2024-04-17,238171,9135,1092,8598.3,21807.72
M865,Campaign 1,Instagram,2024-03-26,347178,7924,567,12860.41,47357.1
M866,Campaign 4,Email,2024-10-01,69894,2594,367,7214.4,8042.98
M867,Campaign 10,LinkedIn,2024-05-24,455859,15531,2959,18861.29,74140.67
M868,Campaign 9,Instagram,2024-02-18,311808,3576,445,9376.72,19996.11
M869,Campaign 5,Instagram,2024-07-23,10996,389,50,13528.89,46898.48
M870,Campaign 4,Google Ads,2024-08-02,239058,3279,436,6578.62,3348.81
M871,Campaign 6,Email,2024-03-06,16730,780,64,16640.24,33892.18
M872,Campaign 7,Email,2024-10-25,278844,8039,1187,4708.3,16194.13
M873,Campaign 2,Instagram,2024-01-04,139073,2215,283,17694.37,20575.43
M874,Campaign 8,LinkedIn,2024-03-30,493471,9907,1054,11173.73,20844.7
M875,Campaign 2,TikTok,2024-02-15,469983,14023,1758,880.26,2183.19
M876,Campaign 3,Facebook,2024-10-19,176843,4066,251,9568.65,24711.43
M877,Campaign 7,TikTok,2024-07-22,224676,10252,1695,12963.18,20792.36
M878,Campaign 1,LinkedIn,2024-06-12,379546,17747,2715,11141.79,33243.68
M879,Campaign 8,TikTok,2024-01-22,418068,19108,1302,9689.68,15274.3
M880,Campaign 12,Instagram,2024-11-23,451889,10891,1959,8782.79,26776.98
M881,Campaign 9,LinkedIn,2024-10-12,285923,6658,1009,6487.83,16382.4
M882,Campaign 10,Google Ads,2024-04-14,456737,15759,3092,2086.96,4205.61
M883,Campaign 11,TikTok,2024-08-06,417736,18008,2411,11700.81,26808.27
M884,Campaign 11,Email,2024-06-20,402449,11286,2182,3126.75,11536.94
M885,Campaign 11,LinkedIn,2024-03-10,354440,8276,1546,5240.83,10224.34
M886,Campaign 2,Email,2024-02-20,115237,1679,259,4674.71,14240.06
M887,Campaign 12,Facebook,2024-06-23,229416,5127,717,12129.29,17400.63
M888,Campaign 1,Email,2024-06-04,185084,3538,705,18409.67,64875.72
M889,Campaign 1,Google Ads,2024-11-03,424370,19682,2720,12128.47,36365.88
M890,Campaign 9,Email,2024-06-14,46111,1493,231,11910.04,40399.03
M891,Campaign 9,LinkedIn,2024-09-17,40022,677,63,7992.99,13038.33
M892,Campaign 10,Google Ads,2024-09-28,188519,7058,886,15602.28,24285.97
M893,Campaign 6,LinkedIn,2024-12-05,373693,11046,2088,4293.49,10524.27
M894,Campaign 5,LinkedIn,2024-08-02,124165,4593,234,15569.92,25693.91
M895,Campaign 5,Email,2024-09-25,160980,2646,436,2455.48,4822.31
M896,Campaign 12,Email,2024-04-21,349703,7429,1481,5956.69,10351.17
M897,Campaign 7,LinkedIn,2024-01-14,335697,8400,1091,9414.11,16701.72
M898,Campaign 4,Facebook,2024-09-21,445223,11992,1006,17368.56,63598.28
M899,Campaign 4,TikTok,2024-10-02,342969,15417,989,9306.68,31999.67
M900,Campaign 6,LinkedIn,2024-08-10,154893,6968,1163,4537.75,9237.43
M901,Campaign 11,Google Ads,2024-07-01,179371,2350,436,11321.71,39881.02
M902,Campaign 1,Instagram,2024-01-18,44284,717,67,15462.77,49736.67
M903,Campaign 3,Google Ads,2024-12-19,30261,323,60,2290.57,6049.13
M904,Campaign 6,Email,2024-09-29,192848,2058,363,13818.61,54163.18
M905,Campaign 7,Facebook,2024-11-28,57706,2223,111,13377.33,8675.5
M906,Campaign 11,TikTok,2024-02-14,216303,4040,303,18284.16,55542.07
M907,Campaign 3,LinkedIn,2024-08-25,426373,14321,1735,3047.03,9517.85
M908,Campaign 10,LinkedIn,2024-07-15,313160,4068,390,19571.17,27711.66
M909,Campaign 5,Google Ads,2024-05-27,33088,485,93,7018.56,16063.44
M910,Campaign 12,Email,2024-05-15,349900,9749,1445,11567.36,9470.44
M911,Campaign 11,Instagram,2024-09-29,52160,885,104,13359.31,20822.5
M912,Campaign 3,TikTok,2024-01-19,74040,2039,316,3501.11,9744.91
M913,Campaign 5,Facebook,2024-12-16,394298,4000,773,15310.84,54738.78
M914,Campaign 7,Google Ads,2024-05-08,438395,4535,262,7773.53,13538.75
M915,Campaign 7,Facebook,2024-06-05,94677,3361,497,6412.11,17453.28
M916,Campaign 7,Facebook,2024-11-20,155777,5782,808,10481.63,39045.45
M917,Campaign 3,Email,2024-02-02,241780,7603,1135,6092.88,18038.64
M918,Campaign 12,TikTok,2024-02-11,411542,17826,1928,2703.59,8987.45
M919,Campaign 9,LinkedIn,2024-05-22,203433,6157,686,17633.0,14009.21
M920,Campaign 4,Google Ads,2024-12-25,123436,2719,199,15980.03,47769.9
M921,Campaign 7,Facebook,2024-09-21,167167,3341,559,1699.95,6094.33
M922,Campaign 3,Facebook,2024-03-12,458352,6839,1131,14526.71,8617.1
M923,Campaign 8,LinkedIn,2024-10-04,22348,588,77,11969.29,44447.16
M924,Campaign 7,Email,2024-02-24,60678,2290,443,18457.89,43580.72
M925,Campaign 2,Email,2024-09-24,299749,4959,395,9558.55,24959.99
M926,Campaign 8,Facebook,2024-09-11,128804,5802,1059,17287.82,58915.1
M927,Campaign 10,TikTok,2024-10-07,245954,3186,622,8763.91,4819.57
M928,Campaign 2,LinkedIn,2024-02-09,356760,6590,366,6533.47,24983.85
M929,Campaign 7,Google Ads,2024-09-03,379595,17442,1842,2599.03,7111.52
M930,Campaign 8,Facebook,2024-09-29,460912,18360,1862,14738.33,14402.91
M931,Campaign 2,TikTok,2024-12-24,213104,7850,1023,10489.39,30853.82
M932,Campaign 7,Instagram,2024-08-30,21315,805,91,13160.32,31170.3
M933,Campaign 5,TikTok,2024-09-20,256108,7109,379,5270.1,7667.91
M934,Campaign 11,Instagram,2024-07-25,259778,4449,399,9657.7,13658.0
M935,Campaign 8,Instagram,2024-02-18,168078,6848,1235,1779.7,1827.99
M936,Campaign 1,Instagram,2024-11-11,290601,3009,337,2207.03,8260.84
M937,Campaign 5,Google Ads,2024-02-28,125872,4912,307,1014.35,1275.26
M938,Campaign 3,Google Ads,2024-07-16,89020,1970,359,14590.97,37179.32
M939,Campaign 12,Instagram,2024-12-03,267580,8212,919,16658.47,50752.58
M940,Campaign 7,Instagram,2024-11-09,355306,8343,1156,4842.16,17804.47
M941,Campaign 5,LinkedIn,2024-09-27,235419,9263,1465,3116.31,2033.71
M942,Campaign 4,Instagram,2024-08-27,74809,1689,152,15144.63,14458.8
M943,Campaign 5,Email,2024-09-21,82585,1184,205,12302.98,45004.96
M944,Campaign 12,Email,2024-03-01,120587,3562,625,8455.22,23067.28
M945,Campaign 5,TikTok,2024-03-14,51268,1659,194,14889.95,45421.2
M946,Campaign 9,Email,2024-05-14,243618,3276,620,7287.61,10748.14
M947,Campaign 8,Email,2024-05-05,460018,15354,1282,15632.65,56888.82
M948,Campaign 3,LinkedIn,2024-01-30,248802,5916,671,1909.53,4405.65
M949,Campaign 11,Instagram,2024-10-10,95452,1360,99,3907.84,12302.26
M950,Campaign 5,Email,2024-03-27,307796,5730,365,6897.97,5230.79
M951,Campaign 3,Google Ads,2024-05-14,43423,1795,152,16225.73,18584.05
M952,Campaign 8,TikTok,2024-05-21,301069,14373,2634,14719.27,21973.29
M953,Campaign 6,Instagram,2024-08-11,88217,3901,244,8648.29,28912.76
M954,Campaign 4,TikTok,2024-02-14,304114,3532,538,16440.1,27974.59
M955,Campaign 5,Instagram,2024-03-13,138432,3596,715,14641.28,30265.9
M956,Campaign 12,Google Ads,2024-10-26,381366,9913,1191,12183.99,42039.91
M957,Campaign 4,TikTok,2024-05-09,431809,18172,2957,6457.26,5605.59
M958,Campaign 5,TikTok,2024-06-20,120139,3310,580,1842.27,4338.57
M959,Campaign 4,Facebook,2024-02-19,147849,6511,554,18025.13,40058.38
M960,Campaign 9,Email,2024-04-05,32410,739,63,7627.27,29001.01
M961,Campaign 8,Google Ads,2024-11-03,211890,6414,779,10548.08,23930.15
M962,Campaign 6,LinkedIn,2024-10-16,420932,17822,2626,894.34,2598.05
M963,Campaign 8,LinkedIn,2024-10-14,419300,13982,1341,6576.09,12046.41
M964,Campaign 3,LinkedIn,2024-08-09,116692,4728,903,19709.42,26258.0
M965,Campaign 9,Google Ads,2024-01-26,422734,4282,665,4451.66,2989.82
M966,Campaign 7,Google Ads,2024-05-02,55978,2512,222,15810.61,34459.83
M967,Campaign 2,Email,2024-07-07,170740,6661,500,10249.19,27593.88
M968,Campaign 3,Instagram,2024-01-30,449222,20189,4017,10127.87,7920.7
M969,Campaign 12,Instagram,2024-08-08,94275,3479,559,8511.0,22750.85
M970,Campaign 9,Instagram,2024-07-09,290022,14305,2793,8864.67,15709.36
M971,Campaign 12,Email,2024-02-03,494336,19099,3211,12148.73,47917.58
M972,Campaign 9,Instagram,2024-09-11,190965,7002,730,2212.9,4061.47
M973,Campaign 10,TikTok,2024-03-03,467347,20978,3962,16836.92,38276.98
M974,Campaign 11,Facebook,2024-07-16,269559,10493,966,5526.57,4816.18
M975,Campaign 4,Email,2024-05-20,122877,2862,198,12221.45,37803.97
M976,Campaign 7,Facebook,2024-07-20,29530,798,89,9435.27,27105.08
M977,Campaign 12,LinkedIn,2024-11-19,29501,994,192,7982.46,8694.96
M978,Campaign 10,Instagram,2024-01-24,417888,14869,1408,4808.35,13185.38
M979,Campaign 12,Instagram,2024-02-05,262603,9648,657,10131.29,22980.52
M980,Campaign 10,TikTok,2024-10-09,202150,5365,553,7005.26,20302.49
M981,Campaign 6,TikTok,2024-01-01,481130,13608,1896,19218.98,14953.81
M982,Campaign 8,Instagram,2024-02-01,344398,7929,1510,9679.54,31280.99
M983,Campaign 9,Google Ads,2024-01-12,344650,15566,1058,16083.0,41363.09
M984,Campaign 9,Email,2024-07-20,69858,1483,256,7773.33,15100.16
M985,Campaign 4,Google Ads,2024-07-22,58940,2850,348,2865.79,3042.48
M986,Campaign 11,Instagram,2024-11-13,303945,9708,1224,10241.06,6006.13
M987,Campaign 3,LinkedIn,2024-12-02,310452,6037,489,13902.66,50408.16
M988,Campaign 4,LinkedIn,2024-02-02,283648,13140,2286,19777.16,26523.1
M989,Campaign 4,Google Ads,2024-06-05,204953,8670,563,14498.65,7402.62
M990,Campaign 5,Instagram,2024-07-17,117203,5367,887,3042.04,9759.8
M991,Campaign 7,Instagram,2024-08-17,279856,7074,1022,12870.64,39982.0
M992,Campaign 6,Instagram,2024-12-01,233523,2618,483,19714.33,60433.21
M993,Campaign 9,Instagram,2024-12-29,198886,2936,214,7100.06,9535.6
M994,Campaign 3,Instagram,2024-09-09,389704,13050,1489,16979.15,29429.42
M995,Campaign 7,TikTok,2024-10-20,179528,2380,362,1750.62,5830.72
M996,Campaign 4,Email,2024-11-23,97368,3950,581,19132.63,32941.46
M997,Campaign 8,TikTok,2024-11-10,287441,10026,727,11344.71,14668.83
M998,Campaign 7,Email,2024-03-17,135539,3407,560,4944.45,3325.44
M999,Campaign 9,Instagram,2024-01-16,477839,22333,3688,15027.83,11489.78
M1000,Campaign 10,Facebook,2024-05-02,154118,6705,351,983.59,722.2
M1001,Campaign 9,TikTok,2024-04-19,165006,6357,990,1077.21,1135.17
M1002,Campaign 11,Instagram,2024-08-26,414048,12125,2316,12369.69,41057.08
M1003,Campaign 5,Facebook,2024-10-29,10690,129,18,9961.16,18305.15
M1004,Campaign 9,LinkedIn,2024-04-06,246584,3759,219,5236.04,5310.95
M1005,Campaign 2,LinkedIn,2024-10-20,87583,1155,91,1899.5,4652.93
M1006,Campaign 8,Email,2024-04-25,396815,11087,1096,10320.67,11178.22
M1007,Campaign 11,LinkedIn,2024-03-30,177331,7838,1460,4105.67,14731.29
M1008,Campaign 7,TikTok,2024-09-25,183992,8277,1440,17536.91,69020.55
M1009,Campaign 4,Email,2024-10-26,468965,21577,1960,4087.1,11554.34
M1010,Campaign 8,Facebook,2024-05-13,240782,4828,846,15337.36,21072.21
M1011,Campaign 2,LinkedIn,2024-05-23,410868,13514,2263,12987.09,31476.14
M1012,Campaign 8,TikTok,2024-06-25,246363,2830,298,15477.28,35421.76
M1013,Campaign 9,Email,2024-07-14,114641,3300,323,13551.44,7438.84
M1014,Campaign 2,Instagram,2024-12-18,96558,4777,691,4417.04,5799.19
M1015,Campaign 2,Email,2024-06-03,210224,9811,1289,14977.79,57096.52
M1016,Campaign 12,TikTok,2024-12-26,185585,2900,565,13406.5,25858.32
M1017,Campaign 5,TikTok,2024-01-12,244362,9937,1716,7882.07,13334.07
M1018,Campaign 6,LinkedIn,2024-10-31,245074,3721,436,5400.58,19078.98
M1019,Campaign 5,Google Ads,2024-01-10,353106,14031,860,15788.7,11120.98
M1020,Campaign 9,LinkedIn,2024-04-20,350754,5964,883,15065.6,53850.96
M1021,Campaign 10,Google Ads,2024-05-24,214263,6715,516,13482.04,18478.1
M1022,Campaign 11,LinkedIn,2024-04-29,156742,3181,539,4671.27,9745.33
M1023,Campaign 4,Email,2024-04-20,32661,1626,134,13546.18,19716.22
M1024,Campaign 3,TikTok,2024-02-26,127916,2871,155,19914.12,69918.6
M1025,Campaign 3,TikTok,2024-08-29,371735,16338,1822,4961.17,13114.64
M1026,Campaign 4,LinkedIn,2024-07-25,57053,1668,249,16729.91,18109.7
M1027,Campaign 12,Google Ads,2024-10-28,433797,10605,707,18985.28,15223.03
M1028,Campaign 11,TikTok,2024-02-14,140591,1706,286,14647.49,18409.13
M1029,Campaign 3,Instagram,2024-01-10,271530,7367,996,2168.22,4730.39
M1030,Campaign 10,Facebook,2024-07-26,443887,15403,1986,2849.92,5487.17
M1031,Campaign 10,Instagram,2024-12-05,308244,11264,1928,19682.94,67571.6
M1032,Campaign 3,Instagram,2024-09-08,213321,4551,417,10788.33,37590.44
M1033,Campaign 10,LinkedIn,2024-04-26,385199,16170,1109,17977.63,55517.04
M1034,Campaign 4,Instagram,2024-09-18,492440,10122,681,7637.48,22687.16
M1035,Campaign 2,Email,2024-01-07,16266,573,110,7359.52,16776.33
M1036,Campaign 5,Email,2024-05-20,387495,18819,1826,9037.93,18797.12
M1037,Campaign 1,Facebook,2024-12-13,277634,4093,772,15055.26,28433.82
M1038,Campaign 11,Instagram,2024-08-10,64397,2643,483,14020.1,13269.2
M1039,Campaign 4,Email,2024-10-06,145182,3841,619,13538.25,28928.03
M1040,Campaign 4,Email,2024-11-25,285085,2970,336,19525.06,65198.12
M1041,Campaign 4,TikTok,2024-03-26,389071,10934,2154,18835.19,62139.58
M1042,Campaign 7,TikTok,2024-06-01,368981,6039,1111,6889.45,25833.68
M1043,Campaign 5,Instagram,2024-05-01,358391,4926,441,8833.6,25753.52
M1044,Campaign 1,Instagram,2024-11-17,347415,13423,1429,1639.25,1385.32
M1045,Campaign 3,TikTok,2024-11-26,47257,732,54,7535.28,13051.24
M1046,Campaign 7,Email,2024-11-24,333857,15301,2020,15321.97,27646.35
M1047,Campaign 11,TikTok,2024-04-20,440830,7106,1119,13999.66,23755.4
M1048,Campaign 5,TikTok,2024-05-01,249070,11911,1036,1268.7,4894.46
M1049,Campaign 2,LinkedIn,2024-02-23,323061,6823,495,7311.81,28157.74
M1050,Campaign 5,Google Ads,2024-11-13,458028,22107,4270,13012.56,28468.82
M1051,Campaign 2,Instagram,2024-01-05,470530,22392,2577,8120.6,4996.68
M1052,Campaign 9,Instagram,2024-01-09,277669,6946,918,11933.71,12550.62
M1053,Campaign 11,Google Ads,2024-08-18,114484,4668,534,6216.01,10165.76
M1054,Campaign 3,Email,2024-12-29,178807,6982,1299,16674.44,12233.07
M1055,Campaign 6,Facebook,2024-03-10,164288,6855,854,2581.4,5022.79
M1056,Campaign 9,Instagram,2024-09-06,269975,3082,218,11580.74,13008.5
M1057,Campaign 6,Instagram,2024-12-23,18837,246,26,4434.09,12779.65
M1058,Campaign 2,LinkedIn,2024-06-22,401654,19409,2016,1718.51,4478.81
M1059,Campaign 12,Instagram,2024-09-17,95302,2936,176,9312.64,17381.84
M1060,Campaign 3,Google Ads,2024-04-18,360275,9499,582,10342.91,20986.84
M1061,Campaign 12,LinkedIn,2024-07-28,136723,2831,461,3056.21,7985.6
M1062,Campaign 5,Instagram,2024-05-20,175203,4741,534,627.81,2298.08
M1063,Campaign 10,TikTok,2024-12-30,409762,4185,723,4836.17,18947.05
M1064,Campaign 8,Facebook,2024-08-22,95363,2021,190,4946.08,18700.17
M1065,Campaign 1,Email,2024-08-13,331745,5684,1033,717.59,2056.94
M1066,Campaign 7,TikTok,2024-02-27,494607,19145,1662,6273.33,20171.37
M1067,Campaign 4,Google Ads,2024-05-16,113686,3606,343,5665.58,20155.57
M1068,Campaign 4,Instagram,2024-04-22,442321,21240,3089,3873.33,13937.55
M1069,Campaign 8,Google Ads,2024-09-25,30218,1336,255,1390.77,5167.21
M1070,Campaign 7,Facebook,2024-03-19,327737,3400,631,2578.93,8442.86
M1071,Campaign 8,Facebook,2024-10-06,499641,18477,2786,8573.7,31355.97
M1072,Campaign 9,Instagram,2024-07-17,130078,6046,829,17066.87,28046.73
M1073,Campaign 3,Instagram,2024-09-16,419177,14830,2238,6472.47,14168.52
M1074,Campaign 4,Instagram,2024-01-07,163335,3203,229,17590.47,52175.74
M1075,Campaign 3,TikTok,2024-08-13,415898,5553,408,19909.61,77214.8
M1076,Campaign 7,Facebook,2024-11-11,176818,7422,1257,18019.89,16739.66
M1077,Campaign 2,TikTok,2024-07-01,329823,8633,776,7916.47,13782.27
M1078,Campaign 6,Instagram,2024-06-07,185280,5872,608,12818.61,43060.14
M1079,Campaign 8,Facebook,2024-07-27,252250,9236,509,6742.59,8512.73
M1080,Campaign 2,Facebook,2024-01-28,265101,5022,400,13343.4,32931.95
M1081,Campaign 2,Google Ads,2024-12-17,455640,10206,797,11681.95,11152.67
M1082,Campaign 6,LinkedIn,2024-03-19,282655,13670,2369,6943.97,13184.94
M1083,Campaign 1,Google Ads,2024-06-19,182899,8926,1163,1014.64,2961.65
M1084,Campaign 9,Google Ads,2024-07-11,248922,12089,2156,14181.98,18551.23
M1085,Campaign 12,TikTok,2024-02-07,38832,1658,146,6644.14,5540.03
M1086,Campaign 12,Google Ads,2024-11-20,353213,12869,2495,11458.4,27551.37
M1087,Campaign 3,Google Ads,2024-09-20,175399,3668,572,5446.22,7924.21
M1088,Campaign 10,Facebook,2024-12-12,238381,3341,524,17536.78,64675.96
M1089,Campaign 6,Google Ads,2024-07-06,426799,9745,1252,15677.94,16844.1
M1090,Campaign 10,LinkedIn,2024-06-23,19914,713,83,617.54,865.84
M1091,Campaign 8,Instagram,2024-10-28,305921,4775,277,926.65,2395.18
M1092,Campaign 4,LinkedIn,2024-07-26,125389,2895,537,14171.51,13348.67
M1093,Campaign 7,Facebook,2024-05-02,273518,11764,884,2501.87,3173.43
M1094,Campaign 4,Email,2024-07-29,397013,14263,1606,12793.16,27728.19
M1095,Campaign 11,Google Ads,2024-08-08,477674,10115,1177,2258.65,5773.42
M1096,Campaign 9,Email,2024-10-13,276972,8290,704,4626.74,12996.83
M1097,Campaign 6,LinkedIn,2024-09-09,284934,13860,2170,17586.52,32665.36
M1098,Campaign 12,TikTok,2024-12-23,343818,16840,1267,13894.85,28138.13
M1099,Campaign 1,LinkedIn,2024-07-21,162203,7854,1238,13482.59,10486.15
M1100,Campaign 1,TikTok,2024-03-23,226173,5007,723,19081.93,15079.05
M1101,Campaign 2,Email,2024-12-15,296735,10116,1782,16753.69,48805.28
M1102,Campaign 3,Facebook,2024-12-20,444705,8638,830,7198.03,17762.66
M1103,Campaign 3,Email,2024-03-25,144767,6752,677,4136.66,11223.26
M1104,Campaign 1,LinkedIn,2024-11-10,239601,11948,1278,16499.93,38683.05
M1105,Campaign 3,Google Ads,2024-09-26,172162,6972,1077,9929.85,7719.92
M1106,Campaign 6,Instagram,2024-10-20,197290,3595,499,11875.1,22293.55
M1107,Campaign 6,LinkedIn,2024-06-19,253565,5639,616,13419.68,45670.64
M1108,Campaign 1,TikTok,2024-07-26,322195,15636,2022,12960.24,38411.0
M1109,Campaign 4,Email,2024-05-05,90529,1995,271,6482.9,11662.8
M1110,Campaign 5,LinkedIn,2024-01-01,140411,5178,271,9090.56,29782.26
M1111,Campaign 2,Google Ads,2024-08-27,60449,1049,173,1200.12,1018.3
M1112,Campaign 8,Instagram,2024-06-07,53155,1021,68,7987.58,29614.48
M1113,Campaign 2,TikTok,2024-12-04,239428,3005,249,19104.6,38221.27
M1114,Campaign 6,Email,2024-10-25,475803,15397,1268,16080.35,40889.47
M1115,Campaign 6,Google Ads,2024-01-28,153700,5347,948,17410.07,62981.02
M1116,Campaign 4,LinkedIn,2024-01-30,43170,798,107,8132.08,26951.84
M1117,Campaign 12,LinkedIn,2024-09-07,14568,536,65,17121.82,13379.8
M1118,Campaign 9,Email,2024-01-01,358539,14347,912,2244.64,6356.41
M1119,Campaign 2,Facebook,2024-10-19,350133,6084,497,18385.18,18502.86
M1120,Campaign 6,TikTok,2024-10-30,84094,2834,460,17626.29,13202.19
M1121,Campaign 4,Instagram,2024-08-22,468677,20249,3113,19102.04,40361.01
M1122,Campaign 3,TikTok,2024-01-06,281741,4334,800,4132.4,10321.94
M1123,Campaign 10,Google Ads,2024-01-14,495592,11465,994,4362.16,16866.46
M1124,Campaign 8,Instagram,2024-06-25,34639,1638,308,8508.49,6794.43
M1125,Campaign 8,Facebook,2024-09-05,350615,6386,990,12461.88,32791.22
M1126,Campaign 12,Google Ads,2024-01-31,476623,15164,1382,8758.76,28524.69
M1127,Campaign 12,LinkedIn,2024-01-02,208360,6932,1367,1489.97,1036.46
M1128,Campaign 11,Google Ads,2024-05-24,37085,740,100,13925.58,19062.51
M1129,Campaign 7,Instagram,2024-09-20,430306,11732,880,11661.03,19024.0
M1130,Campaign 6,TikTok,2024-11-17,349178,16002,2350,14822.21,42614.24
M1131,Campaign 3,Facebook,2024-03-29,321038,8564,1644,1680.1,2596.76
M1132,Campaign 7,Instagram,2024-10-02,309386,14504,2014,3558.27,8181.85
M1133,Campaign 7,TikTok,2024-04-11,373589,17275,2845,14517.5,45731.92
M1134,Campaign 1,LinkedIn,2024-06-02,419213,8883,724,10367.45,36059.27
M1135,Campaign 4,LinkedIn,2024-10-16,89984,3800,600,18306.96,17903.69
M1136,Campaign 4,LinkedIn,2024-05-21,339805,4864,900,10687.89,24541.53
M1137,Campaign 8,TikTok,2024-06-06,477869,16094,1400,13449.81,42296.59
M1138,Campaign 5,Instagram,2024-09-12,268411,12590,1661,16520.28,49713.31
M1139,Campaign 1,Email,2024-11-05,354018,13852,1611,10763.68,11263.52
M1140,Campaign 5,Facebook,2024-09-10,324913,5319,448,18998.06,11723.22
M1141,Campaign 2,TikTok,2024-04-24,179235,4786,952,7751.39,20324.51
M1142,Campaign 1,Instagram,2024-10-28,179924,8153,699,623.16,1953.73
M1143,Campaign 8,Google Ads,2024-06-15,164105,3370,673,925.89,646.96
M1144,Campaign 2,Instagram,2024-07-01,223141,6299,934,3118.97,7341.78
M1145,Campaign 10,Instagram,2024-03-10,58102,900,149,1071.28,3516.78
M1146,Campaign 11,Facebook,2024-07-12,219167,2620,390,12432.02,17361.45
M1147,Campaign 8,Google Ads,2024-01-12,98915,4032,662,9867.8,6750.71
M1148,Campaign 2,LinkedIn,2024-04-23,454839,18941,1459,1618.49,975.68
M1149,Campaign 2,Instagram,2024-08-12,306501,8614,1148,19165.75,40303.04
M1150,Campaign 10,TikTok,2024-05-23,205031,6670,340,18550.79,59436.72
M1151,Campaign 11,LinkedIn,2024-05-03,187668,4834,511,18698.22,23210.16
M1152,Campaign 8,TikTok,2024-03-10,240113,11563,2089,13242.96,48322.21
M1153,Campaign 11,Google Ads,2024-07-17,347967,8687,892,18913.71,45858.64
M1154,Campaign 5,LinkedIn,2024-09-26,207116,3755,624,13198.99,52011.9
M1155,Campaign 8,TikTok,2024-09-26,34502,1647,273,14054.69,30673.96
M1156,Campaign 6,Email,2024-08-16,457794,20056,3401,7058.46,5616.67
M1157,Campaign 2,Email,2024-10-26,193989,9623,747,1454.59,3583.43
M1158,Campaign 12,LinkedIn,2024-06-16,300613,6290,1000,8511.64,12184.05
M1159,Campaign 8,Google Ads,2024-04-20,178100,4476,759,2651.17,8856.05
M1160,Campaign 9,Instagram,2024-05-26,360348,6501,500,4897.56,5612.87
M1161,Campaign 10,Google Ads,2024-06-07,86512,4125,217,2047.19,7747.53
M1162,Campaign 1,Instagram,2024-04-22,450243,20040,2152,16868.81,41482.09
M1163,Campaign 1,Google Ads,2024-11-12,391972,5912,696,16348.52,37178.7
M1164,Campaign 5,Email,2024-07-19,13367,647,35,3636.35,11737.9
M1165,Campaign 11,TikTok,2024-01-21,382986,11684,2309,5208.28,17675.9
M1166,Campaign 2,Facebook,2024-08-28,337732,5150,422,7974.31,13063.24
M1167,Campaign 5,Google Ads,2024-06-09,334605,4099,497,15246.68,38933.95
M1168,Campaign 2,LinkedIn,2024-03-15,378229,17691,3258,18255.93,58123.22
M1169,Campaign 2,Instagram,2024-02-21,276344,9219,778,13504.92,8300.12
M1170,Campaign 7,Google Ads,2024-11-23,373453,6479,1222,11901.01,34128.43
M1171,Campaign 12,LinkedIn,2024-07-08,242661,5536,444,1753.54,6389.48
M1172,Campaign 7,Facebook,2024-10-18,265566,4940,972,19273.54,46530.55
M1173,Campaign 10,Google Ads,2024-04-23,304624,7244,1417,18480.09,26208.14
M1174,Campaign 5,Facebook,2024-06-03,311870,6957,1183,4154.83,4681.64
M1175,Campaign 10,Facebook,2024-04-27,132198,3057,539,12879.95,7152.35
M1176,Campaign 5,Facebook,2024-02-09,420883,18955,2033,7520.14,12934.56
M1177,Campaign 1,Email,2024-08-31,57112,2460,329,8468.11,16188.08
M1178,Campaign 4,Google Ads,2024-04-27,279281,6943,555,11853.64,24673.8
M1179,Campaign 11,Email,2024-03-25,301438,5097,273,14466.34,16465.68
M1180,Campaign 5,Google Ads,2024-08-21,64045,2828,248,704.3,361.0
M1181,Campaign 11,TikTok,2024-11-19,69678,2933,243,18834.65,24738.82
M1182,Campaign 9,Google Ads,2024-02-25,67240,3131,622,2498.52,6655.5
M1183,Campaign 11,Instagram,2024-07-26,167884,6379,829,6163.58,7455.02
M1184,Campaign 5,Instagram,2024-03-25,101612,1954,128,4038.45,12154.14
M1185,Campaign 1,Instagram,2024-08-12,260128,8906,594,8851.48,24154.29
M1186,Campaign 3,Email,2024-12-08,141710,2178,121,15974.75,9356.37
M1187,Campaign 10,Email,2024-05-13,34642,1005,174,11730.1,42884.03
M1188,Campaign 10,Email,2024-12-30,349375,8901,1773,8789.19,22905.8
M1189,Campaign 4,TikTok,2024-03-13,22213,900,67,1438.32,3688.94
M1190,Campaign 6,Email,2024-01-31,306441,14088,1775,5076.09,11842.38
M1191,Campaign 4,Google Ads,2024-03-27,39242,1498,278,1844.79,5110.09
M1192,Campaign 2,Instagram,2024-10-10,184535,7981,653,7232.65,18897.37
M1193,Campaign 8,Facebook,2024-11-26,435478,20120,3724,3601.65,2129.45
M1194,Campaign 10,TikTok,2024-06-16,340601,7335,482,13312.84,12893.29
M1195,Campaign 9,Instagram,2024-08-30,299805,11711,2254,13236.46,10482.63
M1196,Campaign 4,Email,2024-02-07,434117,4605,430,17158.84,36940.68
M1197,Campaign 8,TikTok,2024-12-22,291008,7110,682,3674.05,4338.35
M1198,Campaign 3,Email,2024-08-15,46296,1773,334,17912.58,61642.72
M1199,Campaign 2,Google Ads,2024-03-28,342277,13055,1475,519.77,1330.67
M1200,Campaign 10,Email,2024-03-21,492839,9448,786,8404.86,26163.62
M1201,Campaign 1,TikTok,2024-04-03,208227,3233,638,11608.88,41647.68
M1202,Campaign 1,TikTok,2024-05-25,300639,8753,1079,5826.55,8958.54
M1203,Campaign 11,TikTok,2024-06-02,364061,15543,1223,1928.77,7361.14
M1204,Campaign 3,Google Ads,2024-12-20,356933,11757,1113,4761.88,13097.3
M1205,Campaign 9,TikTok,2024-02-23,357284,13561,2509,1668.33,5853.2
M1206,Campaign 6,Email,2024-02-12,75542,2831,147,18956.64,56621.87
M1207,Campaign 12,Google Ads,2024-11-04,175393,3869,460,9213.42,15793.07
M1208,Campaign 12,Instagram,2024-03-20,312111,5317,504,8773.04,18327.58
M1209,Campaign 3,LinkedIn,2024-01-06,302530,15038,2970,19303.07,49554.22
M1210,Campaign 10,Facebook,2024-10-18,376230,17110,3159,11924.62,45750.45
M1211,Campaign 4,Email,2024-10-20,386751,19028,3168,14693.79,18027.21
M1212,Campaign 9,TikTok,2024-06-06,222092,8762,1019,16309.87,41997.46
M1213,Campaign 7,Email,2024-08-27,90915,1269,164,12761.59,47163.25
M1214,Campaign 7,Facebook,2024-02-14,142123,4018,287,12560.16,26115.8
M1215,Campaign 3,Email,2024-07-25,24002,313,53,7814.31,11797.72
M1216,Campaign 8,LinkedIn,2024-11-10,222233,7217,619,1297.04,3175.9
M1217,Campaign 10,Facebook,2024-12-31,83860,1239,139,10137.94,40096.12
M1218,Campaign 12,TikTok,2024-07-28,441420,12748,2061,3978.34,15652.18
M1219,Campaign 5,Facebook,2024-12-22,405286,17899,921,5230.1,13868.52
M1220,Campaign 3,Email,2024-04-09,392560,18189,3079,10464.46,34495.42
M1221,Campaign 8,LinkedIn,2024-10-27,133448,6635,1000,8597.68,22477.68
M1222,Campaign 6,Instagram,2024-12-18,104523,1702,318,999.25,3766.08
M1223,Campaign 9,Facebook,2024-06-27,52012,622,63,6707.94,6717.61
M1224,Campaign 11,Facebook,2024-12-24,452854,9737,892,15622.73,28558.61
M1225,Campaign 6,Google Ads,2024-02-11,162917,6953,1210,13831.43,31718.74
M1226,Campaign 11,TikTok,2024-12-12,443240,6256,409,8261.3,29793.48
M1227,Campaign 3,Instagram,2024-09-20,133624,5098,823,17634.39,62832.32
M1228,Campaign 1,Email,2024-12-26,236988,3115,211,7250.52,16400.25
M1229,Campaign 7,Google Ads,2024-09-17,16053,455,67,12273.98,33514.83
M1230,Campaign 3,Facebook,2024-11-28,253018,7502,1097,1258.55,712.02
M1231,Campaign 1,LinkedIn,2024-04-15,98488,4262,253,11955.13,41370.19
M1232,Campaign 9,Instagram,2024-10-27,458198,10722,768,18851.18,58586.66
M1233,Campaign 2,TikTok,2024-04-01,110805,2705,280,13906.44,10120.98
M1234,Campaign 11,TikTok,2024-12-30,386617,6311,717,8537.57,18330.18
M1235,Campaign 10,TikTok,2024-01-10,118885,3833,495,8978.87,28139.51
M1236,Campaign 10,LinkedIn,2024-05-16,281744,12498,1332,13259.86,32573.19
M1237,Campaign 6,Google Ads,2024-02-06,136637,5251,425,17868.38,38565.44
M1238,Campaign 3,Google Ads,2024-02-28,31609,1497,205,10629.07,22054.54
M1239,Campaign 4,Facebook,2024-04-14,338377,5520,619,10188.14,7272.75
M1240,Campaign 6,TikTok,2024-02-28,26683,1253,220,15655.19,40727.88
M1241,Campaign 7,Email,2024-02-19,118911,1867,111,17898.39,55126.95
M1242,Campaign 6,Email,2024-10-21,288804,9280,1062,13157.82,8951.33
M1243,Campaign 11,Facebook,2024-06-23,254523,7043,1261,6886.51,5042.81
M1244,Campaign 4,Instagram,2024-07-22,436127,21239,1090,10081.17,18156.65
M1245,Campaign 5,TikTok,2024-06-29,352429,12718,1147,15291.12,11557.96
M1246,Campaign 10,TikTok,2024-12-21,431732,7351,750,8983.3,20595.29
M1247,Campaign 11,Instagram,2024-01-15,380332,17841,2076,13867.6,30288.43
M1248,Campaign 12,LinkedIn,2024-09-01,297155,9151,1067,9986.16,34596.96
M1249,Campaign 3,Instagram,2024-11-22,413926,15363,2265,5469.96,11118.71
M1250,Campaign 4,Google Ads,2024-03-09,239934,4746,946,12076.48,12328.69
M1251,Campaign 7,Instagram,2024-03-28,257317,9100,1127,6168.42,18648.84
M1252,Campaign 3,Google Ads,2024-01-13,468928,13917,1384,1687.69,1998.25
M1253,Campaign 3,TikTok,2024-02-10,312866,14074,1248,19002.58,15799.06
M1254,Campaign 3,Google Ads,2024-06-26,236343,2613,424,3040.37,7732.41
M1255,Campaign 10,TikTok,2024-05-11,414208,9866,1264,3136.07,8569.98
M1256,Campaign 7,Facebook,2024-10-19,487624,24204,2896,1141.22,4399.61
M1257,Campaign 7,Google Ads,2024-10-13,157230,6412,1116,14303.3,53122.08
M1258,Campaign 1,Google Ads,2024-07-25,178712,5435,727,5766.66,14733.0
M1259,Campaign 7,LinkedIn,2024-12-12,156042,5528,720,4709.92,17826.37
M1260,Campaign 12,Instagram,2024-07-19,471848,19015,1753,14658.18,51990.39
M1261,Campaign 1,LinkedIn,2024-11-01,496866,15530,901,1385.15,4975.6
M1262,Campaign 5,Facebook,2024-04-21,13799,631,112,1943.97,7116.47
M1263,Campaign 7,Instagram,2024-10-09,429658,16531,866,8092.67,20049.22
M1264,Campaign 4,Facebook,2024-08-14,256259,3264,618,8323.41,23237.18
M1265,Campaign 5,TikTok,2024-01-08,40405,1484,75,12352.24,26942.69
M1266,Campaign 11,Instagram,2024-02-23,91011,2474,463,10718.1,14100.89
M1267,Campaign 2,LinkedIn,2024-03-24,125969,5331,692,14692.1,18811.45
M1268,Campaign 10,Instagram,2024-12-15,109974,2472,439,17901.1,53781.51
M1269,Campaign 8,Google Ads,2024-07-16,385082,4208,644,13982.35,9651.66
M1270,Campaign 9,Email,2024-04-10,152652,3704,448,2645.38,3820.36
M1271,Campaign 2,Email,2024-07-29,30910,722,77,10265.42,11423.79
M1272,Campaign 10,LinkedIn,2024-08-13,472670,9087,460,14153.09,21677.89
M1273,Campaign 3,Facebook,2024-10-26,202822,8318,1244,17697.56,69897.37
M1274,Campaign 3,Facebook,2024-06-04,108110,3028,165,5745.29,12856.76
M1275,Campaign 7,Facebook,2024-08-29,264341,4598,835,7086.36,6833.3
M1276,Campaign 8,Facebook,2024-08-19,406080,11667,756,4060.72,11219.75
M1277,Campaign 4,LinkedIn,2024-08-13,127294,6030,1100,11331.25,30048.77
M1278,Campaign 1,Facebook,2024-09-27,258379,7690,1301,17745.6,57437.93
M1279,Campaign 8,Email,2024-03-09,462015,11686,1704,5961.09,7117.35
M1280,Campaign 8,LinkedIn,2024-05-25,263107,6649,611,3239.89,3055.27
M1281,Campaign 1,Instagram,2024-06-07,70028,2941,346,13124.45,13222.72
M1282,Campaign 9,Instagram,2024-08-27,491043,5748,1033,8497.61,7705.29
M1283,Campaign 7,TikTok,2024-01-08,334488,3494,691,9485.12,35623.68
M1284,Campaign 11,TikTok,2024-02-16,153530,3107,582,11660.4,22958.05
M1285,Campaign 11,Instagram,2024-08-01,358822,10925,1256,19995.1,10288.61
M1286,Campaign 11,LinkedIn,2024-08-26,308965,7981,1031,15334.4,17538.24
M1287,Campaign 6,Email,2024-06-04,57702,1006,57,10194.79,34074.42
M1288,Campaign 10,Google Ads,2024-10-21,278377,10864,862,2812.93,3877.21
M1289,Campaign 2,LinkedIn,2024-01-01,56617,1525,284,12649.75,32233.6
M1290,Campaign 9,LinkedIn,2024-10-10,245043,10144,1321,5893.34,6320.06
M1291,Campaign 12,TikTok,2024-06-09,233900,9127,489,17291.69,65116.58
M1292,Campaign 7,Google Ads,2024-07-17,319444,6384,665,10161.79,9262.5
M1293,Campaign 1,TikTok,2024-11-22,341296,16860,2442,7137.07,25048.69
M1294,Campaign 12,Instagram,2024-02-09,374505,12255,1988,12924.17,46704.56
M1295,Campaign 6,TikTok,2024-09-02,467208,11208,915,2240.97,4371.65
M1296,Campaign 2,LinkedIn,2024-09-04,487675,6745,1325,19791.7,40285.36
M1297,Campaign 11,Facebook,2024-09-01,23999,463,65,1264.03,3855.34
M1298,Campaign 12,LinkedIn,2024-06-02,371611,14709,1127,17776.16,30348.63
M1299,Campaign 8,Instagram,2024-05-22,25517,1164,108,15395.82,50275.75
M1300,Campaign 5,Email,2024-09-01,449206,4890,726,18579.24,65850.08
M1301,Campaign 10,Email,2024-05-31,322723,12863,832,16074.4,52156.72
M1302,Campaign 6,TikTok,2024-02-26,179188,6764,378,19179.88,67210.9
M1303,Campaign 11,TikTok,2024-03-10,28372,1380,270,7953.37,7510.89
M1304,Campaign 5,LinkedIn,2024-10-08,430857,13544,1644,10924.47,37885.85
M1305,Campaign 9,Facebook,2024-10-09,44501,735,90,2010.25,1822.78
M1306,Campaign 1,LinkedIn,2024-04-20,16430,183,26,16733.68,57718.71
M1307,Campaign 5,Instagram,2024-05-19,21545,355,65,5045.84,15521.82
M1308,Campaign 11,Google Ads,2024-05-29,397725,17356,2968,17912.4,36155.91
M1309,Campaign 12,LinkedIn,2024-09-15,125731,5009,607,3476.13,2990.71
M1310,Campaign 6,Google Ads,2024-06-28,392186,4290,443,19835.32,42092.45
M1311,Campaign 10,Email,2024-07-10,124754,3566,359,19453.07,40085.74
M1312,Campaign 1,Google Ads,2024-12-29,403558,6067,834,9619.62,21195.23
M1313,Campaign 11,Email,2024-02-09,286748,7678,550,16098.54,32810.61
M1314,Campaign 6,Google Ads,2024-11-09,331043,7157,968,11824.22,41287.46
M1315,Campaign 5,Google Ads,2024-10-04,373548,9676,1373,16101.55,51919.02
M1316,Campaign 7,TikTok,2024-10-20,326663,8188,929,16809.87,24873.82
M1317,Campaign 9,Email,2024-12-09,183711,6972,835,17539.74,61945.48
M1318,Campaign 12,Google Ads,2024-02-27,98172,2452,187,7292.79,5962.3
M1319,Campaign 6,Facebook,2024-09-08,377277,11548,1030,5173.8,18795.62
M1320,Campaign 10,TikTok,2024-11-14,109902,2528,439,5798.49,11982.0
M1321,Campaign 5,Instagram,2024-09-21,402986,14532,1988,988.84,2294.85
M1322,Campaign 8,TikTok,2024-11-22,303367,11336,1361,11914.55,28695.23
M1323,Campaign 6,TikTok,2024-06-09,155619,5070,334,1982.89,5339.53
M1324,Campaign 5,TikTok,2024-07-05,54148,1115,97,8529.27,7783.42
M1325,Campaign 4,TikTok,2024-05-29,237279,3482,655,19679.8,51084.06
M1326,Campaign 7,Instagram,2024-09-15,28714,1245,209,5811.49,6865.65
M1327,Campaign 9,Google Ads,2024-10-15,456313,14503,1705,4632.47,12066.59
M1328,Campaign 11,Instagram,2024-01-18,125175,5195,981,994.97,2555.6
M1329,Campaign 4,Email,2024-11-12,92703,997,187,18359.93,26992.62
M1330,Campaign 8,Google Ads,2024-12-22,382978,14376,886,13912.86,10167.98
M1331,Campaign 6,LinkedIn,2024-11-15,140044,6141,489,15227.92,23412.6
M1332,Campaign 6,Facebook,2024-05-14,85896,2107,251,4068.52,13346.99
M1333,Campaign 6,Google Ads,2024-06-27,127752,3937,238,5938.97,17919.51
M1334,Campaign 8,Facebook,2024-04-26,448712,19892,1240,1351.16,3958.03
M1335,Campaign 6,Email,2024-10-19,86850,2799,339,14015.15,27350.71
M1336,Campaign 7,Email,2024-08-11,442980,13984,1404,7870.04,24624.54
M1337,Campaign 4,Instagram,2024-03-03,67976,2540,361,2119.82,5390.53
M1338,Campaign 6,Email,2024-10-23,327128,7902,1321,2765.91,1923.84
M1339,Campaign 9,Email,2024-02-19,26825,797,133,9588.49,21228.37
M1340,Campaign 4,Instagram,2024-05-09,141595,2230,427,9505.0,20325.82
M1341,Campaign 2,TikTok,2024-03-01,138171,5330,283,1848.79,1600.58
M1342,Campaign 5,Google Ads,2024-02-24,219495,2539,357,12919.23,40633.48
M1343,Campaign 6,TikTok,2024-04-13,291666,5324,1060,2441.71,9205.55
M1344,Campaign 8,Facebook,2024-04-17,208693,8647,460,7352.47,6855.91
M1345,Campaign 4,Google Ads,2024-03-30,484211,16008,3111,1791.9,2115.58
M1346,Campaign 8,TikTok,2024-10-22,15935,572,62,545.31,1175.79
M1347,Campaign 6,Facebook,2024-10-02,450582,15412,1683,15561.15,51826.91
M1348,Campaign 3,Email,2024-01-02,414698,4157,217,13724.46,41032.64
M1349,Campaign 1,Facebook,2024-10-25,479898,20311,3416,11753.34,36137.43
M1350,Campaign 10,Facebook,2024-09-21,348981,13029,1085,6549.39,4497.6
M1351,Campaign 1,TikTok,2024-10-28,493535,7968,826,14586.96,17566.35
M1352,Campaign 5,Instagram,2024-12-01,325024,5318,893,3506.88,8406.72
M1353,Campaign 11,Facebook,2024-05-07,285483,13887,2236,7426.69,17109.17
M1354,Campaign 3,TikTok,2024-06-07,59192,1784,224,3271.4,9637.47
M1355,Campaign 6,Email,2024-06-23,492535,20556,2689,5022.61,10315.69
M1356,Campaign 12,Facebook,2024-10-01,436769,14821,1644,1555.02,3161.86
M1357,Campaign 12,Facebook,2024-01-13,81332,1240,228,624.87,1537.93
M1358,Campaign 8,Facebook,2024-04-16,417455,10121,1904,9366.74,21287.92
M1359,Campaign 11,Facebook,2024-04-13,473504,21041,3320,8153.27,20439.77
M1360,Campaign 8,Facebook,2024-10-20,14579,154,30,18611.7,49334.03
M1361,Campaign 5,Email,2024-04-30,156988,5421,900,15053.06,43481.06
M1362,Campaign 3,TikTok,2024-01-09,226989,3549,322,6817.42,13360.21
M1363,Campaign 4,Facebook,2024-12-08,295252,7735,1445,10158.67,20474.28
M1364,Campaign 5,Instagram,2024-01-07,182341,6657,584,5202.46,11493.8
M1365,Campaign 11,LinkedIn,2024-09-30,428867,18045,1349,12288.34,44736.16
M1366,Campaign 7,Instagram,2024-11-06,413438,9866,1028,19785.41,18012.82
M1367,Campaign 7,LinkedIn,2024-07-24,114073,1566,280,14941.12,11678.5
M1368,Campaign 4,Instagram,2024-04-05,91672,1681,271,13918.29,41475.65
M1369,Campaign 10,Google Ads,2024-06-09,13590,637,81,1905.99,4420.04
M1370,Campaign 2,Google Ads,2024-02-23,200807,7032,876,9959.8,29289.03
M1371,Campaign 2,Instagram,2024-11-16,29678,730,90,9710.55,8677.0
M1372,Campaign 11,Email,2024-09-27,425906,7938,1139,7867.79,14700.39
M1373,Campaign 7,Instagram,2024-08-17,32161,1297,125,15755.54,54385.17
M1374,Campaign 4,Google Ads,2024-06-03,463969,9317,1462,2962.3,9268.84
M1375,Campaign 1,LinkedIn,2024-09-10,305515,6421,638,4910.51,14176.87
M1376,Campaign 11,Google Ads,2024-10-29,472398,16990,2354,18173.46,65912.39
M1377,Campaign 9,Facebook,2024-05-02,58059,2507,389,6583.32,21209.01
M1378,Campaign 10,LinkedIn,2024-07-06,50820,2265,214,5361.56,21049.32
M1379,Campaign 4,Facebook,2024-12-24,102254,2432,189,7499.97,16080.33
M1380,Campaign 1,Email,2024-02-23,316757,9548,1480,12146.07,41230.7
M1381,Campaign 3,TikTok,2024-09-20,430482,12307,1515,19622.17,61261.44
M1382,Campaign 12,Facebook,2024-07-20,255684,8985,883,6665.21,24411.98
M1383,Campaign 12,Instagram,2024-07-21,475685,20105,1295,12984.29,11838.56
M1384,Campaign 4,LinkedIn,2024-06-28,440715,17357,1934,7687.63,26645.77
M1385,Campaign 7,Email,2024-08-11,410138,14354,1464,17297.95,15167.28
M1386,Campaign 6,TikTok,2024-03-04,332236,6723,1134,2875.68,6930.0
M1387,Campaign 6,Instagram,2024-11-23,101616,3593,665,12892.63,27342.33
M1388,Campaign 3,LinkedIn,2024-01-05,98709,2309,423,9079.48,11155.46
M1389,Campaign 11,Email,2024-11-30,140136,5633,853,2115.46,2989.36
M1390,Campaign 8,Email,2024-12-02,316321,9905,1305,728.61,2494.66
M1391,Campaign 5,Google Ads,2024-09-26,354658,11906,1199,7468.04,3793.57
M1392,Campaign 1,LinkedIn,2024-01-10,262555,3835,547,8913.76,18574.04
M1393,Campaign 1,Facebook,2024-02-10,285538,9411,794,12197.13,30330.95
M1394,Campaign 2,TikTok,2024-08-30,84035,1156,162,15270.69,31941.83
M1395,Campaign 8,LinkedIn,2024-01-18,184945,2889,198,13218.6,17316.43
M1396,Campaign 7,TikTok,2024-09-23,457589,22130,3286,15381.39,49225.93
M1397,Campaign 7,Facebook,2024-07-23,39907,929,50,1309.51,2390.42
M1398,Campaign 10,TikTok,2024-11-09,304933,8505,1093,4849.18,12705.8
M1399,Campaign 4,Instagram,2024-10-08,257575,5558,929,7947.65,8103.71
M1400,Campaign 4,Email,2024-01-25,233089,4345,701,4353.89,8118.75
M1401,Campaign 1,Google Ads,2024-10-23,271719,12501,1887,11620.98,25730.45
M1402,Campaign 8,Email,2024-05-07,116865,3884,280,9263.07,19340.39
M1403,Campaign 9,Instagram,2024-10-27,219143,9078,991,625.94,1317.0
M1404,Campaign 11,TikTok,2024-08-23,68416,1861,103,18278.37,67528.19
M1405,Campaign 5,Instagram,2024-05-14,50937,1042,115,1942.46,6550.59
M1406,Campaign 12,Facebook,2024-10-17,116812,3591,539,14089.35,51616.92
M1407,Campaign 2,Google Ads,2024-09-08,72870,3333,490,19314.09,42981.49
M1408,Campaign 2,Google Ads,2024-05-24,386701,17864,2811,9906.28,24320.4
M1409,Campaign 2,LinkedIn,2024-02-02,135967,1420,282,10997.15,23534.66
M1410,Campaign 5,TikTok,2024-06-13,223927,6690,429,2852.31,9479.42
M1411,Campaign 10,Facebook,2024-12-08,213732,2253,371,8301.61,30749.98
M1412,Campaign 9,LinkedIn,2024-05-19,268272,5562,385,2994.21,7297.28
M1413,Campaign 3,Google Ads,2024-06-29,68633,2354,380,16808.0,31990.71
M1414,Campaign 3,LinkedIn,2024-01-07,429842,10739,1202,4748.99,17079.96
M1415,Campaign 7,Instagram,2024-12-24,43174,677,133,9782.77,32197.96
M1416,Campaign 10,Google Ads,2024-12-02,45523,1647,113,797.95,1247.17
M1417,Campaign 8,Facebook,2024-04-30,446321,10878,2006,11763.28,10093.22
M1418,Campaign 4,Instagram,2024-03-16,72171,2419,132,19900.87,71457.69
M1419,Campaign 12,Facebook,2024-09-06,458003,22385,1559,16969.98,35669.92
M1420,Campaign 2,Instagram,2024-03-12,432659,8983,1000,12326.89,37508.66
M1421,Campaign 8,Facebook,2024-02-18,427669,20921,1052,9607.77,10896.65
M1422,Campaign 8,TikTok,2024-06-04,340238,16058,3141,4597.35,4339.28
M1423,Campaign 8,Facebook,2024-11-25,133587,4861,783,4329.55,9033.65
M1424,Campaign 10,Instagram,2024-11-29,240519,6158,624,2891.7,10607.93
M1425,Campaign 10,Facebook,2024-09-11,10253,429,49,8819.36,21645.89
M1426,Campaign 11,LinkedIn,2024-09-27,28087,403,57,7546.99,16404.14
M1427,Campaign 4,Facebook,2024-09-26,202873,9651,880,18696.71,23149.63
M1428,Campaign 12,LinkedIn,2024-08-15,49355,1935,156,16078.02,60625.98
M1429,Campaign 10,TikTok,2024-03-23,119039,3405,232,11616.4,36011.05
M1430,Campaign 5,Email,2024-10-27,35744,533,96,1899.92,2393.38
M1431,Campaign 6,Google Ads,2024-06-29,195951,4028,674,10425.73,37105.01
M1432,Campaign 12,Facebook,2024-08-21,214384,2467,369,5684.14,21158.82
M1433,Campaign 3,Email,2024-11-13,324669,10553,1408,745.01,2727.17
M1434,Campaign 8,TikTok,2024-09-03,149773,4993,443,7818.65,25136.52
M1435,Campaign 9,LinkedIn,2024-07-09,378507,15427,1443,7681.84,22036.43
M1436,Campaign 6,Google Ads,2024-11-26,348811,16399,1704,13880.67,14181.78
M1437,Campaign 11,TikTok,2024-09-15,290846,12519,2457,15634.18,43974.3
M1438,Campaign 6,Facebook,2024-10-14,168650,7600,884,14011.35,50490.56
M1439,Campaign 7,Email,2024-02-18,329047,6176,653,14701.96,56130.9
M1440,Campaign 4,LinkedIn,2024-08-01,251792,6226,384,16346.11,20824.18
M1441,Campaign 6,Instagram,2024-08-01,147171,5324,373,685.22,1568.58
M1442,Campaign 6,TikTok,2024-12-05,239939,2843,174,2716.48,6190.64
M1443,Campaign 11,TikTok,2024-11-20,321568,15471,2529,11780.46,8165.34
M1444,Campaign 9,TikTok,2024-06-15,487844,15910,2829,3444.16,5082.73
M1445,Campaign 10,Email,2024-11-22,286463,3045,164,10936.76,11621.52
M1446,Campaign 5,TikTok,2024-07-04,395099,5255,369,5596.25,11309.4
M1447,Campaign 9,Google Ads,2024-02-03,387753,12934,2428,6480.25,12020.91
M1448,Campaign 6,LinkedIn,2024-02-25,318242,12698,2220,9035.53,26242.6
M1449,Campaign 6,TikTok,2024-03-04,74820,1670,268,6068.21,9498.45
M1450,Campaign 2,Google Ads,2024-12-30,121067,3306,287,8028.39,17690.96
M1451,Campaign 6,TikTok,2024-09-12,60620,958,134,12843.0,36575.29
M1452,Campaign 11,Instagram,2024-12-28,16401,272,39,16961.94,47341.22
M1453,Campaign 8,LinkedIn,2024-09-11,415629,16201,2441,15477.31,51282.48
M1454,Campaign 4,TikTok,2024-10-10,99269,1949,207,13833.22,7180.68
M1455,Campaign 5,LinkedIn,2024-10-20,59608,818,96,19426.59,17113.93
M1456,Campaign 8,Facebook,2024-11-15,174681,5437,592,1414.62,732.05
M1457,Campaign 9,Google Ads,2024-04-21,59436,823,51,18096.77,25649.91
M1458,Campaign 11,Facebook,2024-07-24,199058,6539,1167,595.9,299.99
M1459,Campaign 10,Instagram,2024-10-17,422738,7224,396,5332.86,6714.55
M1460,Campaign 2,Facebook,2024-08-21,68453,2313,346,8459.53,23652.38
M1461,Campaign 1,Email,2024-09-14,31076,878,103,15368.57,40788.26
M1462,Campaign 6,LinkedIn,2024-08-10,489490,20552,3837,6718.54,24909.86
M1463,Campaign 10,Facebook,2024-01-25,133352,3338,528,17177.69,20142.04
M1464,Campaign 6,LinkedIn,2024-09-18,318471,3490,184,11147.7,12623.35
M1465,Campaign 12,Instagram,2024-05-31,417422,13087,1189,2851.82,10056.05
M1466,Campaign 11,Instagram,2024-08-16,497549,23308,2114,12798.73,26570.6
M1467,Campaign 5,Google Ads,2024-07-19,345826,15538,1056,6303.4,12966.52
M1468,Campaign 1,Instagram,2024-06-20,201418,9719,1583,1957.15,7825.01
M1469,Campaign 12,LinkedIn,2024-05-28,378099,8770,609,12160.91,45321.95
M1470,Campaign 4,LinkedIn,2024-12-01,163908,7919,660,18614.0,32018.06
M1471,Campaign 1,LinkedIn,2024-06-16,446002,11162,2223,19359.75,55697.7
M1472,Campaign 7,Facebook,2024-10-23,454172,11147,564,15042.55,45195.08
M1473,Campaign 8,LinkedIn,2024-07-30,86569,2410,342,16023.03,11639.53
M1474,Campaign 3,LinkedIn,2024-01-07,130981,3857,364,9869.82,5567.68
M1475,Campaign 9,Google Ads,2024-03-05,165930,4440,664,15558.71,16008.51
M1476,Campaign 8,LinkedIn,2024-01-22,69754,3326,413,10571.17,25050.37
M1477,Campaign 8,Email,2024-08-27,40490,652,71,16647.37,46914.29
M1478,Campaign 2,Google Ads,2024-08-23,345636,7445,684,19655.93,13615.17
M1479,Campaign 5,Instagram,2024-09-30,219642,5740,500,14330.98,24200.75
M1480,Campaign 3,Facebook,2024-10-25,265113,2817,325,11548.12,34512.21
M1481,Campaign 11,Instagram,2024-02-24,149128,2585,474,16488.35,50031.29
M1482,Campaign 3,Email,2024-01-17,401974,17705,3102,9609.2,27599.53
M1483,Campaign 6,LinkedIn,2024-03-23,475186,6127,573,2122.39,2955.92
M1484,Campaign 12,LinkedIn,2024-09-28,396071,9587,614,19226.93,58115.28
M1485,Campaign 8,Google Ads,2024-04-28,28291,1178,144,7421.94,22861.56
M1486,Campaign 12,Instagram,2024-07-29,252256,2912,185,7357.75,27368.78
M1487,Campaign 10,Google Ads,2024-07-12,373610,8507,1384,10432.69,14213.03
M1488,Campaign 7,LinkedIn,2024-04-20,355371,14581,1247,5376.81,12714.73
M1489,Campaign 12,TikTok,2024-05-16,457084,7641,832,18729.92,46837.84
M1490,Campaign 11,TikTok,2024-08-10,161070,2784,177,6360.85,11004.86
M1491,Campaign 2,LinkedIn,2024-08-05,94086,1531,189,5810.57,13214.83
M1492,Campaign 9,LinkedIn,2024-07-15,266494,11538,1016,15734.87,33583.22
M1493,Campaign 4,Facebook,2024-03-31,288232,13016,2515,1087.42,1358.95
M1494,Campaign 7,Google Ads,2024-03-31,43212,2028,137,2204.24,7977.53
M1495,Campaign 10,Google Ads,2024-12-19,295102,8908,1459,17696.55,48225.24
M1496,Campaign 10,Instagram,2024-11-24,192004,9465,1034,18753.4,41469.87
M1497,Campaign 3,Email,2024-10-23,254896,8512,1326,2053.02,7066.51
M1498,Campaign 3,Facebook,2024-03-17,295118,5194,412,12016.88,26957.64
M1499,Campaign 10,Instagram,2024-02-18,134464,5368,789,13916.63,22824.73
M1500,Campaign 8,Facebook,2024-04-07,225742,6404,1169,10053.62,39119.98
