ACTIVE,BKCLASS,ROA,LONGITUDE,ROE,STNAME,ASSET,OFFICES,NETINC,DEP,NAME,CITY,CERT,STALP,LATITUDE,ESTYMD
1,NM,0.3648207474627595,-88.989642750933,3.71,Wisconsin,263059,6,239,221684,Ergo Bank,Markesan,10004,WI,43.714717688837,01/20/1910
1,NM,1.5502125750589724,-89.6620579667678,23.94,Wisconsin,509650,6,1974,393758,Woodford State Bank,Monroe,10011,WI,42.6040529890936,01/01/1915
1,NM,1.3169262381208116,-89.4103400266777,10.71,Wisconsin,212581,4,705,176573,The Portage County Bank,Almond,10012,WI,44.2578870171019,01/01/1901
1,NM,1.6889812168534264,-91.5608120018434,14.3,Wisconsin,241081,4,998,204562,Security Bank,New Auburn,10015,WI,45.2041540132855,08/28/1907
1,N,1.6765150192359801,-88.4475480245648,8.84,Wisconsin,2933056,34,12266,2317148,National Exchange Bank and Trust,Fond Du Lac,10044,WI,43.7751139950823,12/20/1933
1,SM,1.0546132111199011,-84.77510499059,12.69,Michigan,2203614,32,5754,1890688,Isabella Bank,Mount Pleasant,1005,MI,43.6042419837808,07/01/1903
1,NM,0.9358914365933552,-82.345320006062,9.91,Georgia,334787,7,775,301581,First Southern Bank,Waycross,10055,GA,31.2097449839161,06/19/1907
1,NM,0.3608860455442876,-82.972288961975,2.28,Georgia,84575,1,77,70975,Bank of Hancock County,Sparta,10057,GA,33.2763470072655,09/01/1904
1,NM,0.3574890518977856,-84.2083180156575,4.45,Georgia,145493,2,130,123806,Planters and Citizens Bank,Camilla,10072,GA,31.2318460090234,05/24/1913
1,NM,0.5126425119483086,-83.764276552836,6.63,Georgia,73232,2,96,66833,Apex Banking Company of Georgia,Cleveland,10074,GA,34.577834282339,07/16/1907
1,NM,1.3708252623512633,-88.6163929983119,11.98,Illinois,47037,1,161,41151,Peoples State Bank of Colfax,Colfax,10075,IL,40.5672510203753,06/01/1892
1,NM,1.4416324367298263,-89.4858080006604,4.9,Illinois,38322,1,136,26926,Farmers State Bank of Emden,Emden,10077,IL,40.2992860182651,05/25/1891
1,SM,0.4494539836370659,-84.2471630239148,3.71,Michigan,159724,3,176,133330,Bank Michigan,Brooklyn,1008,MI,42.0976269906841,10/01/1907
1,NM,1.4960125852462625,-85.3305495831233,13.92,Indiana,507010,7,1852,448951,The Napoleon State Bank,Napoleon,10101,IN,39.2046590825134,12/09/1903
1,NM,1.36980377540325,-91.016013022054,11.32,Iowa,489249,6,1663,408837,Ohnward Bank & Trust,Cascade,10111,IA,42.2984940196846,02/28/1903
1,NM,1.6745367383159817,-92.9205720279927,14.82,Iowa,293411,4,1223,248766,Leighton State Bank,Pella,10118,IA,41.408333010696,07/14/1911
1,NM,-0.8987407568872717,-90.9284620317297,-7.36,Iowa,28689,1,-67,23629,American Trust and Savings Bank,Lowden,10120,IA,41.8578939986685,10/01/1913
1,NM,1.5559584638206692,-90.9086700113996,8.2,Iowa,182910,3,708,147545,Liberty Trust & Savings Bank,Durant,10121,IA,41.6006559886041,01/01/1905
1,NM,1.2781017223364455,-92.4648969864775,18.95,Iowa,232530,2,711,212260,Farmers Savings Bank & Trust,Traer,10122,IA,42.1931280066227,01/01/1915
1,NM,0.9104513723979102,-91.2834420014561,12.21,Iowa,175037,2,381,159377,Citizens Savings Bank,Anamosa,10125,IA,42.1080930121746,11/08/1906
1,NM,1.7839079431966154,-92.4153880180863,14.69,Iowa,267113,3,1197,227009,Success Bank,Bloomfield,10127,IA,40.752479010612,01/01/1900
1,NM,2.019691306991712,-93.6226040281461,19.96,Iowa,146440,3,739,117570,Exchange State Bank,Ames,10132,IA,42.054617014739,01/01/1902
1,NM,0.6803597238491842,-82.9465250032705,6.6,Kentucky,244276,3,416,219150,The Commercial Bank of Grayson,Grayson,10137,KY,38.332442011839,01/01/1891
1,SM,1.2998496571482867,-85.707452914541,11.26,Michigan,4391138,50,14296,3671307,ChoiceOne Bank,Sparta,1014,MI,43.161133552511,01/01/1898
1,NM,2.448393769259994,-85.8916559656577,7.74,Kentucky,24001,1,145,16109,Hart County Bank and Trust Company,Munfordville,10145,KY,37.2719890192486,02/20/1890
1,NM,0.8027571620990557,-86.3638798758723,9.88,Michigan,391544,9,780,346438,The Shelby State Bank,Shelby,10157,MI,43.6126445362313,03/02/1910
1,NM,1.6148915709607587,-92.7843319870459,19.65,Minnesota,471002,4,1906,429334,First State Bank and Trust,Bayport,10159,MN,45.0262090168084,01/01/1914
1,N,1.161904886351015,-94.475535766443,4.84,Minnesota,782851,2,2223,557388,VersaBank USA National Association,Holdingford,10160,MN,45.730175434486,10/10/1910
1,NM,1.8233512001864367,-92.5039360357932,16.84,Minnesota,105200,2,489,92226,First State Bank Minnesota,Le Roy,10162,MN,43.5099330002023,06/01/1893
1,NM,2.32532274761094,-92.7696580406137,21.74,Minnesota,235431,4,1359,209683,Security State Bank of Marine,Marine On St. Croix,10163,MN,45.1981190010897,05/12/1919
1,NM,1.3817007809935948,-94.1040029628687,19.17,Minnesota,330978,3,1163,307666,Farmers and Merchants State Bank of Pierz,Pierz,10165,MN,45.9793119998552,01/01/1908
1,NM,1.4741405358954967,-95.7625989596185,12.42,Minnesota,286018,1,1055,250263,Citizens State Bank of Roseau,Roseau,10167,MN,48.8455599913586,05/03/1905
1,NM,1.1762800144542884,-92.9059442067027,13.57,Minnesota,473457,7,1416,425996,First Farmers & Merchants Bank,Cannon Falls,10168,MN,44.4946189140004,06/21/1915
1,NM,1.9659080059635285,-93.8696450339023,23.28,Minnesota,343385,4,1673,284754,Sherburne State Bank,Becker,10169,MN,45.3892090010407,09/07/1920
1,NM,1.6744342797848422,-95.8716839812098,21.58,Minnesota,111995,4,472,102506,Farmers State Bank of Underwood,Underwood,10174,MN,46.2851339933859,12/01/1915
1,NM,1.0165799346484328,-92.9335499801364,10.98,Minnesota,146163,1,378,128731,Security State Bank of Hibbing,Hibbing,10175,MN,47.4277780006769,02/11/1911
1,NM,1.3061107963796466,-93.2046036984446,12.19,Minnesota,110591,4,366,98183,Produce State Bank,Hollandale,10178,MN,43.761142988521,08/02/1926
1,NM,1.735614868605714,-93.6737529997126,14.82,Minnesota,78786,1,337,69365,Elysian Bank,Elysian,10185,MN,44.1984760035754,09/24/1907
1,NM,1.4952717582397246,-95.512571984675,10.14,Minnesota,53476,1,202,45374,The Northern State Bank of Gonvick,Gonvick,10187,MN,47.7372739919169,05/12/1928
1,NM,1.6233439543853767,-95.191439145799,13.91,Minnesota,296243,4,1210,255910,PrinsBank,Prinsburg,10191,MN,44.940269237822,10/14/1916
1,NM,0.8796219131238945,-94.4051420290047,10.83,Minnesota,183686,5,409,168524,Pine River State Bank,Pine River,10194,MN,46.7164850033431,01/22/1918
1,NM,1.8991964937910883,-95.7378119955481,21.63,Minnesota,103054,4,494,93002,Hometown Community Bank,Cyrus,10197,MN,45.6147740202093,10/07/1901
1,NM,2.5178324970655384,-95.1964494325641,18.91,Minnesota,39845,1,244,34228,State Bank of Jeffers,Jeffers,10200,MN,44.0559500513357,06/27/1900
1,NM,1.2262049645227215,-95.5178209839006,13.01,Minnesota,86563,1,267,71020,Lowry State Bank,Lowry,10202,MN,45.7049440199998,10/04/1899
1,NM,1.3125383334793657,-93.2673929693491,10.41,Minnesota,226753,2,749,165500,Commerce Bank,Geneva,10212,MN,43.8236610143556,01/01/1915
1,NM,2.522210949817574,-92.9650695402944,19.63,Minnesota,936640,6,5889,812727,Vermillion State Bank,Vermillion,10214,MN,44.673269369953,08/10/1918
1,NM,1.170537877973008,-94.3696800406881,22.79,Minnesota,310003,3,925,266977,Citizens Bank & Trust Co.,Hutchinson,10218,MN,44.890923004081,01/01/1886
1,N,0.9606061875869684,-90.4821390148635,11.01,Wisconsin,342755,8,831,286713,"Clare Bank, National Association",Platteville,1022,WI,42.7332870162713,10/28/1905
1,NM,0.9977628635346757,-97.3273919882846,9.1,North Dakota,179210,3,446,153585,The Goose River Bank,Mayville,10236,ND,47.5001690199134,10/27/1881
1,NM,2.320800171537404,-103.983503800582,35.48,North Dakota,120879,3,690,113047,First State Bank of Golva,Golva,10243,ND,46.7355673333217,06/01/1914
1,NM,1.274999182976356,-103.282710976565,15.1,North Dakota,6047838,28,19458,5337098,First International Bank & Trust,Watford City,10248,ND,47.8017400055201,05/01/1910
1,NM,1.4151659631328009,-100.929461612171,16.11,North Dakota,206073,2,699,187530,Peoples State Bank of Velva,Velva,10250,ND,48.0574797903823,01/01/1915
1,NM,0.40971126429144866,-101.777885496829,3.57,North Dakota,74118,2,74,65763,First Security Bank - West,Beulah,10253,ND,47.263537337463,01/01/1915
1,NM,1.3678892127456197,-83.1500559687382,20.13,Ohio,853794,11,2905,792466,The Old Fort Banking Company,Old Fort,10255,OH,41.2404690129871,01/16/1916
1,NM,1.5872679558930805,-81.6310410395409,13.18,Ohio,329652,5,1311,285508,The Citizens Bank Company,Beverly,10266,OH,39.549209996848,01/01/1863
1,SM,2.6190195289002647,-89.907253780359,31.89,Arkansas,1303870,16,6188,1173949,Fm Bank And Trust,Blytheville,1027,AR,35.927793977749,03/16/1908
1,SM,1.4911478178692432,-92.4143795074962,22.55,Arkansas,250512,5,927,210357,FBT Bank & Mortgage,Fordyce,1028,AR,33.8133066025624,01/06/1931
1,NM,1.5760053923813993,-81.5164050187526,10.93,Ohio,134933,1,529,115052,The Farmers and Merchants Bank,Caldwell,10280,OH,39.7479359944109,01/20/1912
1,NM,2.041243324851304,-85.310201246902,18.2,Tennessee,2302796,36,11756,2018333,Builtwell Bank,Chattanooga,10307,TN,35.047433173772,05/03/1904
1,SM,0.9536223125250876,-89.620925537134,10.44,Tennessee,1121513,15,2643,969864,The Bank of Fayette County,Piperton,10308,TN,35.048743181419,04/26/1905
1,SM,0.9677818992719774,-89.3958339697662,12.68,Tennessee,134944,2,332,123388,Bank of Halls,Halls,10315,TN,35.8751920032665,10/13/1899
1,NM,1.179686586364168,-83.5090890077451,11.13,Tennessee,274617,5,807,244757,Citizens Bank and Trust Company of Grainger County,Rutledge,10317,TN,36.2826589896729,11/01/1919
1,NM,0.4096051319838759,-86.8098859986336,4.29,Tennessee,185762,2,189,159652,Citizens Savings Bank and Trust Company,Nashville,10319,TN,36.1686369852017,01/04/1904
1,NM,0.49136179662031276,-97.6481700211988,2.69,Texas,63861,2,78,51077,Citizens State Bank of Luling,Luling,10327,TX,29.6793199794736,01/02/1914
1,NM,1.5327699934617263,-96.6612859986077,15.1,Texas,121297,3,463,108528,Commercial State Bank,Palmer,10330,TX,32.4336540151544,03/01/1930
1,NM,2.045802104675047,-98.2702319595358,14.46,Texas,761914,6,3918,645958,Schertz Bank & Trust,Schertz,10344,TX,29.5534460058219,08/13/1913
1,NM,1.3971834641390477,-94.9930587373367,16.86,Texas,182477,3,646,161189,Peoples State Bank,Shepherd,10345,TX,30.4922599355385,09/21/1921
1,SM,2.5919477302507583,-99.7247049769967,24.89,Texas,56919,1,361,50567,Crowell State Bank,Crowell,10352,TX,33.9844180010187,12/28/1931
1,NM,1.140690524640675,-76.7989750284697,10.01,Virginia,2790564,32,7892,2410464,Citizens and Farmers Bank,West Point,10363,VA,37.5376940088056,02/01/1927
1,NM,1.7177236741503594,-89.634185037405,17.72,Wisconsin,824180,8,3516,644021,The Bank of New Glarus,New Glarus,10378,WI,42.815234997689,10/30/1893
1,NM,1.2072136341948128,-87.7969919740208,11.56,Wisconsin,429931,4,1303,380755,Oostburg State Bank,Oostburg,10380,WI,43.6228589870142,03/01/1908
1,NM,1.1460328966671844,-87.6293320337447,12.27,Wisconsin,173633,3,498,146621,Farmers & Merchants Bank & Trust,Marinette,10382,WI,45.0998149929102,12/02/1902
1,SM,1.0785955550509494,-91.2507850170372,12.15,Wisconsin,537110,5,1425,451824,State Bank Financial,La Crosse,10383,WI,43.8124800165242,07/26/1858
1,NM,1.0621609441937674,-91.7069120107716,9.74,Wisconsin,350631,8,931,303517,Waumandee State Bank,Waumandee,10384,WI,44.3022300090186,01/01/1914
1,SM,1.1831196284655958,-88.523855949065,12.69,Illinois,6539611,60,19288,5450631,Midland States Bank,Effingham,1040,IL,39.145854375859,01/01/1881
1,NM,0.7410197885966273,-103.623559979547,3.77,Colorado,112280,3,209,86992,The Farmers State Bank of Brush,Brush,10407,CO,40.2554720082579,10/09/1915
1,NM,0.9483719202674261,-88.7766569986831,8.4,Illinois,323117,5,766,281562,State Bank of Graymont,Graymont,10434,IL,40.8772039929764,01/01/1913
1,NM,1.2177581124749255,-89.0884253439124,10.03,Illinois,77512,3,236,67589,First State Bank of Olmsted,Olmsted,10437,IL,37.1813212689602,11/07/1921
1,NM,0.9810641931380979,-90.9046014044716,8.85,Illinois,255391,3,619,225323,Raritan State Bank,Raritan,10438,IL,40.6832446299209,01/01/1920
1,NM,2.1834482828724338,-88.0976449735917,20.92,Illinois,197597,4,1074,176592,"Frederick Community Bank, The",Paxton,10446,IL,40.4611629901739,06/14/1920
1,NM,1.5056991769950892,-90.7659279605215,18.46,Illinois,130980,2,499,118609,Farmers State Bank & Trust Co.,Mount Sterling,10458,IL,39.9862210126529,06/01/1914
1,NM,3.2824080811764764,-91.367133544463,22.99,Illinois,286643,6,2340,244360,Town & Country Bank Midwest,Quincy,10460,IL,39.937605471321,01/01/1910
1,NM,1.636368361070173,-88.0073009654914,11.24,Illinois,134571,5,551,113905,Federated Bank,Onarga,10464,IL,40.7152209899925,01/01/1918
1,NM,1.9638135135391293,-87.6563737756112,11.02,Illinois,53114,1,259,43515,Farmers & Merchants Bank of Hutsonville,Hutsonville,10469,IL,39.1094212252732,12/20/1920
1,NM,1.1376514416304042,-89.656856995847,10.85,Illinois,644563,11,1817,547503,Bank & Trust Company,Litchfield,1047,IL,39.177522002336,09/01/1902
1,SM,-0.718668307625969,-89.6340970145065,-6.39,Illinois,53758,1,-100,38181,Camp Grove State Bank,Camp Grove,10471,IL,41.0782472987911,01/01/1902
1,NM,1.426113862815051,-90.154810608437,16.1,Illinois,215111,7,772,183031,Ipava State Bank,Lewistown,10473,IL,40.387506932201,09/11/1902
1,NM,1.5052773401698716,-89.8241830011011,15.03,Illinois,449197,5,1782,397985,Citizens State Bank,Lena,10474,IL,42.3779029969023,01/01/1880
1,N,1.8174079667838166,-89.6617332783359,16.73,Illinois,279419,3,1265,235407,First National Bank of Steeleville,Steeleville,1049,IL,38.0070771603663,11/01/1902
1,NM,0.9261770504013569,-91.568364264243,6.73,Iowa,123935,4,286,104415,Farmers and Merchants Savings Bank,Iowa City,10492,IA,41.636483176442,09/25/1901
1,NM,1.296983570319191,-91.4185959992086,11.33,Iowa,195567,1,619,165378,Mount Vernon Bank and Trust Company,Mount Vernon,10494,IA,41.922859992796,01/01/1884
1,NM,1.664689965697728,-94.9898640136187,14.47,Iowa,217843,3,879,192391,Iowa State Bank,Sac City,10497,IA,42.4212950199941,03/29/1926
1,SM,0.7572561592980088,-91.5484305897487,12.48,Arkansas,189551,5,359,167278,Bank of Cave City,Cave City,105,AR,35.9399853720981,07/01/1906
1,NM,0.5912149616007367,-91.2301800359181,5.59,Iowa,133585,3,199,112891,Farmers Savings Bank,Wever,10500,IA,40.7140639939877,10/09/1908
1,SM,1.415812651767708,-99.90475303489,12.91,Kansas,85820,1,301,76177,The First State Bank,Ness City,10503,KS,38.4552580157552,01/01/1916
1,NM,1.2963223897421445,-95.2689269908093,15.01,Kansas,199910,3,667,179228,The Kansas State Bank,Ottawa,10505,KS,38.6199329926725,11/20/1917
1,NM,2.186671653507351,-83.4356770307923,27.09,Kentucky,227919,5,1257,179281,The Citizens Bank,Morehead,10520,KY,38.1804330126291,09/28/1928
1,NM,0.23776428889399373,-92.371082600671,2.84,Louisiana,374604,5,229,329825,Bank of Commerce & Trust Co.,Crowley,10523,LA,30.212493097312,01/01/1926
1,NM,2.3027624848936146,-93.0863359817706,24.29,Louisiana,221046,4,1179,200494,"Exchange Bank and Trust Company, Natchitoches, Louisiana",Natchitoches,10528,LA,31.7617860118681,09/28/1892
1,NM,0.5542534997149553,-91.7258820178573,4.56,Louisiana,250034,6,350,217116,Citizens Progressive Bank,Winnsboro,10531,LA,32.1743230019576,01/01/1918
1,NM,1.427289622836634,-91.8135599940147,13.56,Louisiana,343895,7,1199,307285,CLB The Community Bank,Jonesville,10532,LA,31.6261679919558,10/05/1907
1,NM,1.3874271823073387,-91.719041965771,12.95,Louisiana,412536,5,1404,363526,Winnsboro State Bank & Trust Company,Winnsboro,10533,LA,32.1634180201979,09/02/1902
1,NM,1.911383223557004,-93.487088015995,16.36,Minnesota,241415,3,1143,204179,Arcadian Bank,Hartland,10561,MN,43.803965008726,02/19/1912
1,NM,1.6068195534097767,-94.9420480220309,20.91,Minnesota,53601,1,213,49356,United Minnesota Bank,New London,10567,MN,45.3016060010072,05/05/1890
1,NM,0.5332555668964942,-94.871272069808,4.92,Minnesota,48306,1,64,42156,Farmers and Merchants State Bank of Alpha,Alpha,10571,MN,43.639130775649,08/01/1911
1,NM,1.5154262622076005,-92.0102840159136,19.9,Minnesota,153702,3,585,111631,First Southeast Bank,Harmony,10576,MN,43.5545150020879,03/15/1893
1,SM,1.324887139028191,-90.2984829667483,10.72,Missouri,3034068,18,9961,2521420,Midwest BankCentre,Lemay,1058,MO,38.5247100044623,03/01/1906
1,NM,0.7811752363196864,-90.8892594878325,6.98,Mississippi,303255,5,551,269681,Bank of Franklin,Meadville,10594,MS,31.472606821143,01/12/1912
1,NM,2.5487932224925296,-94.3464420686189,30.52,Missouri,258908,4,1675,235398,Community First Bank,Butler,10595,MO,38.256889722061,01/01/1932
1,NM,0.5997566776636671,-94.122178030257,6.19,Missouri,246896,2,342,218258,TBO Bank,Orrick,10597,MO,39.212440005137,07/02/1902
1,NM,2.011806835258974,-93.1964020213096,19.98,Missouri,1217421,12,6302,1082491,Wood & Huston Bank,Marshall,1060,MO,39.1216020095728,02/12/1874
1,NM,1.1337404552726416,-90.7627939669242,13.18,Missouri,497269,15,1420,449846,UNICO Bank,Mineral Point,10608,MO,37.9239570013825,01/01/1901
1,NM,1.2286014181398053,-94.016907026068,11.49,Missouri,1618873,30,4881,1225471,BTC Bank,Bethany,10618,MO,40.264597511974,09/19/1919
1,NM,1.3916364347129415,-92.171532973727,14.07,Missouri,1842799,18,6479,1546733,Hawthorn Bank,Jefferson City,10619,MO,38.5759960201457,01/01/1911
1,NM,1.3465101024299173,-93.5695060126342,17.09,Missouri,139381,4,467,127587,State Bank of Missouri,Concordia,10623,MO,38.9900940139732,07/28/1884
1,NM,1.240605278522579,-93.0585637657929,26.69,Missouri,138119,5,417,128904,Preferred Bank,Rothville,10628,MO,39.6535476286747,01/08/1904
1,NM,1.4469775712468338,-96.7008780020759,15.24,Nebraska,9115395,72,32513,8132496,Pinnacle Bank,Lincoln,10634,NE,40.812228988303,01/01/1880
1,NM,0.9398581175726357,-96.2343199812967,11.34,Nebraska,25387,1,52,23499,The Bank of Steinauer,Steinauer,10635,NE,40.2073800005984,06/28/1888
1,NM,1.2733750465285287,-100.165771031829,11.36,Nebraska,137631,3,449,115951,First Central Bank,Cambridge,10637,NE,40.282882005108,06/15/1907
1,NM,1.0481059725772717,-100.162301007734,12.37,Nebraska,346649,3,902,310923,Flatwater Bank,Gothenburg,10639,NE,40.928122001201,05/01/1902
1,NM,1.9478365852845334,-96.4302730357415,20.18,Nebraska,586729,9,2775,486369,Riverstone Bank,Eagle,10641,NE,40.8155470065845,09/01/1884
1,NM,2.0854536431350166,-95.9912970084657,23.8,Nebraska,922392,4,4759,819783,Dundee Bank,Omaha,10643,NE,41.2648049887572,02/05/1915
1,SM,2.2318060045549886,-96.2934419868018,26.5,Nebraska,74745,2,403,67197,American Exchange Bank,Elmwood,10647,NE,40.8426130101283,07/13/1889
1,SM,0.6418434497403444,-80.5723080134822,10.39,Ohio,602083,10,954,562715,The Andover Bank,Andover,10663,OH,41.6065579799966,11/01/1884
1,SM,1.2213598540592179,-95.8855749740664,17.54,Oklahoma,1994473,16,6044,1684618,Mabrey Bank,Bixby,10667,OK,35.947723000286,01/26/1924
1,NM,1.1173691271687916,-96.0056910762439,11.27,Oklahoma,155435,3,431,139930,The Exchange Bank,Skiatook,10672,OK,36.3686773543919,06/01/1930
1,NM,2.734471169536067,-98.5777089908989,23.58,Oklahoma,181469,4,1194,157997,Bank of Hydro,Hydro,10674,OK,35.5494133105702,10/01/1903
1,NM,1.30109369550654,-76.4784419985853,13.04,Pennsylvania,1004066,14,3241,846111,"Jonestown Bank and Trust Company, of Jonestown, Pennsylvania",Jonestown,10677,PA,40.4133729824859,01/01/1873
1,SM,2.2046063520509684,-90.4496700365328,15.14,Missouri,1328042,3,7624,1111975,Cass Commercial Bank,Des Peres,1068,MO,38.6071689886074,01/01/1906
1,NM,1.5947087271358917,-77.030500628534,16.63,Pennsylvania,1259608,14,5006,1115949,Central Penn Bank & Trust,Mifflinburg,10685,PA,40.924196965491,01/01/1872
1,NM,0.5500529611803839,-91.312024794199,7.76,Arkansas,52429,1,74,48515,The Merchants & Planters Bank,Clarendon,107,AR,34.692617489348,01/01/1890
1,SM,-0.33063647521478845,-99.7366439922418,-1.49,Texas,39236,3,-33,30217,Avana Bank,Abilene,10704,TX,32.4226049903885,06/03/1903
1,NM,2.470768520267859,-97.1532810000485,29.89,Texas,381174,4,2354,347118,Crossroads Bank,Yoakum,10709,TX,29.2898190157906,01/01/1931
1,NM,0.9465983178221272,-96.9425809927949,11.62,Texas,407529,1,951,372793,Peoples State Bank of Hallettsville,Hallettsville,10719,TX,29.44421300173,01/18/1929
1,SM,3.02292180757736,-90.304409894303,17.83,Missouri,944969,15,7122,700767,Lindell Bank & Trust Company,St. Louis,1073,MO,38.63224575698,01/01/1923
1,NM,1.1156832699161516,-91.592416178408,11.51,Wisconsin,85884,3,243,73564,Independence State Bank,Independence,10741,WI,44.3664280113156,01/01/1897
1,SM,1.11232634444884,-89.0683960118649,7.97,Illinois,171415,3,478,123845,Illini State Bank,Oglesby,10788,IL,41.2929160060794,02/14/1914
1,NM,1.5673315549893165,-89.7921850019098,10.66,Illinois,304070,4,1181,201108,Community Bank,Winslow,10791,IL,42.4929050134928,10/15/1915
1,NM,1.5274451113346768,-89.5496825543651,11.91,Illinois,161022,3,613,138126,First State Bank of Campbell Hill,Campbell Hill,10799,IL,37.9286721982365,01/01/1921
1,NM,1.608736879965994,-88.2890469898884,12.79,Illinois,30279,1,123,26341,Dewey Bank,Dewey,10803,IL,40.3105789983229,01/01/1902
1,SM,0.9684129812778223,-89.2386990176694,27.88,Illinois,143158,5,341,133100,Du Quoin State Bank,Du Quoin,10804,IL,38.0111269922979,04/17/1915
1,NM,0.5405470625852146,-89.3540164379804,5.35,Illinois,40900,2,56,36266,First State Bank of Van Orin,Van Orin,10809,IL,41.551643865037,12/26/1919
1,NM,-3.331650681474003,-89.018873195415,-37.92,Illinois,15141,2,-132,13477,Grand Rivers Community Bank,Grand Chain,10816,IL,37.2447890155539,01/01/1902
1,NM,1.2915186157886605,-90.6074389957858,10.09,Illinois,67060,1,209,58363,State Bank of Industry,Industry,10820,IL,40.3273529886861,03/25/1901
1,NM,1.3410999091178784,-88.5029740298646,12.09,Illinois,106654,1,356,94176,Clay County State Bank,Louisville,10821,IL,38.7722929840778,09/13/1905
1,NM,1.5886007054991282,-90.211872006865,17.19,Illinois,502539,6,1941,445680,"Petefish, Skiles & Co.",Virginia,10829,IL,39.950276981085,01/01/1870
1,SM,1.6888129887071324,-87.7334109636645,11.06,Illinois,333386,2,1382,282278,"The First Trust and Savings Bank of Watseka, Illinois",Watseka,10831,IL,40.7765059875215,06/28/1909
1,NM,2.180221159124774,-88.3076190242114,18.16,Illinois,25498,1,139,22362,Campus State Bank,Campus,10840,IL,41.0253190114281,01/01/1899
1,NM,-0.7175361076304162,-88.2901389842341,-7.34,Illinois,38414,2,-68,33837,Citizens Bank of Chatsworth,Chatsworth,10843,IL,40.7540499888146,12/07/1903
1,N,1.5097560569578778,-89.8211449802952,13.93,Illinois,336492,8,1247,287249,Buena Vista National Bank,Chester,10844,IL,37.9149780133343,01/01/1905
1,NM,1.4234482323282136,-88.353731980712,16.1,Illinois,256234,4,902,231306,The Clay City Banking Co.,Clay City,10845,IL,38.6878469859659,07/05/1892
1,NM,1.031968739345939,-90.435372018458,11.02,Illinois,304921,4,787,275581,Tompkins State Bank,Avon,10849,IL,40.6610329917916,01/01/1913
1,NM,1.613435941473726,-90.0026189675567,17.36,Illinois,237943,6,977,212607,West Central Bank,Ashland,10853,IL,39.8920010029767,06/12/1933
1,NM,0.7229058657876707,-88.5709840378589,7.38,Illinois,185141,4,335,165833,State Bank of Bement,Bement,10855,IL,39.9226360208926,01/17/1914
1,NM,1.5171865836817313,-90.2253940283439,8.94,Illinois,107366,1,401,89135,Anderson State Bank,Oneida,10858,IL,41.0751150180936,02/17/1917
1,SM,1.6735614624852333,-92.8413485484447,11.47,Missouri,350144,5,1468,257764,The Bank of Versailles,Versailles,1086,MO,38.4316553877132,01/01/1882
1,NM,0.9548503142969221,-89.380557196858,9.8,Illinois,207717,6,499,186739,Murphy-Wall State Bank and Trust Company,Pinckneyville,10860,IL,38.080482253842,11/01/1874
1,NM,2.5503010525755734,-88.787238983804,16.66,Illinois,113469,1,719,95725,First State Bank of Beecher City,Beecher City,10871,IL,39.1869459856241,01/01/1910
1,NM,0.31445813776041065,-90.0637810162948,4.44,Illinois,21884,1,17,20252,Chesterfield State Bank,Chesterfield,10872,IL,39.254316321917,09/21/1898
1,NM,0.5258906831272809,-88.776444014523,3.5,Illinois,172363,3,223,143255,Waterman Bank,Waterman,10878,IL,41.769289989848,08/25/1908
1,NM,1.6022349305928403,-90.725789037871,15.22,Illinois,229730,5,899,203634,Eagle Valley Bank,Griggsville,10883,IL,39.708730019493,08/03/1893
1,NM,1.6944865958523014,-88.439870033618,17.41,Illinois,648266,11,2747,581164,Legence Bank,Eldorado,10886,IL,37.8077370104416,01/01/1906
1,NM,0.9833331458787576,-94.3594172837299,9.03,Arkansas,311768,3,765,276749,Horatio State Bank,Horatio,109,AR,33.9384694926378,05/05/1905
1,NM,1.2833640521537306,-87.0796476089761,9.96,Michigan,370983,5,1175,298477,Upper Peninsula State Bank,Escanaba,1090,MI,45.7496444881924,01/01/1902
1,NM,0.8850848869633046,-93.1642539860514,9.34,Iowa,562158,3,1251,470550,Central State Bank,State Center,10903,IA,42.016781019986,01/01/1902
1,NM,0.7568484008299105,-95.1885799948073,7.27,Kansas,107678,2,202,95051,The Baldwin State Bank,Baldwin City,10906,KS,38.7746420124428,08/29/1892
1,NM,1.2840727864353723,-98.1100119641563,12.96,Kansas,386468,9,1247,333348,Guaranty State Bank and Trust Company,Beloit,10907,KS,39.4580790118585,01/23/1922
1,NM,1.9571921120606275,-101.358490037433,16.59,Kansas,306274,2,1505,260771,Grant County Bank,Ulysses,10918,KS,37.5793220184647,01/01/1906
1,NM,1.605729241935225,-95.9718069881069,9.72,Kansas,126405,2,500,105504,The State Bank of Bern,Bern,10919,KS,39.9630590062417,05/04/1889
1,NM,1.4120589133311041,-87.0218354519442,14.31,Michigan,175122,3,607,147582,Baybank,Gladstone,1092,MI,45.8461257752747,07/01/1912
1,SM,2.465426172554999,-100.018882034355,11.05,Kansas,199575,3,1241,152144,The Fidelity State Bank and Trust Company,Dodge City,10920,KS,37.7533960005983,01/02/1933
1,NM,1.1977870671560698,-88.6416520311691,11,Michigan,141345,6,423,124250,The Miners State Bank,Iron River,10928,MI,46.0916279936636,01/01/1932
1,SM,2.258814266044276,-84.3452820015816,26.26,Michigan,488233,9,2754,431104,Central Savings Bank,Sault Sainte Marie,1095,MI,46.4963330172451,12/02/1902
1,NM,1.4347928834272983,-92.8656760104306,13.73,Minnesota,477816,12,1700,402092,Northview Bank,Sandstone,10956,MN,46.1331490083286,01/01/1908
1,NM,1.3550682070699345,-94.9274149792862,13.94,Minnesota,974587,10,3267,838301,United Prairie Bank,Mountain Lake,10958,MN,43.9399620163906,07/21/1919
1,NM,1.600118214538277,-93.707239960184,14.2,Minnesota,94511,1,379,79496,Janesville State Bank,Janesville,10960,MN,44.1164340191132,01/01/1898
1,SM,1.8245462657005305,-93.5303529694352,20.43,Minnesota,257125,2,1163,231643,Grand Rapids State Bank,Grand Rapids,10962,MN,47.2377919811931,06/15/1914
1,NM,1.679771507655986,-94.9436160246579,19.71,Minnesota,151299,3,619,138600,Lake Region Bank,New London,10965,MN,45.3007230094172,01/12/1915
1,N,0.8746823845013083,-92.0816270038866,10.87,Minnesota,209906,3,463,179838,"F & M Community Bank, National Association",Preston,10967,MN,43.6709919821802,03/11/1911
1,NM,1.804333966312701,-94.5018319759992,10.69,Minnesota,74838,2,329,62162,Randall State Bank,Randall,10969,MN,46.0910260053775,04/08/1908
1,NM,1.457947992601458,-96.5235150030458,16.69,Minnesota,148610,3,536,125072,Prime Security Bank,Karlstad,10971,MN,48.5795309993343,06/05/1925
1,NM,1.0972742543111418,-92.2667649724832,10.57,Minnesota,767465,6,2092,668623,Alliance Bank,Lake City,10973,MN,44.4498300014296,01/01/1867
1,N,1.3237262895049566,-94.529974970282,12.99,Minnesota,232611,3,770,205778,Center National Bank,Litchfield,10976,MN,45.1288489835005,01/01/1891
1,SM,0,-92.1874880102405,0,Minnesota,88016,1,0,81621,Root River State Bank,Chatfield,1098,MN,43.8450419920706,11/25/1856
1,NM,1.5239950586844635,-91.5050916106932,16.21,Minnesota,198105,3,751,168640,ESB Bank,Caledonia,10980,MN,43.6345477059486,01/02/1909
1,NM,1.9566913361587284,-95.8547040055761,12.45,Minnesota,47585,1,232,39880,Security State Bank of Oklee,Oklee,10982,MN,47.8402069899441,01/01/1934
1,NM,1.1371428951871159,-93.3599730177596,11.68,Minnesota,152208,3,427,128534,Security Bank Minnesota,Albert Lea,10984,MN,43.6538770159957,01/01/1906
1,N,2.099832082106579,-94.213314966398,12.81,Minnesota,3296457,8,17429,2518510,Stearns Bank National Association,Saint Cloud,10988,MN,45.5501469902462,05/28/1912
1,NM,2.393434909175185,-94.125453007466,22.8,Minnesota,282475,3,1704,250114,Lake Central Bank,Annandale,10989,MN,45.263089018531,08/15/1893
1,NM,1.2215689742185107,-93.6532867437868,10.99,Minnesota,118152,2,354,102186,First State Bank of Bigfork,Bigfork,10991,MN,47.7465018104543,08/12/1912
1,NM,1.104423499964519,-95.125007031078,12.37,Minnesota,74595,1,214,59636,Bonanza Valley State Bank,Brooten,10993,MN,45.5003579824699,02/22/1894
1,NM,1.4337803596811074,-93.50504096295,18.21,Minnesota,702579,6,2523,626610,FM Bank,Waseca,10998,MN,44.077333991452,01/01/1878
1,NM,1.5850999594711042,-92.4703932518467,10.64,Arkansas,41663976,273,163364,33764925,Bank OZK,Little Rock,110,AR,34.8103564068723,03/03/1903
1,SM,1.6567465053003403,-92.1651830115193,24.46,Minnesota,406516,6,1692,370603,Peoples State Bank of Plainview,Plainview,1100,MN,44.1618490145364,06/29/1925
1,NM,1.7733829856466248,-93.7035840254759,13.11,Missouri,226584,4,981,195001,St. Clair County State Bank,Osceola,11002,MO,38.0476609841211,05/01/1896
1,NM,1.0020572760209006,-93.434371041802,6.61,Missouri,139503,4,344,115804,Grand Missouri Bank,Bolivar,11003,MO,37.599435987696,11/24/1910
1,NM,1.259782057704017,-111.85894597874,8.14,Montana,169018,1,525,142392,The First State Bank of Shelby,Shelby,11013,MT,48.5059059963124,01/01/1910
1,SM,0.8466595414703392,-74.6414356948467,9.1,New Jersey,7690114,19,16095,6835088,Peapack Private Bank & Trust,Bedminster,11035,NJ,40.6516327625952,09/21/1921
1,SM,1.0170896775327856,-108.512015998602,8.11,Montana,26361352,274,67293,22202732,First Interstate Bank,Billings,1105,MT,45.7834120028575,10/09/1916
1,NM,0.9620245539987909,-78.6387209681043,9.55,North Carolina,235521000,518,559000,171449000,First-Citizens Bank & Trust Company,Raleigh,11063,NC,35.7776569927939,01/01/1898
1,NM,1.1043340622781563,-79.0802790406534,14.37,Pennsylvania,2460076,49,6765,2016190,Somerset Trust Company,Somerset,11112,PA,40.0081430003085,01/01/1889
1,NM,1.080645194301234,-78.4451750286134,5.41,Pennsylvania,495683,10,1320,389028,Hamlin Bank and Trust Company,Smethport,11113,PA,41.8093059918887,12/31/1863
1,NM,1.4744315889494786,-79.155058022195,10.18,Pennsylvania,9939635,76,36500,8220382,S&T Bank,Indiana,11124,PA,40.62262899737,05/21/1902
1,NM,0.47843386140063954,-96.5905600025275,6.09,South Dakota,81373,1,98,70191,Farmers State Bank of Canton,Canton,11133,SD,43.3010949908295,10/01/1901
1,NM,0.8577612698073377,-97.3800620238204,8.17,Texas,444973,10,963,338246,Texas Champion Bank,Corpus Christi,11159,TX,27.6901519893157,08/12/1912
1,NM,1.2266118469076541,-96.726930046793,11.52,South Dakota,2242998,20,6732,1957939,American Bank & Trust,Sioux Falls,1117,SD,43.482802539823,01/01/1892
1,NM,1.2632299070475979,-101.843412975708,9.87,Texas,123813,3,397,97224,The First State Bank,Abernathy,11175,TX,33.8326460001211,01/01/1909
1,SI,-1.5491209586982593,-103.497188037027,-21.96,Texas,1038922,4,-3880,967344,"Transpecos Banks, SSB",Pecos,11178,TX,31.4251699957182,03/01/1924
1,SM,0.9656999852789637,-97.134863025106,8.77,South Dakota,155097,3,369,137144,"Citizens State Bank, of Arlington",Arlington,1118,SD,44.3638009970839,08/28/1901
1,NM,1.4283292515338308,-95.6172570100134,24.11,Texas,139652,3,495,131146,First State Bank of Brownsboro,Brownsboro,11181,TX,32.3029630036573,02/17/1917
1,NM,1.6208105475000179,-99.292689030661,18.81,South Dakota,702151,11,2849,634719,First Fidelity Bank,Burke,1122,SD,43.182698010086,01/01/1905
1,NM,1.8546967961788778,-88.9632499818519,20.25,Wisconsin,162747,1,747,146145,First Community Bank,Milton,11225,WI,42.7812990186649,01/01/1911
1,NM,1.71746022762203,-88.7329799908833,9.8,Wisconsin,511423,8,2200,370088,First Citizens State Bank,Whitewater,11228,WI,42.834078018942,10/25/1863
1,NM,1.4708305052355504,-88.9393560257458,18.74,Wisconsin,222207,2,837,193050,Bank of Milton,Milton,11232,WI,42.7735820099588,03/25/1884
1,NM,1.3946117274167988,-88.4457549678375,10.65,Wisconsin,130666,1,451,112245,Bonduel State Bank,Bonduel,11235,WI,44.7410560002276,09/21/1906
1,NM,1.3400552736012605,-88.631521998267,13.06,Wisconsin,1675596,19,5464,1443770,Horicon Bank,Horicon,11236,WI,43.451803998766,09/07/1896
1,SM,2.180206332556008,-92.437927207182,12.44,Arkansas,23028965,243,124669,18173254,Centennial Bank,Conway,11241,AR,35.088538446039,01/01/1903
1,SM,2.1945216831322356,-91.39817793453,9.56,Arkansas,205380,5,1099,156945,Producers Bank & Trust,Mcgehee,11242,AR,33.630078199147,12/06/1933
1,SM,2.090463765169229,-91.824179103179,17.23,Arkansas,267419,5,1388,233595,Bank of Salem,Salem,11243,AR,36.37113316164,12/09/1908
1,SM,1.6304966638580831,-97.4377539928247,10.71,South Dakota,217586,4,895,176450,Merchants State Bank,Freeman,1125,SD,43.3522300065273,08/08/1899
1,N,3.0191525885033035,-92.122385181544,10.22,Arkansas,235872,5,1761,162981,The First National Bank of Izard County,Calico Rock,11252,AR,36.142418853074,05/01/1914
1,SM,1.9896536402257459,-106.929189975806,15.54,Colorado,247341,2,1237,202844,The Gunnison Bank and Trust Company,Gunnison,11259,CO,38.544802013107,12/23/1910
1,NM,1.73179233168226,-102.851117135294,13.45,Colorado,79099,2,354,66081,McClave State Bank,Mcclave,11261,CO,38.1377972940512,03/09/1920
1,NM,1.7734456804119125,-82.3346600221521,15.1,Georgia,418889,5,1844,365675,The Citizens Bank of Swainsboro,Swainsboro,11295,GA,32.5980807406172,01/01/1900
1,NM,2.308659580895111,-89.3185239887417,25.17,Illinois,356740,5,2054,322657,"Farmers State Bank of Alto Pass, Ill.",Alto Pass,11299,IL,37.5701450079541,01/01/1910
1,SM,1.6492080784379453,-88.8522230409329,9.31,Illinois,30318,1,123,24890,First State Bank of St. Peter,Saint Peter,11302,IL,38.8678129850271,04/25/1908
1,NM,0.8108713811299227,-87.877854037973,8.7,Illinois,580357,3,1194,523015,FNBC Bank & Trust,La Grange,11306,IL,41.8135930000868,08/17/1908
1,NM,0.6530976386688704,-90.8059017353789,4.49,Illinois,358113,6,571,304828,Farmers State Bank,Pittsfield,11307,IL,39.6080336455697,01/26/1889
1,NM,1.206859568511013,-89.0279769660104,20.31,Illinois,359114,5,1069,337877,The Bank of Herrin,Herrin,11310,IL,37.8026240075951,04/12/1904
1,SM,0.8440393310844757,-88.9470099606305,9.12,Illinois,136216,4,294,115767,The Iuka State Bank,Salem,11317,IL,38.6268100089518,12/10/1910
1,NM,0.7815324041204701,-89.28529664623,6.59,Illinois,271268,8,527,222320,Longview Community Bank,Mount Pulaski,11319,IL,40.009254439323,01/01/1872
1,NM,1.563787841660912,-90.508245961046,16.96,Illinois,90179,2,351,81269,Farmers and Merchants State Bank of Bushnell,Bushnell,11324,IL,40.5522200048679,01/01/1914
1,NM,1.2655218448821346,-95.7910469713579,10.95,Iowa,55018,1,173,45276,Ashton State Bank,Ashton,11343,IA,43.3114859942866,03/01/1884
1,NM,0.7574207576614634,-92.7251280065277,7.84,Iowa,496789,4,944,351772,Grinnell State Bank,Grinnell,11347,IA,41.7428219931865,10/25/1925
1,NM,1.2106363046768034,-95.6561000066139,12.7,Iowa,90162,1,273,65700,Sanborn Savings Bank,Sanborn,11352,IA,43.1822109796024,02/01/1899
1,NM,0.7702171491034453,-85.3170360183888,5.88,Kentucky,119636,3,229,101722,Bedford Loan & Deposit Bank,Bedford,11355,KY,38.593462984354,11/02/1891
1,NM,3.8893437621082843,-84.60415672515,29.29,Kentucky,416580,4,4103,358247,"Cumberland Security Bank, Inc.",Somerset,11358,KY,37.0905336333007,08/13/1909
1,NM,0.7036824531826213,-85.288030023355,8.8,Michigan,597210,7,1044,545799,Highpoint Community Bank,Hastings,11407,MI,42.6474689844285,01/01/1886
1,NM,1.4911488593188285,-96.3166850043073,17.11,Minnesota,146148,2,547,132761,Valley Premier Bank,Hawley,11409,MN,46.8815439971544,08/01/1892
1,SM,1.004466177066435,-103.542343025814,9.02,Colorado,332902,5,815,283818,The Colorado Bank and Trust Company of La Junta,La Junta,1141,CO,37.9857709808209,01/01/1907
1,NM,0.9359888606648902,-91.753478512053,14.6,Minnesota,114578,2,263,107023,Rushford State Bank (Incorporated),Rushford,11411,MN,43.808571912259,03/07/1867
1,NM,0.8601325191046495,-94.300668898179,10.78,Minnesota,356190,6,762,325987,Harvest Bank,Kimball,11415,MN,45.313580471703,08/08/1901
1,SM,2.9410437999007626,-94.6147691504262,23.49,Minnesota,44436,1,326,38610,Welcome State Bank,Welcome,11417,MN,43.6672347934828,01/01/1913
1,NM,0.8025945509382533,-90.4131400261136,7.52,Mississippi,325961,5,636,290387,Bank of Yazoo City,Yazoo City,11431,MS,32.8472790181857,04/15/1876
1,NM,2.40364566323839,-91.0123190335055,14.22,Mississippi,202502,3,1196,167368,The Jefferson Bank,Greenville,11445,MS,33.3862299860391,01/03/1901
1,NM,0.3925478548199343,-89.4530037418532,5.92,Mississippi,287990,8,282,265528,Unity Bank of Mississippi,Holly Springs,11446,MS,34.7520943528316,03/15/1899
1,NM,1.2129677673026549,-88.5954141281998,13.55,Mississippi,562243,9,1689,506639,Century Bank,Lucedale,11448,MS,30.9248033443754,06/01/1903
1,NM,2.1948564235694534,-92.1784919650194,19.22,Missouri,1194073,11,6323,1049119,Mid America Bank,Jefferson City,11459,MO,38.498043985338,04/12/1914
1,NM,1.0314534086311864,-94.3608870051619,14.15,Missouri,153900,3,392,141609,Independent Farmers Bank,Maysville,11462,MO,39.889257983253,03/12/1920
1,SM,2.456024224341907,-93.2028150154291,17.2,Missouri,208742,2,1243,177711,The Citizens-Farmers Bank of Cole Camp,Cole Camp,11463,MO,38.4604700088782,03/29/1929
1,NM,0.6273580942397484,-92.5810450187796,6.26,Missouri,125530,5,196,112449,HomePride Bank,Mansfield,11466,MO,37.1064569927316,03/03/1892
1,SM,3.537412008506599,-98.7390950036883,51.18,Kansas,548080,5,4882,504662,The Peoples Bank,Pratt,1147,KS,37.6441389823538,05/20/1887
1,NM,0.850379223167088,-97.5901250064327,8.07,Nebraska,84497,2,185,63013,Thayer County Bank,Hebron,11475,NE,40.166898006651,07/01/1874
1,SM,1.1453702678331303,-95.8391210417445,9.58,Nebraska,250212,1,724,217806,Auburn State Bank,Auburn,11477,NE,40.3921689886563,01/01/1905
1,NM,1.7007252030635103,-99.986313981929,9.33,Nebraska,530478,10,2237,408120,Homestead Bank,Cozad,11482,NE,40.8613179814356,01/01/1905
1,NM,1.7446828874775249,-103.203674994038,25.44,New Mexico,503362,5,2233,443298,The Citizens Bank of Clovis,Clovis,11491,NM,34.402556994186,01/01/1916
1,NM,1.081790178020581,-104.439603213426,9.03,New Mexico,1360927,16,3748,1147826,InBank,Raton,11492,NM,36.881944614873,04/09/1918
1,N,0.7356730240887362,-73.9655781881723,7.77,New York,706452,10,1292,620658,First National Bank of Scotia,Scotia,11501,NY,42.8267120024314,01/01/1923
1,NM,1.7191963544220896,-78.80004242938,17.34,North Carolina,4498624,55,19110,4028022,The Fidelity Bank,Fuquay Varina,11507,NC,35.583955107994,01/01/1909
1,NM,1.7932961278291206,-101.416750970025,14.44,North Dakota,296633,5,1303,251519,Security First Bank of North Dakota,New Salem,11519,ND,46.8468820195863,01/01/1925
1,SM,0.8931503250804492,-97.646763873122,7.82,Oklahoma,447230,5,986,392833,Chickasaw Community Bank,Oklahoma City,11521,OK,35.608418321055,01/01/1903
1,N,2.1076553431256846,-98.3981090404084,20.84,Oklahoma,1313993,9,6965,1175292,Liberty National Bank,Lawton,11522,OK,34.6055640068862,01/01/1902
1,SM,2.585551536898991,-97.8292716343633,21.23,Oklahoma,369256,5,2385,319186,Cowboy Bank,Kremlin,11526,OK,36.5500838408335,05/01/1900
1,NM,2.07679102290332,-97.8009459645492,14.93,Oklahoma,61216,2,310,52926,"The First State Bank of Pond Creek, Oklahoma",Pond Creek,11527,OK,36.6697410199185,09/16/1893
1,NM,8.548875882819061,-81.0135220089059,123.01,South Carolina,522223,12,10829,466497,Enterprise Bank of South Carolina,Ehrhardt,11539,SC,33.0962380129361,01/01/1920
1,NM,1.4723273143948143,-98.2268090072213,13.81,Texas,330958,4,1203,295310,First State Bank of Burnet,Burnet,11557,TX,30.7577860172641,10/24/1908
1,NM,1.0266225379842113,-94.3389499719902,10.55,Texas,552169,1,1404,495292,First State Bank and Trust Company,Carthage,11559,TX,32.157606008536,02/27/1902
1,NM,1.286498977609465,-95.6013135386163,13.82,Texas,1369574,17,4412,1183938,Alliance Bank,Sulphur Springs,11569,TX,33.1383071491179,06/16/1927
1,NM,0.20264258597270024,-95.522260961832,1.2,Texas,316954,2,160,259041,Global One Bank,Houston,11570,TX,29.794399989673,01/01/1907
1,SM,1.6048528548673204,-77.04244819332,13.65,Virginia,7912763,106,31723,6338024,Burke & Herbert Bank & Trust Company,Alexandria,11578,VA,38.804318895007,01/01/1852
1,NM,1.7281581099401053,-77.3954549792201,8.66,Virginia,631656,15,2771,487669,The Bank of Southside Virginia,Carson,11580,VA,37.0356970080341,08/10/1911
1,NM,1.0873211680651167,-83.0331780403076,8.75,Virginia,259927,3,709,221406,Lee Bank and Trust Company,Pennington Gap,11582,VA,36.7554280007051,08/22/1932
1,SM,1.4983061601742684,-90.7054220189831,15.39,Wisconsin,637644,10,2385,530940,Community First Bank,Boscobel,11595,WI,43.1350049810181,01/01/1871
1,NM,-0.4458396817768143,-88.6722629930229,-6,Wisconsin,289711,7,-327,265231,Laona State Bank,Laona,11601,WI,45.5647519955247,01/01/1914
1,NM,1.652460985028272,-88.3136639689625,18.56,Wisconsin,475359,1,1954,387184,BLC Community Bank,Little Chute,11608,WI,44.2805269985835,12/06/1906
1,SM,0.9594362865981529,-89.524201978708,9.42,Wisconsin,899766,10,2152,781816,Bank Cmg,Madison,11623,WI,43.076923924068,10/22/1883
1,SM,0.7689235509170467,-96.6189350078902,9.47,Nebraska,113986,2,219,90072,Wahoo State Bank,Wahoo,1163,NE,41.2103439919699,01/02/1932
1,NM,1.9485421640039993,-108.211197037348,35.42,New Mexico,794726,6,3820,693457,The Citizens Bank,Farmington,1164,NM,36.7283660204748,01/01/1905
1,NM,2.4567548067335965,-97.975567410689,15.94,Oklahoma,138098,1,847,115409,The First Bank of Okarche,Okarche,1165,OK,35.725619916676,10/28/1892
1,NM,1.4185267111796205,-113.792556996361,15.79,Idaho,3660167,41,13010,3134792,D. L. Evans Bank,Burley,11666,ID,42.559504011906,08/29/1904
1,NM,1.7464033579893548,-88.1900759917638,11.19,Illinois,193666,4,842,162119,Vermilion Valley Bank,Piper City,11667,IL,40.7579819815038,07/25/1913
1,NM,0.8500922957349656,-88.4094230217903,9.61,Illinois,329462,6,700,279904,First State Bank of Forrest,Forrest,11669,IL,40.7497740028192,01/01/1914
1,SM,0.04001038364718463,-110.766026103294,0.63,Wyoming,216935,4,21,201900,Tanager Bank,Jackson,1167,WY,43.479350159634,09/16/1919
1,NM,0.5739736493915506,-90.156073006874,5.62,Illinois,1474470,12,2079,1094513,Central Bank Illinois,Geneseo,11670,IL,41.4533559845078,02/01/1907
1,NM,1.5364129878111235,-89.9212603679934,13.8,Illinois,237595,4,900,203615,Warren-Boynton State Bank,New Berlin,11674,IL,39.7251685964908,08/29/1877
1,SM,1.1786987190002536,-90.3805015246995,10.19,Illinois,164609,6,494,140700,Farmers State Bank of Western Illinois,Alpha,11680,IL,41.1915434029775,12/01/1910
1,NM,0.8421826094943371,-88.5374239871918,6.99,Illinois,76422,1,149,67163,Anchor State Bank,Anchor,11681,IL,40.5684259955624,12/27/1920
1,NM,0.8245987443610029,-89.2463429780893,6.64,Illinois,112272,1,231,97817,Anna State Bank,Anna,11682,IL,37.4604499933591,09/18/1930
1,NM,1.0213834118966643,-89.2129203730734,8.97,Illinois,139675,1,354,110675,State Bank of Cherry,Cherry,11686,IL,41.426894345844,05/06/1906
1,SM,1.675028043300232,-104.381310010506,16.57,Wyoming,283631,2,1217,248482,Sundance State Bank,Sundance,1169,WY,44.4047419840492,01/01/1895
1,NM,2.5130845069414116,-89.2739320123912,24.75,Illinois,284183,6,1755,250267,Goodfield State Bank,Goodfield,11699,IL,40.6270620183214,12/14/1920
1,SM,1.5840992716959792,-88.7924869772012,19.5,Illinois,361070,6,1432,323909,Shelby County State Bank,Shelbyville,11702,IL,39.4061260062298,05/11/1895
1,NM,0.8243727598566308,-90.5069109753272,8.32,Illinois,68328,2,138,61290,1st Community Bank,Sherrard,11706,IL,41.319293981101,01/01/1910
1,SM,1.625696566600755,-88.4730389846829,12.39,Illinois,357103,3,1447,308516,Teutopolis State Bank,Teutopolis,11708,IL,39.1329350132183,01/01/1905
1,NM,1.931214965466121,-88.1570610162602,19.88,Illinois,283562,2,1332,225204,Bank of Rantoul,Rantoul,11711,IL,40.3084919882512,11/25/1920
1,NM,1.0993652742499591,-90.0139809725871,12.19,Illinois,88937,2,244,80149,Bank of Yates City,Yates City,11715,IL,40.7788799939579,01/01/1871
1,SM,0.36280211278877444,-89.4411890345817,4.44,Illinois,17215,1,17,15623,Hartsburg State Bank,Hartsburg,11716,IL,40.2499189974041,03/13/1901
1,NM,1.6109111254209374,-91.111642993573,12.7,Illinois,192418,6,763,166002,Liberty Bank,Liberty,11719,IL,39.889926984855,06/23/1903
1,NM,1.491511847506724,-88.161292695949,15.54,Illinois,728514,9,2700,575002,"The Peoples State Bank of Newton, Illinois",Newton,11722,IL,38.9898200785047,01/01/1875
1,NM,0.3904329379896705,-88.2947999929519,3.99,Illinois,824403,9,805,678701,CIBM Bank,Champaign,11729,IL,40.0979570206711,01/01/1921
1,NM,1.1190951589569458,-90.1633075000357,8.53,Illinois,40733,1,117,34681,Fairview State Banking Company,Fairview,11731,IL,40.6334347318367,07/01/1915
1,NM,0.39775855372941327,-90.0059989700122,4.1,Illinois,233797,6,233,208249,Bank of Farmington,Farmington,11732,IL,40.6985290165518,01/01/1903
1,NM,0.2185712026049597,-88.8645799778703,3.4,Illinois,313429,15,171,290314,Flanagan State Bank,Flanagan,11734,IL,40.8703289883539,01/01/1913
1,NM,0.881785291462267,-90.3818359646862,10.56,Illinois,682964,9,1498,572734,BankOrion,Orion,11739,IL,41.3532230031459,05/21/1890
1,NM,1.013284924498721,-89.5783926743244,17.52,Illinois,485596,5,1228,379039,Solutions Bank,Forreston,11741,IL,42.126406208356,01/01/1887
1,NM,1.6973294475931655,-87.5818602812826,19.4,Illinois,167505,6,712,151715,Iroquois Farmers State Bank,Iroquois,11746,IL,40.8273767304589,01/01/1919
1,NM,0.6192914965424465,-90.2302429593309,4.49,Illinois,214421,2,328,184647,The Farmers State Bank and Trust Company,Jacksonville,11747,IL,39.734480986248,01/01/1910
1,NM,0.7242352547375789,-90.6110403960058,4.19,Illinois,133365,4,238,110360,Bank of Kampsville,Kampsville,11750,IL,39.2996560957769,12/01/1908
1,NM,1.1763941990015927,-91.0061399783036,7.04,Iowa,136763,4,385,111388,Citizens State Bank,Wyoming,11759,IA,42.0591289932184,01/01/1913
1,SM,1.421699489160153,-93.6107980337044,13.93,Iowa,899898,13,3196,739950,VISIONBANK OF IOWA,Ames,11763,IA,42.0110270110942,06/01/1884
1,NM,1.2619950381500726,-95.7492999805833,12.67,Iowa,110042,1,337,96603,Sibley State Bank,Sibley,11764,IA,43.4001340080985,01/01/1894
1,NM,1.3181442418626623,-91.4036329609359,12.37,Iowa,439816,4,1451,375769,FreedomBank,Elkader,11767,IA,42.8527370155103,01/01/1903
1,NM,0.9407169817263626,-94.8679169616047,10.57,Iowa,1737007,15,4032,1422758,Availa Bank,Carroll,11771,IA,42.0662660161342,01/01/1870
1,NM,0.9389239437434204,-95.2645499609711,11.96,Kansas,383670,8,893,353338,Commercial Bank,Parsons,11777,KS,37.3408209985778,05/30/1874
1,SM,1.5223212515902564,-98.230422026585,20.3,Kansas,275191,6,1056,212173,"Citizens State Bank and Trust Co., Ellsworth, Kansas",Ellsworth,11778,KS,38.7295770033866,05/31/1900
1,NM,0.9799450723609273,-92.1358892739509,8.58,Louisiana,246422,3,599,216457,Bank of Abbeville & Trust Company,Abbeville,11782,LA,29.9739798936159,03/14/1894
1,NM,1.4131879083158012,-92.070800434831,14.32,Louisiana,293294,6,1021,259504,Caldwell Bank & Trust Company,Columbia,11785,LA,32.115488998646,01/01/1902
1,NM,1.8059582073422904,-92.0644969921859,17.79,Louisiana,196247,4,869,173916,Bank of Sunset and Trust Company,Sunset,11788,LA,30.4119059864487,01/01/1906
1,NM,2.3399915995860416,-91.7197580317593,24.96,Louisiana,227230,4,1351,203750,Franklin State Bank & Trust Company,Winnsboro,11792,LA,32.164563994,01/01/1908
1,NM,1.1525799623088655,-85.5700330369035,11.66,Michigan,1091126,13,3126,934376,United Bank of Michigan,Grand Rapids,11807,MI,42.9471459951937,01/01/1903
1,SM,0.589598736574136,-83.4911244805313,7.45,Michigan,316245,8,469,272201,Huron Community Bank,East Tawas,11810,MI,44.28181459022,06/14/1927
1,SM,0.730593607305936,-88.9358158276977,4.78,Mississippi,53768,2,96,45079,Richton Bank & Trust Company,Richton,11817,MS,31.3487343012738,01/01/1931
1,NM,1.462531977288326,-107.605374030585,14.6,Montana,405803,3,1465,341324,Little Horn State Bank,Hardin,11821,MT,45.7375539819419,01/01/1919
1,NM,1.3062909456355627,-111.334238001767,15.56,Montana,279545,4,905,246042,Manhattan Bank,Manhattan,11823,MT,45.8558679818436,10/05/1905
1,SM,1.4785185998325947,-100.902831005353,17.49,Texas,581199,10,2155,527510,"The Bank and Trust, S.S.B.",Del Rio,1184,TX,29.3754049946439,01/01/1910
1,SM,0.9971084716499817,-81.9845140268954,11.88,Ohio,941216,13,2313,788671,The Killbuck Savings Bank Company,Killbuck,11860,OH,40.4956670107765,01/01/1900
1,NM,1.1607049801703757,-100.519286012519,16.96,Oklahoma,184375,2,529,165609,The Bank of Beaver City,Beaver,11862,OK,36.8165510179552,01/01/1902
1,NM,1.1303809864011516,-75.6304178278344,13.12,Pennsylvania,2859364,23,7923,2577146,The Fidelity Deposit and Discount Bank,Dunmore,11868,PA,41.4219482966026,05/11/1903
1,NM,1.0606808090774542,-100.888201418482,5.12,Texas,47296,1,129,36847,The Donley County State Bank,Clarendon,11891,TX,34.9380024648481,01/01/1906
1,NM,1.6007756113325433,-95.7078190314154,10.6,Texas,187054,4,743,158550,"First State Bank of Ben Wheeler, Texas",Ben Wheeler,11904,TX,32.4511939857394,02/17/1911
1,NM,1.9439367371679748,-94.8267950093498,17.86,Texas,189893,2,916,168158,Citizens State Bank,Corrigan,11905,TX,30.9989070105361,01/01/1919
1,NM,3.6191694794355342,-103.038081025257,27.21,Texas,335957,1,3076,288299,Security State Bank,Farwell,11907,TX,34.3884660091197,01/01/1925
1,NM,2.876579773040495,-97.127071040276,16.49,Texas,138211,3,981,114164,The Buckholts State Bank,Buckholts,11916,TX,30.8749229884124,01/01/1907
1,NM,1.0410774148063724,-93.7841859989726,10.35,Texas,349004,6,934,311220,First State Bank of Texas,Orange,11922,TX,30.1195219858175,08/12/1914
1,NM,1.4030226561769832,-97.8261360143433,26.31,Texas,179894,4,638,169451,First Security State Bank,Cranfills Gap,11932,TX,31.7748829870368,01/01/1910
1,NM,0.8027442508914885,-96.801353300363,7.53,Texas,635249,5,1302,559341,Dominion Bank,Dallas,11934,TX,32.98590593179,08/01/1911
1,NM,1.77635403943,-97.678486191518,16.18,Texas,1329168,11,5828,1178335,First Texas Bank,Georgetown,11935,TX,30.63534556452,01/01/1898
1,NM,0.764193745408606,-81.4020637109457,11.02,West Virginia,642782,9,1234,586446,"The Poca Valley Bank, Inc.",Walton,11952,WV,38.6389150989923,09/24/1908
1,NM,1.2368920441228728,-79.124578656221,11.59,West Virginia,396869,7,1227,343134,Highlands Bank,Petersburg,11953,WV,38.993088239335,08/06/1902
1,NM,1.343454370846621,-68.204309143221,10.85,Maine,4672493,62,15703,3874745,Bar Harbor Bank & Trust,Bar Harbor,11971,ME,44.389526482853,09/15/1887
1,NM,1.7784939298865543,-98.6767820076443,15.9,Texas,296056,5,1330,261421,Arrowhead Bank,Llano,1198,TX,30.7490239947797,03/16/1923
1,SI,1.3672836994994182,-74.037915018405,10.77,New Jersey,25187481,139,85684,19154589,Provident Bank,Jersey City,12010,NJ,40.7157829966,02/28/1839
1,SI,-1.3708155691019828,-74.2159970170893,0,New Jersey,1490109,4,-5128,1349098,Union County Savings Bank,Elizabeth,12013,NJ,40.670244996748,10/01/1883
1,NM,1.556253035907783,-83.3733383211764,23.78,Georgia,218140,4,833,196796,Citizens Community Bank,Hahira,12079,GA,30.9912941064125,02/21/1927
1,NM,0.9086778736937756,-88.0236669667175,4.93,Illinois,20729,2,45,16876,Sainte Marie State Bank,Sainte Marie,12086,IL,38.9329589805254,01/01/1900
1,NM,0.7157949408029085,-89.1941720010686,5.82,Illinois,209443,2,379,181312,Spring Valley City Bank,Spring Valley,12087,IL,41.327123013943,11/01/1905
1,N,1.6392657201102907,-94.6547489867801,16.66,Texas,1707118,24,6843,1525644,"Commercial Bank of Texas, National Association",Nacogdoches,1209,TX,31.6036870151775,10/14/1901
1,SM,0.7765276858592544,-89.1675163508528,7.91,Illinois,35336,2,66,31839,The First State Bank of Dongola,Dongola,12098,IL,37.3596640355585,05/01/1906
1,NM,0.5676757876139515,-89.96577103155,18.08,Illinois,70137,1,98,62411,Farmers State Bank,Elmwood,12107,IL,40.7777600040556,12/06/1864
1,NM,2.1877125809022178,-89.5358150217383,24.06,Illinois,518990,4,2814,427026,Germantown Trust & Savings Bank,Breese,12113,IL,38.6093240178234,02/06/1906
1,NM,0.4115143323986848,-88.0375027605724,3.24,Illinois,50547,1,51,44151,Buckley State Bank,Buckley,12121,IL,40.5982751688962,11/19/1920
1,NM,0.7034037763477059,-91.9512709751498,6.86,Iowa,147515,3,257,127253,Citizens Savings Bank,Spillville,12128,IA,43.2054539971079,01/01/1908
1,SI,-0.3139590701387434,-95.454668624073,-2.67,Texas,3798501,19,-2460,2568130,"Cornerstone Capital Bank, SSB",Houston,1213,TX,29.7571752033,12/06/1906
1,NM,1.9062601212233379,-95.6840630414356,20.83,Kansas,111391,3,515,82574,The Lyndon State Bank,Lyndon,12135,KS,38.611641991237,08/01/1901
1,NM,1.118509302674291,-98.4726550042174,13.62,Kansas,127707,4,345,110091,The Wilson State Bank,Wilson,12136,KS,38.8254086414616,07/16/1886
1,NM,0.8081550188263386,-99.7562159876135,9.24,Kansas,58852,1,121,53328,Ford County State Bank,Spearville,12139,KS,37.8497339914784,01/01/1902
1,NM,1.7668591006687175,-86.2840714543815,17.5,Kentucky,414467,3,1725,365547,First State Bank,Irvington,12149,KY,37.8818514727483,01/01/1903
1,NM,0.9056240379665462,-87.1539937779652,7.56,Kentucky,197405,4,442,167196,Elkton Bank & Trust Company,Elkton,12162,KY,36.809132734888,01/01/1866
1,NM,0.6136332039483461,-85.3693030808508,6.63,Kentucky,312925,5,480,256348,The Farmers Bank of Milton,Milton,12163,KY,38.7239651101219,01/01/1902
1,NM,1.199251891857247,-85.9479339914154,17.16,Kentucky,570546,5,1684,486197,West Point Bank,Radcliff,12166,KY,37.8361200205219,07/01/1914
1,NM,1.6565692515510113,-101.192037007395,13.47,Texas,191218,2,768,160218,First State Bank,Spearman,1218,TX,36.1982199904501,01/01/1917
1,SM,1.2085500774908315,-100.212771967152,15.66,Texas,650168,14,1969,590317,Wellington State Bank,Wellington,1219,TX,34.856463998955,01/01/1906
1,NM,1.018662303201322,-90.7197180254011,14.75,Mississippi,345735,4,870,319404,The Cleveland State Bank,Cleveland,12201,MS,33.7460440088743,02/08/1908
1,NM,0.14898660698785066,-88.55550995495,1.45,Mississippi,960772,24,354,658548,Merchants & Marine Bank,Pascagoula,12203,MS,30.365200094117,01/11/1932
1,NM,0.6802003118899922,-89.1271049281816,13.33,Mississippi,1528973,26,2586,1345964,"The Citizens Bank of Philadelphia, Mississippi",Philadelphia,12204,MS,32.7702809536489,01/01/1908
1,SM,0.8466510405568577,-89.735835981432,7.22,Mississippi,142569,1,298,120205,Bank of Winona,Winona,12207,MS,33.488946982421,06/15/1885
1,SM,1.4841677892705483,-90.8494599959112,17.28,Missouri,537815,6,1990,487386,Belgrade State Bank,Belgrade,12208,MO,37.7864649974678,06/19/1906
1,NM,1.9367790931115618,-91.8137063137461,19.25,Missouri,289059,6,1388,258321,United State Bank,Lewistown,12214,MO,40.0860902746297,09/08/1928
1,NM,1.9406876878005481,-90.485196984599,12.82,Missouri,557276,9,2711,422828,"First State Bank of St. Charles, Missouri",St. Charles,12219,MO,38.783909002684,05/10/1867
1,NM,1.9949752864608574,-93.1313019586407,24.69,Missouri,134676,2,669,123707,County Bank,Brunswick,12220,MO,39.4230699815895,04/02/1877
1,SM,1.2470969999681865,-91.9478700662333,13.52,Missouri,539781,6,1617,456778,The Callaway Bank,Fulton,12223,MO,38.8474327514748,01/01/1857
1,NM,0.23817371795553383,-91.0201240102854,3.2,Missouri,53161,1,28,49549,FMB Bank,Wright City,12225,MO,38.8286049984529,12/10/1910
1,SM,0.66669135893922,-89.5901730049356,8.1,Missouri,144093,3,225,121831,Peoples Bank Co.,Altenburg,12226,MO,37.6299039961909,01/01/1910
1,SM,0.6323144329950988,-90.445325025565,7.8,Missouri,6691682,76,10547,5937676,First Bank,St. Louis,12229,MO,38.6719450069,07/30/1906
1,NM,1.7116576684663067,-91.405927004016,21.48,Missouri,249214,5,1070,228604,Peoples Bank,Cuba,12230,MO,38.06171798057,06/22/1901
1,NM,2.219739384324788,-91.7134424602508,21.86,Missouri,156453,3,899,138746,Bank of Monticello,Monticello,12232,MO,40.1187953519453,02/27/1928
1,NM,1.7806244103732518,-96.1349700373295,14.63,Nebraska,662822,4,2876,558058,Washington County Bank,Blair,12241,NE,41.5434170195569,07/01/1915
1,NM,1.5469159463370752,-100.214983029391,12.84,Nebraska,201688,5,791,125621,First State Bank,Farnam,12244,NE,40.705539011725,07/26/1904
1,NM,1.0396140517768568,-98.0670080231815,7.94,Nebraska,57422,1,153,49660,Commercial Bank,Nelson,12246,NE,40.2013589861809,04/01/1894
1,SM,1.2076461832157364,-96.3448640407738,12.85,Nebraska,361032,15,1077,320883,First Nebraska Bank,Valley,12248,NE,41.3146149932009,01/01/1934
1,SM,0.740080033287029,-118.192102973439,5.45,California,11856598,27,21882,8938167,Farmers and Merchants Bank of Long Beach,Long Beach,1225,CA,33.770751009588,11/20/1907
1,NM,1.3236755603753083,-106.663704005379,13.65,New Mexico,471473,6,1570,423056,Southwest Capital Bank,Albuquerque,12258,NM,35.0887599797401,12/01/1890
1,SM,1.7372055971328817,-103.137159982294,22.78,New Mexico,718641,3,3098,644628,Lea County State Bank,Hobbs,12259,NM,32.7108179883616,01/01/1928
1,NM,0.6583165639509732,-78.9007870382167,4.69,North Carolina,488993,8,797,414210,Mechanics & Farmers Bank,Durham,12266,NC,35.9961110148561,03/01/1908
1,SM,1.2794617436802447,-98.2437895912456,21.59,Oklahoma,143644,2,464,134349,First State Bank,Anadarko,12283,OK,35.0760021416447,02/05/1909
1,NM,0.5804612593936254,-99.5702703343118,4.93,Oklahoma,19800,1,28,17401,Farmers & Merchants Bank,Duke,12284,OK,34.6614873158919,05/02/1910
1,NM,1.1742175952702267,-99.3348420408251,12.22,Oklahoma,587967,7,1713,455615,Cattlemens Bank,Altus,12285,OK,34.6743650150832,01/01/1910
1,NM,2.772138734099032,-97.0142919411339,16.66,Texas,109261,1,763,89216,The Cowboy Bank of Texas,Maypearl,12298,TX,32.30758355596,01/01/1930
1,SI,1.543866066189638,-97.1459569768729,12.21,Texas,1336572,16,5065,1091923,"SouthStar Bank, S.S.B.",Moulton,12299,TX,29.5743500113368,11/06/1920
1,SM,0.8116986600597512,-94.415435089923,6.53,Texas,478405,6,955,416089,Citizens State Bank,Woodville,12303,TX,30.775495637569,05/08/1920
1,NM,0.7986958607885036,-96.540840396909,6.18,Texas,337880,3,670,293189,Columbus State Bank,Columbus,12305,TX,29.706318676335,08/19/1919
1,NM,1.1276041666666667,-96.5402789770347,8.71,Texas,153880,1,433,133400,The First State Bank,Columbus,12315,TX,29.7067580137899,03/01/1913
1,NM,2.0643824453095023,-91.4804640000129,23.66,Wisconsin,735498,13,3746,556456,Chippewa Valley Bank,Hayward,12322,WI,46.0062770014658,01/01/1917
1,NM,1.094988904941967,-90.7794969052709,10.68,Wisconsin,144667,1,396,126026,Bank of Cashton,Cashton,12325,WI,43.7423551880733,03/15/1899
1,NM,2.2682184896177753,-90.0769558452214,17.51,Wisconsin,419823,6,2401,362417,Bank of Mauston,Mauston,12327,WI,43.7926446130122,09/12/1932
1,NM,2.4954305766852847,-88.1622280404727,20.06,Wisconsin,512527,5,3176,433403,State Bank of Chilton,Chilton,12331,WI,44.0292600048842,04/19/1891
1,NM,1.5174258344477498,-91.7359729910903,17.43,Wisconsin,221020,3,834,193214,Community Bank of Cameron,Cameron,12349,WI,45.4088470038999,01/01/1903
1,NM,0.8523970495899742,-88.6003780311907,6.28,Wisconsin,78061,1,168,55750,Hustisford State Bank,Hustisford,12354,WI,43.344709008627,01/06/1902
1,N,1.0373798537691623,-87.7096640261401,12,Illinois,431719,3,1123,379658,The First National Bank of Allendale,Allendale,12365,IL,38.5269419795493,01/01/1906
1,SM,1.4467778892949799,-86.8091649873225,12.69,Alabama,159430000,1259,573000,132760000,Regions Bank,Birmingham,12368,AL,33.5180950088045,01/01/1928
1,NM,0.6484114465360747,-112.2465019637,6.68,Idaho,361667,12,594,316167,Ireland Bank,Malad City,1237,ID,42.1859800034137,12/01/1892
1,NM,1.7370006288683677,-104.023464016627,13.51,Colorado,152192,1,656,125280,Fowler State Bank,Fowler,12372,CO,38.1305689868194,01/01/1899
1,NM,1.024138631968134,-90.4096190400466,13.36,Illinois,3820112,13,9768,3506674,Carrollton Bank,Carrollton,12383,IL,39.3017029991847,01/01/1877
1,NM,0.8198571845312838,-90.3196490324659,7.85,Illinois,195874,2,404,174001,Jersey State Bank,Jerseyville,12384,IL,39.1092780135149,01/28/1903
1,NM,1.3617093643331755,-89.8645999095704,13.76,Illinois,332915,3,1121,288540,State Bank of Toulon,Toulon,12386,IL,41.0940073303272,06/20/1903
1,NM,0.48885476038545983,-89.5553560040683,4.27,Illinois,92198,3,113,81179,Williamsville State Bank & Trust,Williamsville,12388,IL,39.9538700096094,01/01/1890
1,NM,1.3986898576914388,-89.8332300082935,14.77,Illinois,112274,1,387,98395,Exchange State Bank,Lanark,12402,IL,42.1027399935307,04/06/1878
1,NM,0.5054342349996868,-89.0961080086865,8.21,Illinois,184593,3,232,154148,La Salle State Bank,La Salle,12410,IL,41.3275740022434,08/21/1894
1,NM,-0.19789734075448362,-95.5664299873479,-3.35,Iowa,81380,4,-40,76413,Tri-Valley Bank,Randolph,12417,IA,40.8728050025519,01/01/1917
1,NM,1.189537800071659,-97.3976480110537,9.42,Kansas,55337,1,166,47965,The Security State Bank,Wellington,12422,KS,37.2660239959443,06/15/1897
1,NM,1.8249649502174274,-97.1176770222921,13.01,Kansas,21183,1,96,17243,The Dickinson County Bank,Enterprise,12425,KS,38.9049120009434,06/02/1894
1,NM,0.9798117944844762,-94.735744993545,4.93,Kansas,25021,1,60,19190,The Baxter State Bank,Baxter Springs,12432,KS,37.021277997187,01/01/1905
1,SM,1.3953995486140713,-88.704497,9.22,Mississippi,27090994,266,93908,22324890,Renasant Bank,Tupelo,12437,MS,34.256582,02/27/1904
1,NM,0.5684380980582765,-89.09357902086,4.64,Mississippi,35533297,187,50443,29315316,Hancock Whitney Bank,Gulfport,12441,MS,30.368600003593,10/09/1899
1,NM,1.6401508938822373,-94.4292779706555,17.1,Minnesota,78865,1,325,71153,State Bank of Cold Spring,Cold Spring,12444,MN,45.4560019986033,01/01/1908
1,NM,1.9927804738112884,-92.1724350341467,14.15,Missouri,103856,1,521,88467,The Citizens Bank of Edina,Edina,12457,MO,40.1668860205295,09/10/1914
1,NM,0.8526793064579454,-95.9608250185665,9.38,Oklahoma,1269526,3,2693,1126872,First Oklahoma Bank,Jenks,12484,OK,36.0225969907002,01/01/1923
1,SM,2.31618223748544,-97.0332959839298,18.69,Oklahoma,304028,3,1735,252605,The Payne County Bank,Perkins,12485,OK,35.9726180070884,01/08/1898
1,N,1.3924861608010537,-96.178550988519,11.62,Nebraska,357975,5,1209,313882,Premier Bank National Association,Omaha,12493,NE,41.259922991162,08/01/1914
1,NM,2.4154504459638657,-91.6710269878018,25.19,Wisconsin,254060,4,1546,202592,Alliance Bank,Mondovi,12511,WI,44.5659639940439,01/01/1900
1,NM,0.6702038536721586,-89.3110849658545,8.09,Wisconsin,101355,3,174,83412,Community First Bank,Rosholt,12512,WI,44.6274409790651,01/01/1904
1,NM,1.2986179638683137,-90.1671569841761,9.63,Wisconsin,286808,3,936,218216,Partners Bank of Wisconsin,Marshfield,12513,WI,44.6751490117401,06/13/1908
1,NM,0.7982832932430051,-88.5845030418525,8.57,Wisconsin,959880,7,1907,602665,Ixonia Bank,Ixonia,12514,WI,43.1415530075978,01/01/1918
1,NM,1.4807756523307964,-88.5007669909395,16.71,Wisconsin,2609889,19,9767,2174252,Bank Five Nine,Oconomowoc,12517,WI,43.111399991024,09/01/1859
1,NM,1.6694379950397056,-93.2388152057486,11.88,Arkansas,197112,4,817,137462,The Peoples Bank,Magnolia,12531,AR,33.2714711703693,01/01/1910
1,NM,0.9453824877182844,-90.6180053877522,9.91,Illinois,97003,3,229,87254,Bank of Calhoun County,Hardin,12549,IL,39.1568373566179,01/01/1898
1,NM,-0.8915209985035184,-98.666586009165,-4.66,Oklahoma,31213,1,-70,25206,The Hopeton State Bank,Hopeton,12585,OK,36.688113984041,01/01/1919
1,NM,1.146754200770888,-105.383648408372,12.35,Wyoming,1092587,3,3128,984504,The Converse County Bank,Douglas,12591,WY,42.7609573185149,01/01/1918
1,SM,0.5349861509461138,-108.038535028714,6.18,Wyoming,430831,5,585,383400,Security State Bank,Basin,12592,WY,44.3798259805794,06/01/1929
1,NM,2.369294831849424,-104.610548105375,21.18,Colorado,842235,17,4458,731922,PB&T Bank,Pueblo,12594,CO,38.271275282964,01/01/1889
1,NM,1.4153029632905794,-96.4907420130869,5.96,Kansas,223497,3,784,140965,Farmers and Drovers Bank,Council Grove,12602,KS,38.6606959899239,03/16/1882
1,NM,1.6108209264589182,-93.087480027735,14.9,Louisiana,378106,8,1530,330666,City Bank & Trust Co.,Natchitoches,12608,LA,31.7619029813269,01/01/1933
1,NM,0.5887197098452859,-91.3116640370859,7.77,Louisiana,331996,3,504,298170,Patterson State Bank,Patterson,12609,LA,29.6909820147282,01/01/1925
1,NM,2.06168331167493,-92.2784959353283,15.1,Louisiana,1117417,11,5765,897881,The Evangeline Bank and Trust Company,Ville Platte,12611,LA,30.6902882230139,01/01/1933
1,SM,1.0597711539544348,-92.513746969641,9.15,Louisiana,10093380,59,26115,8793497,Origin Bank,Choudrant,12614,LA,32.528422997579,11/23/1912
1,NM,2.1820504294636067,-91.8522129728702,11.87,Missouri,621286,13,3314,502723,Legends Bank,Linn,12616,MO,38.4858980209035,03/17/1913
1,NM,0.2155545456173276,-91.0127729973815,1.79,Missouri,1175143,7,632,895886,Bank of Washington,Washington,12627,MO,38.5602740005405,10/29/1877
1,SM,1.959654248498322,-92.1711459812574,21.79,Missouri,20473249,177,101101,16412033,The Central Trust Bank,Jefferson City,12633,MO,38.576398016222,02/03/1902
1,NM,1.013661298351292,-120.47057298034,8.76,Washington,2300997,12,5796,1943353,Cashmere Valley Bank,Cashmere,1265,WA,47.5221799814711,09/24/1932
1,NM,1.134781105506855,-88.0966590103212,14.53,Wisconsin,154344,2,439,131580,GreenLeaf Bank,Greenleaf,12661,WI,44.3131250163136,01/01/1913
1,NM,1.2464147870117914,-92.9123302231506,10.9,Missouri,144319,3,440,127702,Citizens Community Bank,Pilot Grove,12694,MO,38.8750394077653,08/26/1913
1,NM,0.30129701956347194,-90.154469967892,4.26,Illinois,320050,5,235,291627,State Bank,Waterloo,12706,IL,38.355772997418,01/04/1894
1,NM,1.2951620301664821,-91.4237959643005,8.83,Iowa,148531,3,480,124519,Bridge Community Bank,Mount Vernon,12717,IA,41.9146319813629,09/08/1903
1,NM,1.7833721062034795,-91.6575469596579,14.4,Louisiana,93284,2,413,73777,Sicily Island State Bank,Sicily Island,12722,LA,31.8463030046999,02/01/1918
1,NM,3.545390779433333,-96.8092870231761,30.34,Nebraska,48586,1,417,42907,Bank of Prague,Prague,12745,NE,41.3104369916536,01/01/1906
1,NM,1.6354747913683274,-95.0932250335315,15.28,Oklahoma,101000,3,414,88776,First State Bank,Valliant,12757,OK,34.0034260200352,01/01/1911
1,NM,2.0228934990075857,-96.4156700557313,14.97,Oklahoma,55943,1,279,47528,"Farmers State Bank, Allen, Oklahoma",Allen,12758,OK,34.8793101095812,09/08/1922
1,NM,1.19165449859373,-97.566483764707,10.98,Oklahoma,925191,11,2584,789450,F&M Bank,Edmond,12761,OK,35.64611823561,01/01/1902
1,NM,1.9718946657972332,-102.312808019255,19.62,Texas,2449456,25,12081,2184778,First United Bank,Dimmitt,12769,TX,34.5523610080371,03/07/1907
1,SM,1.2309915365031308,-89.7427740179667,11.14,Wisconsin,575159,7,1789,496839,Baraboo State Bank,Baraboo,12788,WI,43.4696310076255,07/01/1857
1,NM,1.216853713887107,-117.423178775899,13.31,Washington,10700024,45,32525,8864262,Washington Trust Bank,Spokane,1281,WA,47.6570463542161,11/03/1902
1,NM,1.3958099920650429,-91.143466984454,14.1,Wisconsin,973263,19,3384,792043,Peoples State Bank,Prairie Du Chien,12814,WI,43.052108000523,01/22/1915
1,N,1.4731249769581676,-88.3202789669485,13.77,Illinois,778098,7,2847,687494,"Home State Bank, National Association",Crystal Lake,12815,IL,42.2422190114121,01/01/1915
1,SM,0.8475331186928137,-87.0724699865433,5.88,Indiana,156258,3,333,132904,First State Bank of Porter,Porter,12836,IN,41.6157129880114,04/01/1920
1,SM,1.599024557185593,-85.873845008143,17.07,Indiana,3551779,37,13947,3118046,First Farmers Bank & Trust Co.,Converse,12839,IN,40.579023990118,01/01/1932
1,NM,1.4987844504860426,-87.4927759950481,14.96,Indiana,10084903,63,36998,8324642,Centier Bank,Whiting,12854,IN,41.679094006158,04/21/1895
1,NM,1.3259960554235433,-92.3588110098424,13.02,Iowa,1579523,8,5318,1257690,Farmers State Bank,Waterloo,12855,IA,42.4558580072857,06/25/1903
1,NM,0.6733278402576895,-92.3369429597337,6.78,Iowa,252547,2,428,189605,Denver Savings Bank,Denver,12857,IA,42.6725879975933,01/01/1902
1,NM,1.0613148985310752,-95.1471569645904,12.17,Iowa,638258,1,1683,579934,Farmers Trust and Savings Bank,Spencer,12858,IA,43.1415100084345,04/07/1916
1,NM,1.9045032812853586,-97.8947449931385,14.99,Kansas,52828,1,263,45622,Swedish-American State Bank,Courtland,12865,KS,39.783347984675,03/13/1913
1,NM,1.8730740385123763,-88.0816600136839,21.28,Kentucky,771933,10,3587,700926,Farmers Bank and Trust Company,Marion,12869,KY,37.3321479919051,12/01/1899
1,NM,0.9219524932893736,-68.4471040444668,9.47,Maine,1112819,17,2573,953231,Katahdin Trust Company,Patten,12874,ME,45.99609797634,03/07/1918
1,SM,-1.3534890823026418,-85.974273367773,-7.23,Michigan,83176,2,-277,66791,First State Bank of Michigan,Decatur,12893,MI,42.107810458219,01/01/1870
1,NM,0.8658276384551161,-83.3518620914358,9.07,Michigan,97390,2,210,87749,Mayville State Bank,Mayville,12899,MI,43.340063677479,04/15/1885
1,SM,1.4164691500297142,-93.239077559318,15.78,Arkansas,3143422,38,10967,2835352,Farmers Bank & Trust Company,Magnolia,1291,AR,33.267299832435,01/01/1906
1,SM,1.5193016022336847,-91.607242381017,20.21,Arkansas,844038,17,3222,690246,FNBC Bank,Ash Flat,1294,AR,36.225881653943,01/01/1912
1,SM,1.7440524502085928,-74.4292268503593,15.81,New York,2697498,16,11660,2363814,Orange Bank & Trust Company,Middletown,12944,NY,41.4261679404537,05/02/1892
1,NM,0.5870034438249487,-74.470794887501,5.93,New York,192861,3,274,173915,Bank of Richmondville,Cobleskill,12956,NY,42.680925392863,12/08/1893
1,NM,0.7319032932996375,-78.7984199443825,7.27,New York,378964,7,690,333460,Cattaraugus County Bank,Little Valley,12959,NY,42.249800987658,01/01/1902
1,NM,1.0239781551326905,-94.2576454273694,7.51,Arkansas,286600,10,735,246600,Farmers Bank,Greenwood,1296,AR,35.2121257107761,08/01/1907
1,NM,1.2926110343219703,-84.0592359770365,12.76,Ohio,1212097,15,3881,1086553,The Union Bank Company,Columbus Grove,12969,OH,40.9258399861519,11/21/1904
1,SM,1.1326658847017916,-83.2965139687511,11.92,Ohio,1272143,9,3550,1132671,The Richwood Banking Company,Richwood,12978,OH,40.4273840041959,07/01/1867
1,SM,1.370771822811514,-83.9034660178718,21.51,Ohio,106831,1,359,90773,The Corn City State Bank,Deshler,12980,OH,41.2074299814214,10/11/1911
1,SM,1.4633284129406752,-82.710837369184,10.11,Ohio,4290141,42,15761,3521322,Civista Bank,Sandusky,12982,OH,41.457529753194,03/01/1884
1,NM,1.7400196692038226,-79.3425367120903,14.79,Pennsylvania,452074,3,1944,357265,Elderton State Bank,Elderton,12985,PA,40.6953353206577,10/01/1919
1,SM,-0.13820082407451942,-90.1910281415056,-1.06,Arkansas,1208364,10,-431,997294,Evolve Bank & Trust,West Memphis,1299,AR,35.1660918794414,06/05/1925
1,NM,1.6088405879589176,-96.635230349673,21.62,Texas,455225,5,1802,355885,Trinity Capital Bank of Texas,Ennis,13000,TX,32.323365016991,01/01/1933
1,NM,1.5788707683400585,-102.87887800619,17,Texas,324526,5,1234,294289,The Pecos County State Bank,Fort Stockton,13006,TX,30.8893720064728,05/11/1928
1,SM,1.4753713343287709,-81.25252668019,10.54,Virginia,3644798,67,12713,3079480,First Community Bank,Bluefield,13012,VA,37.241352760387,01/07/1920
1,NM,0.8938852628413945,-80.1511278999999,11.22,West Virginia,385155,7,851,350902,First Exchange Bank,White Hall,13020,WV,39.4825611000001,06/27/1932
1,NM,1.4254351646091454,-90.1822750038385,13.57,Wisconsin,457746,5,1594,405960,Farmers Savings Bank,Mineral Point,13025,WI,42.8621070193416,01/01/1917
1,NM,1.4027212792818067,-91.210366977011,12.85,Wisconsin,151370,4,525,119470,Oakwood Bank,Pigeon Falls,13030,WI,44.4254780162244,04/06/1920
1,NM,1.9398191438079697,-90.8889199844044,20.18,Wisconsin,344168,6,1670,282194,Citizens First Bank,Viroqua,13032,WI,43.5560970024933,01/01/1912
1,SM,1.4806298083074578,-89.0857939930101,14.52,Wisconsin,275930,3,1027,242233,The Farmers State Bank of Waupaca,Waupaca,13033,WI,44.3582279953911,01/11/1911
1,N,0.08763451253302404,-91.259804028673,0.63,Wisconsin,75444,3,17,62873,"Park Bank, National Association",Holmen,13054,WI,43.954810013042,01/01/1909
1,NM,1.257819875358699,-88.3338770122891,9.84,Wisconsin,1173908,11,3694,992753,Citizens Bank,Mukwonago,13055,WI,42.8652060184932,12/12/1892
1,N,0.9435356172927484,-92.5182730297177,8.63,Wisconsin,773117,8,1804,596152,Hiawatha National Bank,Hager City,13058,WI,44.596373999769,01/01/1917
1,SI,0.8821189727321831,-70.5384411898155,9.98,Maine,2099477,17,4534,1668765,Kennebunk Savings Bank,Kennebunk,13063,ME,43.3873893662297,05/01/1871
1,SM,1.0142859755986025,-94.3689440257703,12.25,Missouri,441949,13,1109,391745,Community Bank and Trust,Neosho,13068,MO,36.8695080079462,01/01/1884
1,SM,2.8181745816519133,-91.5241669917126,26.74,Missouri,760801,10,5222,656996,Town & Country Bank,Salem,13071,MO,37.6348250115452,01/01/1894
1,SM,1.1039045585788472,-93.9228976117088,12.52,Arkansas,785601,11,2109,669153,First Western Bank,Booneville,13083,AR,35.1399662416149,04/18/1910
1,N,0.6150840865126777,-80.251628970844,4.25,Florida,21134120,117,32265,16646859,Seacoast National Bank,Stuart,131,FL,27.191632011529,01/01/1933
1,SM,1.6341124166943994,-85.8551159807737,15.04,Indiana,7078433,58,28725,6191715,Lake City Bank,Warsaw,13102,IN,41.2378349999142,01/01/1872
1,NM,0.9540088245816274,-85.3705190147136,9.42,Indiana,895609,11,2130,783649,"Citizens State Bank of New Castle, Indiana",New Castle,13107,IN,39.9314920045117,07/03/1873
1,NM,0.7335387092626034,-85.8893340108401,8.78,Indiana,1080401,15,1968,859286,Jackson County Bank,Seymour,13109,IN,38.957385019845,01/01/1900
1,SM,0.5708380078763858,-86.397671963273,6.77,Indiana,239933,5,339,218945,Hendricks County Bank and Trust Company,Brownsburg,13111,IN,39.843064979577,01/01/1908
1,NM,0.7173610337172496,-86.7651859795513,10.61,Indiana,391553,7,700,326709,Owen County State Bank,Spencer,13112,IN,39.2873499958251,01/01/1934
1,NM,-0.10549764456220506,-87.2739570249216,-0.93,Indiana,248354,5,-65,199934,Peoples Trust and Savings Bank,Boonville,13113,IN,38.0491789886957,01/01/1895
1,SM,1.0473308854934982,-85.1485789591207,14.43,Indiana,559782,9,1459,480597,The Friendship State Bank,Friendship,13130,IN,38.9697849978552,10/26/1912
1,NM,1.5731059815267252,-86.2225752839385,15.83,Kentucky,180632,2,697,149659,Bank of Clarkson,Clarkson,13167,KY,37.4953646842084,01/01/1904
1,SM,1.8937424534730234,-84.9874589987972,19.08,Michigan,414025,10,1935,355957,First Community Bank,Harbor Springs,13179,MI,45.4294799805756,11/01/1905
1,NM,1.1321610980848007,-101.623291189618,14.79,North Dakota,251837,4,711,231738,Union State Bank of Hazen,Hazen,13195,ND,47.2952804938305,01/01/1908
1,NM,1.1595018644902553,-101.020546034454,9.23,North Dakota,70564,2,206,61730,Peoples State Bank,Westhope,13196,ND,48.9095230069522,06/12/1906
1,NM,1.2673293313994927,-96.8608465403602,15.72,North Dakota,1750393,13,5601,1538604,Cornerstone Bank,Fargo,13198,ND,46.8446505055039,07/15/1907
1,NM,1.4793959374513714,-84.2981410046565,12.09,Ohio,278416,7,1022,240899,The Fort Jennings State Bank,Fort Jennings,13209,OH,40.9035030104702,01/01/1918
1,NM,0.4352325798256557,-82.9445509812536,4.28,Ohio,517505,6,563,439695,The Savings Bank,Circleville,13216,OH,39.6023440126341,04/20/1912
1,NM,1.6827461748299177,-84.6292450393686,17.5,Ohio,842455,7,3520,737907,The Peoples Bank Co.,Coldwater,13220,OH,40.480050980337,11/20/1905
1,NM,0.8108352589985445,-88.9920699824542,7.63,Wisconsin,245569,3,493,183746,Farmers & Merchants State Bank,Waterloo,13242,WI,43.183505983643,01/01/1897
1,SM,0.6609991298308798,-86.2464294381473,8.64,Michigan,182771,3,301,159222,The State Savings Bank of Manistique,Manistique,13249,MI,45.957801441537,07/07/1917
1,NM,3.003387968134786,-98.7482190405709,12.51,Nebraska,88730,2,656,66885,Chambers State Bank,Chambers,13251,NE,42.2050259924517,11/01/1901
1,SM,0.9830901292707481,-97.5281809817665,11.68,Nebraska,1245317,11,3070,1064814,Midwest Bank,Pierce,13255,NE,42.1988279941486,01/01/1882
1,NM,0.6316958090480156,-87.7027880156891,7.78,Wisconsin,724896,9,1138,631259,Bank of Luxemburg,Luxemburg,13264,WI,44.5398370151128,10/03/1903
1,SM,1.7892339586801338,-95.4330108139334,14.66,Oklahoma,205476,6,876,177010,Bank of Commerce,Chelsea,13274,OK,36.5359724179468,03/23/1896
1,SM,0.6582629219681354,-76.2026627157827,8.43,New York,1190928,10,1954,1080401,Solvay Bank,Solvay,13297,NY,43.0602841698845,03/17/1917
1,NM,0.4123849290947299,-91.8737936913379,2.08,Arkansas,329016,151,339,250565,Bank of England,England,13303,AR,34.5450628430327,08/08/1898
1,NM,0.8919368620454886,-85.5377549983271,9.53,Indiana,769029,12,1708,688915,The New Washington State Bank,New Washington,13305,IN,38.5629210055633,03/08/1908
1,NM,1.7054324751556365,-121.2741661531,14.93,California,5836466,34,24578,5120775,Farmers & Merchants Bank of Central California,Lodi,1331,CA,38.1342972696629,05/24/1916
1,SM,1.1904271940126414,-84.362561546435,11.75,Ohio,1597487,29,4664,1382529,The State Bank and Trust Company,Defiance,13339,OH,41.285293880517,03/28/1902
1,SM,1.0597055731677267,-83.1144649829317,10.35,Ohio,1352351,19,3532,1029868,The Croghan Colonial Bank,Fremont,13341,OH,41.346337982149,07/25/1888
1,SM,1.777404092867485,-97.2842826724729,21.05,Oklahoma,433198,3,1892,391157,Exchange Bank and Trust Company,Perry,13366,OK,36.287308326666,02/20/1896
1,NM,1.5003006800949776,-92.5724320265336,15.22,Missouri,164609,2,605,147877,Northeast Missouri State Bank,Kirksville,13381,MO,40.190554000526,12/20/1933
1,NM,1.1767909109875072,-94.9756499822138,13.54,Minnesota,141423,2,416,122506,Farmers and Merchants State Bank of Springfield,Springfield,13382,MN,44.2402030035109,01/01/1918
1,NM,3.0584472008106696,-75.2329626843487,11.97,New York,1447578,1,10907,1041885,Bank of Utica,Utica,13397,NY,43.1008172515318,04/23/1927
1,NM,2.234264949527299,-94.1810230138623,16.39,Texas,389110,8,2215,332859,Farmers State Bank,Center,13407,TX,31.795978016125,07/07/1910
1,NM,1.5507952717866555,-99.770821663936,12.68,Oklahoma,83760,1,317,73307,Farmers and Merchants Bank,Arnett,13415,OK,36.1348088406106,12/28/1908
1,NM,2.842048287376213,-99.6303915559298,28.23,Oklahoma,67355,2,466,60520,Oklahoma State Bank,Buffalo,13416,OK,36.8351206578996,02/10/1930
1,NM,1.5588967449158164,-96.6544249917634,14.91,Nebraska,9188563,37,35624,7594514,Union Bank and Trust Company,Lincoln,13421,NE,40.7762450169661,02/28/1917
1,SM,1.5941728888293403,-95.1366759814027,18.37,Minnesota,204497,4,818,185871,Wadena State Bank,Wadena,13430,MN,46.438462010789,01/01/1917
1,NM,1.2774551090376818,-100.195582045002,13.58,Kansas,98787,4,306,88768,Integrity Bank,Fowler,13450,KS,37.380677330753,04/13/1906
1,NM,1.4443505710584896,-90.2700160119077,13.67,Wisconsin,808607,21,2902,716539,Royal Bank,Elroy,13454,WI,43.7386460107465,04/30/1932
1,NM,-0.029538669282948803,-97.556425983811,-0.29,Oklahoma,94515,1,-7,83483,The State Exchange Bank,Lamont,13551,OK,36.690450020456,10/01/1901
1,SM,0.6717472550952704,-75.8183409719813,9.57,Pennsylvania,398683,7,672,364972,Fleetwood Bank,Fleetwood,13561,PA,40.4536059919994,01/01/1934
1,NM,0.4279711285798233,-89.211676180927,4.67,Wisconsin,716609,8,772,587550,Bank of Sun Prairie,Sun Prairie,13565,WI,43.183316259265,08/08/1903
1,NM,0.2900263172028573,-91.3831969589848,3.41,Illinois,37802,2,27,34567,State Bank of Nauvoo,Nauvoo,13582,IL,40.5500720164506,01/17/1893
1,NM,0.6693166648694275,-97.6726429991762,7.22,Texas,408875,6,675,368389,First Lockhart Bank,Lockhart,13599,TX,29.8842819872705,01/09/1934
1,NM,1.7176378113218533,-97.0929659982645,17.51,Texas,137899,4,590,122741,POINTWEST BANK,West,13600,TX,31.8030100137941,01/01/1893
1,NM,0.8982383687165257,-96.4888269996684,9.08,Nebraska,39963,2,87,35977,Bank of Mead,Mead,13611,NE,41.2269300181544,09/01/1885
1,NM,2.0099292914096583,-93.3190900335643,8.35,Iowa,131549,1,668,99346,Corydon State Bank,Corydon,13616,IA,40.7587039986433,01/01/1926
1,NM,1.00349185732413,-100.162099003867,9.66,Nebraska,1183388,8,2932,919978,Dayspring Bank,Gothenburg,13622,NE,40.9282170100735,01/01/1906
1,SM,0.31979428742980026,-93.0931455237293,2.94,Arkansas,612124,5,490,537165,First State Bank,Russellville,13632,AR,35.2781809332213,01/12/1934
1,NM,1.274906212494433,-97.6664780255717,13.79,Kansas,1599701,21,5067,1403563,Peoples Bank and Trust Company,Mcpherson,1365,KS,38.3690829986562,11/01/1898
1,NM,1.2898058422294771,-94.343200602729,10.82,Minnesota,387974,5,1244,340091,Pine Country Bank,Little Falls,13652,MN,45.976169917721,05/11/1927
1,NM,1.0316392608444107,-95.1495940029386,11.45,Iowa,284537,5,740,238581,United Community Bank,Milford,13656,IA,43.3251310201944,06/10/1931
1,NM,1.451418667206897,-97.6459319692319,15.58,Nebraska,225134,6,806,202714,"Farmers and Merchants State Bank, Bloomfield, Nebraska",Bloomfield,13662,NE,42.5991689798418,01/01/1895
1,NM,1.1555774268718069,-97.9702289765562,12.42,Nebraska,174598,3,499,157975,Brunswick State Bank,Brunswick,13692,NE,42.3377909801611,01/01/1930
1,NM,0.788557526949373,-98.5851940412937,5.26,Nebraska,25347,1,47,21484,Nebraska State Bank,Bristow,13696,NE,42.8418800201462,11/14/1924
1,N,1.5896290236304709,-84.6319089758358,13.2,Ohio,647746,10,2526,539624,Greenville National Bank,Greenville,13703,OH,40.1007160079203,01/17/1934
1,NM,1.4064319970950785,-91.9849480371852,12.76,Iowa,393890,6,1375,312914,The Libertyville Savings Bank,Fairfield,13712,IA,41.0033109835364,09/16/1901
1,NM,1.0832588777837588,-95.1032139990028,13.3,Iowa,91364,2,244,83655,The State Bank,Spirit Lake,13715,IA,43.421444996922,10/05/1928
1,NM,0.6442184377702884,-94.6937690091756,4.36,Kansas,16875,1,27,13898,Prescott State Bank,Prescott,13729,KS,38.0653040102056,09/26/1904
1,NM,1.263033659649886,-93.086336987599,11.88,Louisiana,1522511,26,4805,1323478,BOM Bank,Natchitoches,1373,LA,31.7639920030553,10/05/1903
1,NM,1.414175929575392,-95.6287320030987,11.16,Iowa,298273,3,1045,246520,Savings Bank,Primghar,13735,IA,43.0866059861549,11/15/1894
1,NM,0.9921633474728593,-91.880423022378,8.54,Iowa,111778,3,276,92003,Maynard Savings Bank,Maynard,13736,IA,42.774010995763,01/01/1895
1,NM,0.9899937889225552,-91.1023529950075,12.43,Iowa,210705,4,524,187043,Farmers & Merchants Bank & Trust,Burlington,13737,IA,40.8096469849393,01/01/1916
1,NM,1.0212537233208663,-91.1467680293819,11.22,Louisiana,88409,1,228,79969,The Bank of Commerce,White Castle,1374,LA,30.1708610170385,03/01/1927
1,N,0.059809464135682035,-75.4520772003811,0.58,New York,285210,4,42,199377,The Upstate National Bank,Ogdensburg,13748,NY,44.7146389655371,09/27/1922
1,NM,1.129300375831165,-90.7651369603188,8.5,Iowa,222154,2,625,182781,Blue Grass Savings Bank,Blue Grass,13753,IA,41.509497008058,01/01/1902
1,NM,1.0361146536066086,-91.2363129906526,9.22,Louisiana,471372,7,1240,410214,Citizens Bank & Trust Company,Plaquemine,1376,LA,30.2912790003658,07/05/1916
1,NM,0.9407863663090522,-92.0840939656292,6.53,Iowa,53241,1,122,40074,Benton County State Bank,Blairstown,13774,IA,41.9084499924949,01/01/1869
1,NM,0.7646917934983778,-81.8042770409045,7.75,Tennessee,229858,3,439,203071,Farmers State Bank,Mountain City,13775,TN,36.4747610206133,01/15/1934
1,N,0.8263258679543752,-87.9195189699156,14.4,Michigan,193241,5,397,176012,"Northern Interstate Bank, N. A.",Norway,13784,MI,45.7897770105814,06/12/1901
1,NM,1.4512485688646843,-93.5679339866936,13.08,Missouri,131025,4,469,115578,"Concordia Bank of Concordia, Missouri",Concordia,13788,MO,38.983223996583,05/01/1932
1,NM,1.672870369581697,-99.3751920197975,18.07,North Dakota,121174,2,491,106788,McIntosh County Bank,Ashley,13794,ND,46.034615000726,01/01/1911
1,N,1.3510178603399803,-95.825332978659,11.97,Kansas,101259,1,349,89665,First National Bank in Fredonia,Fredonia,13798,KS,37.53350200948,09/16/1871
1,NM,1.4729339492300302,-91.0146669722231,13.72,Louisiana,170946,3,621,144212,Feliciana Bank & Trust Company,Clinton,1380,LA,30.8614890188265,01/20/1904
1,NM,1.4432853153471816,-85.189681800636,18.85,Indiana,314518,4,1117,288441,Farmers and Merchants Bank,Laotto,13801,IN,41.293791537776,10/29/1914
1,SM,0.550380141385919,-84.5320570396874,7.83,Ohio,139265,5,196,128466,The Twin Valley Bank,West Alexandria,13802,OH,39.7442839991973,01/01/1888
1,N,0.9979398201136315,-94.2181960000741,8.99,Minnesota,197395,2,485,172763,Minnstar Bank National Association,Lake Crystal,13809,MN,44.1080470029768,01/29/1934
1,N,1.282305840051119,-89.3817149891433,16.2,Illinois,139251,1,444,125398,First National Bank in Pinckneyville,Pinckneyville,13813,IL,38.078024009279,01/01/1901
1,SM,1.2007404969060398,-91.8085740189108,11.81,Iowa,167055,3,497,128800,Bank 1st,West Union,13816,IA,42.9619159982362,01/01/1934
1,NM,1.727180685669923,-97.5380579650114,17.78,Nebraska,253971,3,1079,227330,Commercial State Bank,Wausa,13819,NE,42.4994770123155,12/01/1925
1,NM,2.0098904418896786,-90.7900160415052,19.06,Arkansas,564380,10,2844,499263,Cross Bank,Wynne,13821,AR,35.2238060185797,06/04/1891
1,NM,1.3823747222907923,-83.4649240055424,8.7,Georgia,45085,3,154,37372,The Trust Bank,Lenox,13832,GA,31.2720219796859,06/25/1907
1,NM,1.3612474804308308,-87.442775428036,12.35,Indiana,402166,5,1376,310960,Kentland Bank,Kentland,13843,IN,40.768773598023,09/19/1932
1,SM,1.4549203854591948,-96.681930207034,14.31,Nebraska,1113298,18,4071,969709,First State Bank Nebraska,Lincoln,13868,NE,40.729880687189,12/12/1912
1,SM,1.3241734512613315,-78.438445366192,11.92,Pennsylvania,8496254,82,27921,7260678,CNB Bank,Clearfield,13876,PA,41.021648659847,01/27/1934
1,NM,1.3170731707317074,-97.6319089614003,18.24,Kansas,174585,4,567,156330,The Farmers State Bank,Mcpherson,13883,KS,38.3699050119007,10/09/1909
1,NM,1.067224315408051,-85.4002946867825,15.72,Alabama,305625,3,814,276547,Farmers and Merchants Bank,Lafayette,13887,AL,32.899823061087,01/30/1934
1,NM,1.55543856174059,-100.762490034458,17.84,Nebraska,374791,10,1492,339914,Sandhills State Bank,North Platte,13892,NE,41.1321959882659,09/22/1902
1,NM,1.073472883091128,-94.2374619721609,13.37,Missouri,383616,9,1042,342304,Farmers State Bank,Cameron,13897,MO,39.7410389872925,01/01/1934
1,NM,-0.2027743213972994,-90.1410714318616,-1.86,Illinois,22443,1,-11,19953,Farmers State Bank of Medora,Medora,13902,IL,39.175943082825,09/09/1912
1,N,1.2304078775012421,-96.3781469857218,12.43,Oklahoma,225205,5,681,202474,First Texoma National Bank,Durant,13905,OK,33.9914670139511,07/08/1898
1,NM,0.1503517156204693,-94.0796960303931,2.43,Minnesota,56607,2,21,52752,Arlington State Bank,Arlington,1391,MN,44.6069660012643,06/04/1895
1,N,1.229666201062183,-98.114765006171,10.62,Texas,596956,8,1830,524262,"SouthTrust Bank, N.A.",George West,13919,TX,28.3335659878019,02/17/1934
1,NM,0.5636501986866951,-97.4268809880255,2.52,Kansas,36960,1,50,28862,"The State Bank of Canton, Canton, Kansas",Canton,13926,KS,38.3855380156942,05/15/1895
1,NM,0.774316816250597,-95.2938629851182,5.7,Iowa,39798,1,77,34222,State Bank of Schaller,Schaller,13931,IA,42.4998710036743,01/01/1898
1,NM,1.5788922046152538,-97.288671032194,15.75,Oklahoma,260562,4,998,234292,First Bank & Trust Company,Perry,13946,OK,36.287491995044,02/21/1934
1,NM,2.3143799821785516,-105.891311041029,18.94,Colorado,326178,1,1922,283509,Alamosa State Bank,Alamosa,13947,CO,37.4742829834457,03/01/1907
1,NM,1.3365836722947821,-93.709452028251,20.85,Louisiana,854380,12,2897,793511,Community Bank of Louisiana,Mansfield,13951,LA,32.0366769805721,10/01/1901
1,SM,1.4934190619061265,-96.1341229621946,14.44,Iowa,1234983,14,4664,894826,Iowa State Bank,Hull,13953,IA,43.1888610139437,01/01/1879
1,NM,1.7919952608389795,-88.5169930143827,12.98,Tennessee,218079,8,968,184620,Foundation Bank,Mc Kenzie,13955,TN,36.1318240017313,02/28/1934
1,NM,-3.9614071864333895,-94.7711899665981,-12.19,Kansas,66016,1,-737,41212,CBW Bank,Weir,13959,KS,37.3102420136846,01/01/1892
1,NM,1.7708805907106988,-91.9559599794242,12.18,Missouri,64483,2,283,50333,The Bank of Houston,Houston,13960,MO,37.3242889937592,06/04/1889
1,SM,1.445060889069742,-97.264369967051,17.67,Nebraska,147054,2,546,133747,Bank of Hartington,Hartington,13962,NE,42.6224179904081,01/01/1917
1,N,1.0186265575362183,-89.2284050347416,9.67,Illinois,118221,2,299,105223,The Granville National Bank,Granville,13983,IL,41.2601729814243,02/27/1934
1,N,0.8309221752355517,-104.991471993267,5.26,Colorado,6881,1,14,5464,"Transact Bank, National Association",Denver,13986,CO,39.746141009846,12/11/1905
1,SM,1.628137584984256,-93.4295989728671,14.24,Minnesota,3688224,40,15046,3138859,Frandsen Bank & Trust,Lonsdale,1399,MN,44.4808049893383,08/01/1901
1,NM,1.0564677941116252,-91.8084499667438,13.85,Iowa,50393,1,129,46461,Palo Savings Bank,Palo,13990,IA,42.0656100064822,01/01/1908
1,NM,1.3454960091220067,-97.7196750313601,13.77,South Dakota,36116,1,118,32592,The Farmers and Merchants State Bank,Scotland,13999,SD,43.1498070029308,03/06/1934
1,SM,0.8136750947168665,-71.0598264127317,10.55,Massachusetts,386546000,3,760000,299560000,State Street Bank and Trust Company,Boston,14,MA,42.3628544213077,01/01/1792
1,SM,1.2933962173900566,-84.0222739633276,11.52,Michigan,422333,4,1352,373146,Chelsea State Bank,Chelsea,14009,MI,42.3064170136612,12/17/1897
1,NM,1.1256200375089829,-77.527111963149,12.53,Maryland,1153306,8,3211,997435,Middletown Valley Bank,Middletown,14017,MD,39.4382340179,01/04/1908
1,NM,-0.8206798223633205,-95.368987720166,-8.32,Minnesota,1453104,17,-3009,1255240,Citizens Alliance Bank,Clara City,1402,MN,44.955223265549,07/02/1902
1,NM,1.1400855064129811,-94.8128590056733,17.53,Kansas,62412,1,171,57533,"Farmers and Merchants Bank of Mound City, Kansas",Mound City,14024,KS,38.1423469857044,11/14/1893
1,NM,1.9058507366610689,-94.773402034665,18.42,Missouri,520075,10,2413,465003,Connections Bank,Platte City,14025,MO,39.366402993615,03/07/1934
1,NM,2.6929355474247116,-96.6652399937926,17.52,Nebraska,85976,1,598,71748,Scribner Bank,Scribner,14026,NE,41.6657669896566,08/17/1917
1,NM,0.33577080928011355,-90.4568140164282,5.14,Louisiana,3956090,30,3371,3512238,First Guaranty Bank,Hammond,14028,LA,30.5047400065254,03/12/1934
1,NM,0.981437362215136,-97.56775001882,8.66,Oklahoma,835338,4,2069,720622,First Liberty Bank,Oklahoma City,14029,OK,35.568947980911,12/12/1933
1,SM,2.0928893796516905,-91.1408639844232,18.5,Missouri,474299,7,2554,418053,The Missouri Bank,Warrenton,14036,MO,38.8118810061421,01/01/1934
1,NM,1.1831077199546318,-90.9769877513907,10.34,Missouri,343040,4,1004,302212,Farmers and Merchants Bank of St. Clair,Saint Clair,14056,MO,38.3548909567628,05/02/1913
1,NM,0.7845708207622272,-98.0816795618696,6.61,Nebraska,378329,5,733,324516,Great Plains State Bank,Petersburg,14058,NE,41.8535573330844,12/04/1920
1,NM,1.1768577326238543,-82.849831032962,12.12,Georgia,2345636,36,6786,2091603,Vallant Bank,Elberton,14065,GA,34.099952980923,03/12/1934
1,NM,0.5703501782344307,-98.7033829832,2.78,Nebraska,61629,1,85,49125,State Bank of Scotia,Scotia,14069,NE,41.4659839921938,01/01/1934
1,N,0.975178140863004,-84.6317020266465,10.53,Michigan,1331769,15,3232,1130985,County National Bank,Hillsdale,14073,MI,41.9197669867052,03/19/1934
1,SM,1.5303793527824419,-92.7710389591619,12.29,Iowa,609234,10,2372,514527,GNB Bank,Grundy Center,14079,IA,42.3617610020385,03/16/1934
1,NM,1.6361327634836744,-99.1984910234802,16.81,Kansas,143417,2,546,101506,Bison State Bank,Bison,14083,KS,38.5213489870175,01/01/1901
1,NM,1.3900607092742416,-95.6952040156793,14.73,Minnesota,450823,7,1559,379087,Kensington Bank,Kensington,1409,MN,45.7787330149574,01/01/1898
1,N,1.7029945465262,-98.1447749855671,18.98,Texas,84819,1,372,76764,The First National Bank in Falfurrias,Falfurrias,14095,TX,27.2258070005224,01/01/1934
1,NM,0.6572245407643521,-97.4505789752354,6.75,Nebraska,59496,1,100,48265,Generations Bank,Exeter,14096,NE,40.6447099897287,01/01/1934
1,NM,1.3633034526155083,-86.6159040325395,14.44,Indiana,487411,15,1652,425987,The Peoples State Bank,Ellettsville,14113,IN,39.2282810058576,01/01/1904
1,NM,0.9903650531649457,-94.4100270021754,12.55,Minnesota,155937,4,387,142937,Perennial Bank,Darwin,1413,MN,45.0972979912056,01/01/1914
1,SI,0.44973176712460783,-72.0157370399757,3.46,Vermont,925377,13,1050,743124,Passumpsic Savings Bank,Saint Johnsbury,14134,VT,44.4197349876257,02/24/1853
1,SI,0.6460456103508082,-72.0464340001561,7.25,Vermont,259539,6,413,228132,Wells River Savings Bank,Wells River,14136,VT,44.1533739884167,01/01/1892
1,SI,0.6045367874945239,-72.6558380074128,6.31,Vermont,1576055,13,2408,1327111,Northfield Savings Bank,Northfield,14140,VT,44.1483489955535,11/21/1867
1,SB,1.0580107282287843,-95.0364989950492,11.5,Minnesota,140514,4,375,124411,Northwoods Bank of Minnesota,Park Rapids,1415,MN,46.9212069953425,09/19/1919
1,NM,0.7997173838257775,-72.5877902040761,13.4,Vermont,1624523,21,3240,1204427,Union Bank,Morrisville,14158,VT,44.5609675907586,01/01/1891
1,NM,1.0907054519571464,-73.0844099973721,9.81,Vermont,379999,5,1042,334411,Peoples Trust Company of St. Albans,Saint Albans,14168,VT,44.8125680092781,11/12/1866
1,N,0.6383627272770798,-92.9413889874431,6.64,Minnesota,314404,7,500,282729,Woodlands National Bank,Hinckley,1417,MN,46.0154069894996,10/01/1908
1,NM,0.9798124841625138,-91.033577259653,6.93,Missouri,97058,1,232,83373,Silex Banking Company,Silex,14178,MO,39.124202487502,03/24/1934
1,NM,1.9924475696857264,-94.8989429953038,24.38,Missouri,240391,3,1172,220173,Bank of Weston,Weston,1418,MO,39.4227870085383,03/21/1893
1,NM,1.0630789652660049,-87.3193779714961,16.34,Alabama,351134,7,932,319649,Marion Community Bank,Marion,14184,AL,32.6303800068006,03/17/1934
1,SM,1.7754505866604893,-89.6541871434751,16.46,Missouri,644452,7,2855,541858,"First State Bank and Trust Company, Inc.",Caruthersville,14185,MO,36.192529884214,04/02/1934
1,SM,1.3555065396884582,-93.946858120126,12.65,Iowa,360859,6,1236,318573,Farmers Trust and Savings Bank,Buffalo Center,14195,IA,43.386119256442,01/01/1914
1,NM,-2.3973546899510714,-92.5996299612334,-26.74,Iowa,1780330,16,-10587,1537756,Lincoln Savings Bank,Reinbeck,14207,IA,42.3244479961342,01/01/1902
1,SM,2.172214686878917,-94.2883409626262,15.46,Iowa,198802,8,1067,166764,Security Savings Bank,Gowrie,14208,IA,42.2803560003081,04/18/1914
1,NM,1.6870122475410019,-91.5964500101267,12.49,Iowa,1128929,9,4722,933012,Farmers State Bank,Marion,14209,IA,42.0344610102635,08/27/1927
1,SM,1.602259396469937,-91.9660859890124,17.18,Wisconsin,1021358,8,4106,822715,Security Financial Bank,Durand,14222,WI,44.6266959955109,04/06/1934
1,N,0.9325510266387641,-86.605499995223,9.85,Indiana,176971,2,420,158810,The Home National Bank of Thorntown,Thorntown,14225,IN,40.1296469849207,05/31/1901
1,NM,1.4760535797738579,-95.5848120039258,16.85,Iowa,252275,1,912,220127,Malvern Bank,Malvern,14230,IA,41.0025699813862,01/01/1892
1,NM,1.6003869067247027,-93.2021499114121,13.43,Iowa,227647,4,910,200008,United Bank and Trust Company,Hampton,14247,IA,42.7420989529892,01/01/1915
1,NM,1.501330647695101,-89.350154,12.92,Missouri,885782,11,3315,696064,Focus Bank,Charleston,1426,MO,36.923392,01/01/1930
1,NM,2.2430174608296585,-98.3088739580982,11.58,Oklahoma,69886,1,391,56442,Walters Bank and Trust Company,Walters,14260,OK,34.3592290088344,04/14/1934
1,SM,1.4217451961170335,-96.6075300036965,14.61,Nebraska,1032319,9,3656,850146,Cornhusker Bank,Lincoln,14264,NE,40.8142859911613,08/24/1903
1,N,1.750229414065942,-92.104766672526,18.12,Wisconsin,2205753,21,9658,1840777,National Bank of Commerce,Superior,14266,WI,46.724500282074,02/07/1934
1,NM,2.159920953726533,-96.6477720237559,27.46,Kansas,436100,4,2339,382578,The Citizens State Bank,Marysville,14269,KS,39.8419700096557,01/10/1907
1,NM,1.8205646595076754,-91.9432489908967,16.03,Missouri,98235,3,448,77852,United Security Bank,Fulton,1427,MO,38.8692980068127,01/25/1930
1,NM,1.684836709483203,-97.3893350071224,14.74,Nebraska,211828,2,878,161105,Farmers and Merchants Bank,Milligan,14275,NE,40.4995070120783,06/10/1903
1,NM,1.94662435699497,-87.0289929709532,14.93,Michigan,632092,9,3078,532142,"First Bank, Upper Michigan",Gladstone,14276,MI,45.8460290105296,08/14/1916
1,SM,0.49504950495049505,-97.3450580226933,3.55,Nebraska,78069,4,98,63351,First Bank of Utica,Utica,14281,NE,40.8951990170848,01/01/1882
1,SM,0.5843848919317645,-91.189888227354,6.08,Iowa,209462,7,306,184480,BANK,Wapello,14291,IA,41.17344002294,02/13/1931
1,NM,1.4735313391070257,-95.5142509637001,14.08,Missouri,111338,2,416,98312,Citizens Bank & Trust,Rock Port,14293,MO,40.4143799843334,03/28/1902
1,NM,1.8412063304957063,-98.6580880166302,18.49,Nebraska,241615,2,1109,157356,Adams County Bank,Kenesaw,14311,NE,40.623359019227,01/01/1878
1,SM,0.5851313143531048,-98.3840720347986,5.42,Nebraska,537504,2,774,475678,Five Points Bank of Hastings,Hastings,14312,NE,40.6148559975507,01/01/1893
1,NM,1.338654899724832,-90.3816910415803,10.19,Wisconsin,123074,3,405,101231,Conservation First Bank,Benton,14316,WI,42.5700829795422,12/05/1894
1,NM,2.8650284561356756,-96.5286540317017,19.19,Nebraska,539174,5,3763,445769,Horizon Bank,Waverly,14327,NE,40.9179659843994,02/18/1907
1,SM,0.8620512652822845,-95.6203830408027,7.2,Oklahoma,670172,10,1417,584844,FirstBank,Antlers,14331,OK,34.2320039981194,01/01/1901
1,NM,0.5617183929535917,-79.3842670318597,5.67,Pennsylvania,359713,7,507,302873,Commercial Bank and Trust of PA,Latrobe,14333,PA,40.3164200113697,05/04/1934
1,NM,1.352460591072782,-91.0081020141989,16.58,Missouri,583322,3,1936,497057,United Bank of Union,Union,14334,MO,38.4457619900097,03/22/1934
1,SM,1.6661964156100377,-98.9123330167086,13.77,Nebraska,227138,4,967,197698,Town & Country Bank,Ravenna,1434,NE,41.0270730084866,01/01/1932
1,SM,0.7952381522689438,-99.3278780203908,8.28,Kansas,42506,1,83,35037,Farmers State Bank,Phillipsburg,14344,KS,39.755689003391,01/01/1909
1,NM,1.0627043497611997,-91.5365230066406,12.69,Missouri,147168,2,388,133187,Bank of Salem,Salem,14349,MO,37.6455980202395,10/10/1883
1,NM,1.9370002540621216,-99.0846520378649,18.15,Nebraska,1559458,8,7586,1209298,Exchange Bank,Kearney,1435,NE,40.7067910166023,04/09/1917
1,NM,2.0940965764276367,-91.6917027177042,21.91,Iowa,151163,4,798,132017,Federation Bank,Washington,14352,IA,41.2973334906274,11/01/1906
1,N,0.32197549616718124,-83.2818029743069,2.8,Ohio,380333,8,301,326370,The First Citizens National Bank of Upper Sandusky,Upper Sandusky,14355,OH,40.8277990020941,12/01/1902
1,NM,1.4572745936122238,-96.2723210157232,9.81,Nebraska,120650,3,433,99191,Countryside Bank,Unadilla,1438,NE,40.6817189840049,05/01/1892
1,NM,1.3111369229162253,-90.734864962629,12.9,Iowa,2582570,36,8363,2152772,Fidelity Bank & Trust,Dubuque,14382,IA,42.515965934152,04/20/1910
1,NM,3.437984229850313,-96.2335589883074,18.2,Nebraska,127844,3,1126,102390,American Interstate Bank,Elkhorn,1439,NE,41.2885750184248,03/29/1915
1,NM,2.7039116253122315,-92.0105900391986,12.48,Iowa,198353,2,1345,152442,Farmers Trust & Savings Bank,Williamsburg,14392,IA,41.6613079848053,01/01/1934
1,N,1.017838824422803,-99.7355049754193,8.44,Texas,75971,2,191,66538,Haskell National Bank,Haskell,14399,TX,33.1573319868917,11/25/1890
1,N,1.2399720665633356,-89.0614879825439,9.22,Wisconsin,30580,2,91,26520,First National Bank in Tigerton,Tigerton,14400,WI,44.7404830133265,05/19/1934
1,NM,1.9508246638881035,-93.6791289847713,20.87,Iowa,791630,9,3820,697248,City State Bank,Norwalk,14410,IA,41.4755259926783,01/01/1895
1,SM,1.204999283464495,-91.967877641768,14.94,Iowa,325288,3,988,270867,"Iowa State Bank and Trust Company of Fairfield, Iowa",Fairfield,14413,IA,41.0061161768449,05/19/1934
1,NM,2.2583211990971046,-90.4239920400545,17.35,Iowa,181003,1,1043,151341,Bellevue State Bank,Bellevue,14415,IA,42.2575087576705,01/01/1934
1,NM,1.206696881746565,-101.709980034134,14.97,Kansas,286600,5,844,252794,FNB Bank,Goodland,14420,KS,39.3482730208655,01/01/1886
1,N,1.3462219507383542,-93.2877989640868,15.66,Louisiana,425127,7,1416,385767,First National Bank in DeRidder,Deridder,14427,LA,30.8622870179183,01/01/1934
1,NM,1.8448789487214383,-89.015698986601,15.8,Wisconsin,903793,13,3660,783784,Farmers and Merchants Union Bank,Columbus,14445,WI,43.338682001149,09/05/1861
1,NM,1.3158171721438585,-91.218319978201,10.11,Missouri,362378,4,1172,311096,Citizens Bank,New Haven,14488,MO,38.6013980063616,01/01/1934
1,SM,1.4201957853965672,-78.7481179641318,13.55,Virginia,224217,6,803,199615,The Bank of Charlotte County,Phenix,14491,VA,37.0799029977433,11/12/1912
1,NM,1.9658970239121127,-91.523428965138,21.38,Missouri,727329,9,3536,598907,HomeBank,Palmyra,14492,MO,39.7967140189357,06/01/1934
1,NM,0.9178514184033985,-78.2284090380317,10.96,West Virginia,805206,9,1826,655265,"CNB Bank, Inc.",Berkeley Springs,14507,WV,39.6253950007378,01/01/1917
1,SM,1.6322817353378025,-83.270526967603,17.25,Michigan,691980,13,2790,624014,Thumb Bank and Trust,Pigeon,14513,MI,43.830222996804,01/01/1895
1,SM,1.2435678610078675,-93.8083279755937,15.28,Iowa,2348968,25,7406,1968179,Bank Iowa,West Des Moines,14521,IA,41.5871280159741,03/07/1923
1,NM,0.887732592958775,-95.0368009950206,10.26,Iowa,332347,7,743,301950,PCSB Bank,Clarinda,14522,IA,40.7395609890761,01/01/1866
1,NM,0.41421041140326254,-84.7398529689479,5.2,Ohio,161953,3,166,148769,The Antwerp Exchange Bank Company,Antwerp,14523,OH,41.1791579896487,01/01/1893
1,N,1.7359605324517013,-101.835896001121,15.75,Texas,10225871,35,42917,8953316,Amarillo National Bank,Amarillo,14531,TX,35.2089350136038,01/01/1892
1,NM,2.3500814936714276,-90.2925339947886,16.66,Missouri,449154,8,2608,384676,New Era Bank,Fredericktown,14546,MO,37.5594320136865,01/01/1934
1,NM,1.525006465950782,-95.1727660257242,13.64,Kansas,104767,3,398,88619,Exchange State Bank,Saint Paul,14556,KS,37.5186359917366,09/26/1914
1,NM,1.4110444511740972,-91.0802850365081,14.68,Wisconsin,119073,2,431,99001,Union State Bank,West Salem,14560,WI,43.8964360085765,08/25/1903
1,N,1.3781141629600655,-88.0851110108593,13.46,Illinois,475547,6,1603,421609,First National Bank in Olney,Olney,14567,IL,38.7307630007764,07/09/1934
1,NM,-2.428691405642477,-94.7423960337147,-30.66,Minnesota,78897,1,-488,71814,Odin State Bank,Odin,14574,MN,43.8663829881076,06/09/1904
1,NM,1.7684333387223337,-85.418479007398,17.8,Indiana,1260534,12,5606,1110698,Farmers State Bank,Lagrange,14578,IN,41.6422449805039,07/16/1934
1,NM,1.6065501788643084,-97.12195103854,15.63,Nebraska,76356,1,311,65866,Clarkson Bank,Clarkson,14581,NE,41.725778985641,05/17/1934
1,N,0.4412198797520469,-104.505406014857,7.39,Colorado,255985,5,284,240710,The First National Bank in Trinidad,Trinidad,14584,CO,37.1683609938102,04/16/1875
1,NM,0.6879894865829619,-83.7191310355994,7.11,Michigan,1142099,2,1937,968102,University Bank,Ann Arbor,14587,MI,42.2669419796518,05/08/1908
1,SM,2.354926646340892,-94.228632475356,21.75,Arkansas,709946,11,4085,628823,Union Bank,Mena,14597,AR,34.58548683421,07/25/1934
1,NM,1.7138911444232727,-92.4415949603736,21.63,Missouri,254283,3,1058,219736,Community Point Bank,Russellville,14604,MO,38.5127559856105,07/19/1934
1,N,0.3810690347385254,-76.7603492907995,5.23,New York,192584,5,182,175151,Savannah Bank National Association,Savannah,14619,NY,43.067128538651,01/01/1925
1,NM,1.0056747400359956,-91.4007599798035,11.65,Iowa,616145,12,1552,496375,Community Savings Bank,Edgewood,14633,IA,42.6442290016656,01/10/1910
1,NM,1.2085265609139582,-78.5413121890935,15.04,New York,256103,3,759,229713,Bank of Holland,Holland,1464,NY,42.6410352031891,10/21/1893
1,NM,0.686962180924145,-82.3918399877808,8.52,South Carolina,289611,8,475,257545,The Commercial Bank,Honea Path,14642,SC,34.4457579937045,05/14/1934
1,N,1.0021374845680304,-92.8111078929208,10.9,Arkansas,722820,15,1798,652109,The Malvern National Bank,Malvern,14644,AR,34.3614163921966,01/01/1934
1,N,0.8576607045680439,-75.0257130037182,11.46,New Jersey,887431,9,1907,818310,Newfield National Bank,Newfield,14646,NJ,39.5474720092246,01/01/1934
1,NM,1.0142383460113127,-95.6016010398053,9.59,Iowa,139727,7,351,124280,Community Bank,Dunlap,14649,IA,41.8545499964871,02/23/1926
1,NM,1.91469839229124,-91.5350476240437,14.87,Iowa,4671475,21,22302,3608874,Hills Bank and Trust Company,Hills,14650,IA,41.5540446022311,01/01/1904
1,NM,1.4719474342185557,-89.722624006552,11.85,Wisconsin,755328,2,2789,654407,Bank of Prairie du Sac,Prairie Du Sac,14660,WI,43.2913840111771,03/22/1916
1,NM,1.846431197665868,-88.0804349985348,18.91,Illinois,636349,8,2919,556588,TrustBank,Olney,14662,IL,38.7315070204118,09/13/1912
1,N,1.023201600327626,-89.3304670273003,11.06,Illinois,321180,5,812,260741,The First National Bank in Amboy,Amboy,14674,IL,41.7139970053518,08/11/1934
1,NM,0.0010333634300432335,-77.0274112266616,0.01,District Of Columbia,774864,9,2,607879,Industrial Bank,Washington,14679,DC,38.9493313100884,08/18/1934
1,SM,1.4099941306789074,-89.086484778609,14.78,Tennessee,301078,5,1039,269387,Bank of Crockett,Bells,1468,TN,35.709928466509,04/22/1887
1,SM,1.5055973940677343,-93.7930539687132,18.02,Iowa,524701,8,1917,453769,Peoples Bank,Clive,14692,IA,41.600887999684,03/17/1917
1,NM,1.2266276326495567,-92.191446028739,13.74,Iowa,123205,2,375,111835,Cedar Valley Bank & Trust,La Porte City,14694,IA,42.3142079926628,07/06/1906
1,SM,1.117965578687672,-92.4684889672643,12.05,Missouri,407420,3,1134,363691,MA Bank,Macon,14695,MO,39.7504369866803,01/01/1893
1,NM,1.8538631511928392,-83.227868361039,17.41,Georgia,490660,3,1980,437296,Century Bank and Trust,Milledgeville,147,GA,33.080039398316,01/01/1898
1,NM,1.8666920413220747,-89.5264729715541,13.67,Missouri,123241,2,564,106474,Bank of New Madrid,New Madrid,14701,MO,36.5850630107266,01/01/1933
1,NM,1.9990185405585295,-90.539308958938,24.29,Iowa,275014,2,1329,246493,DeWitt Bank & Trust Co.,Dewitt,14705,IA,41.8238770085498,06/15/1933
1,N,2.5123342348259663,-100.374902449723,11.25,South Dakota,2046492,20,12938,1534904,First National Bank,Fort Pierre,14712,SD,44.368737267502,01/01/1934
1,NM,0.23325458831213092,-85.569665264914,2.81,Michigan,381118,9,225,304424,Union Bank,Grand Rapids,14722,MI,42.950503954635,01/01/1934
1,NM,2.10519682540053,-102.61962599243,21.18,Colorado,431983,8,2255,384914,Frontier Bank,Lamar,14730,CO,38.0877980208433,08/25/1934
1,N,1.5322622231062197,-83.5611299999999,14.02,Georgia,134285,1,520,119820,The Citizens National Bank of Quitman,Quitman,14731,GA,30.7831100000001,08/25/1934
1,SM,1.2175852584922087,-88.994401,15.87,Kentucky,488254,11,1493,446808,"First Community Bank of the Heartland, Inc.",Clinton,14735,KY,36.666338,01/01/1934
1,NM,0.6445929395586687,-81.4480690385439,6.41,West Virginia,236950,4,375,212785,"Williamstown Bank, Inc.",Williamstown,14744,WV,39.4017999802724,01/01/1919
1,NM,1.684373053540254,-86.0749820182449,12.33,Tennessee,170365,1,720,144842,Peoples Bank & Trust Company,Manchester,1475,TN,35.4721779867411,07/06/1905
1,SM,0.923362535215389,-89.368742988151,9.86,Illinois,308529,5,710,258337,1NB Bank,Carlyle,14761,IL,38.611460020119,01/01/1878
1,NM,0.5477911588437504,-89.298595008114,5.18,Wisconsin,830880,2,1135,580196,DMB Community Bank,Madison,14769,WI,43.143237015765,06/29/1922
1,NM,0.7973090818487605,-91.4033479762279,6.34,Iowa,183337,2,360,160042,Danville State Savings Bank,New London,14772,IA,40.9255910017181,01/01/1899
1,NM,1.5488255398170647,-94.719260975122,13.65,Iowa,208612,5,784,182564,State Savings Bank,Bedford,14773,IA,40.667729000872,01/01/1915
1,N,1.39377683294442,-98.9795569698231,14.49,Texas,295967,2,1049,265081,Citizens National Bank at Brownwood,Brownwood,14779,TX,31.7197430141828,09/28/1934
1,NM,1.3765022657122217,-92.915296122858,13.44,Iowa,76907,3,262,63652,Citizens Savings Bank,Marshalltown,14785,IA,42.016833532609,01/01/1907
1,NM,2.0057843347786557,-83.4672769734018,20.07,Georgia,449125,4,2195,400759,Bank of Madison,Madison,148,GA,33.5967349883154,01/01/1890
1,NM,1.5813628283038654,-103.620922026979,11.57,North Dakota,539700,4,2126,464443,First State Bank & Trust,Williston,14801,ND,48.1474060044379,02/01/1926
1,NM,0.8985916698771458,-91.201889268682,9.43,Iowa,287539,7,656,251451,Farmers Savings Bank,Colesburg,14807,IA,42.637205176352,01/01/1907
1,NM,2.4125225704263062,-94.430636006608,19.21,Iowa,264768,5,1605,208778,Heartland Bank,Somers,14809,IA,42.3777429863707,01/01/1901
1,NM,4.11525754936056,-95.611841965286,83.46,Iowa,459413,7,4612,407148,TS Bank,Treynor,14812,IA,41.2327020062286,06/01/1923
1,N,-1.611629009322168,-75.6944206523217,-20.05,New York,25014,2,-102,22983,The Citizens National Bank of Hammond,Hammond,14820,NY,44.4493285121626,01/01/1913
1,N,1.3366420702613573,-84.3796020394096,13.3,Ohio,457215,6,1525,409538,First National Bank in New Bremen,New Bremen,14836,OH,40.4277689850087,01/01/1934
1,NM,0.4997932673303315,-86.8662770124461,4.54,Tennessee,433957,4,550,383828,Bank of Frankewing,Frankewing,1484,TN,35.1928159851547,12/13/1920
1,NM,1.8269051049343166,-82.220422021216,14.41,Tennessee,1401762,14,6280,1159471,Citizens Bank,Elizabethton,14851,TN,36.350438998244,11/03/1934
1,N,0.8142880408229738,-94.6325979636203,9.62,Minnesota,36877,1,75,33659,The First National Bank at St. James,Saint James,14853,MN,43.9801899967623,10/31/1934
1,NM,2.139831234228165,-91.4030810126118,23.61,Illinois,351915,3,1874,313456,State Street Bank and Trust Company,Quincy,14857,IL,39.9268429819154,01/01/1890
1,N,1.8342432730184928,-99.2348989933892,19.1,Texas,121387,1,564,109258,Stockmens National Bank in Cotulla,Cotulla,14864,TX,28.4374499965633,01/01/1904
1,NM,-1.2677229615158552,-94.3756700001544,-14.57,Iowa,485710,2,-1499,442109,Home State Bank,Jefferson,14867,IA,42.01601801534,01/01/1934
1,NM,0.8194901722694582,-92.925983971416,9.52,Iowa,183581,3,383,145897,Peoples Savings Bank,Wellsburg,14868,IA,42.4351770023048,01/01/1934
1,SM,1.2503160008882943,-87.0360719910991,12.93,Tennessee,1794226,23,5595,1601354,First Farmers and Merchants Bank,Columbia,1487,TN,35.6140450088373,01/01/1909
1,SM,0.7689796112482474,-85.2240190213658,8.75,Indiana,521046,5,1051,471030,Community State Bank,Avilla,14883,IN,41.3641639851798,02/19/1931
1,NM,1.023416693881118,-131.646971996709,12.61,Alaska,857321,9,2225,786435,First Bank,Ketchikan,14885,AK,55.3422229808486,09/15/1924
1,NM,0.9741022770380924,-84.572236027835,9.2,Kentucky,271101,4,658,239916,The Farmers Bank,Nicholasville,14894,KY,37.8814680026292,01/01/1934
1,SM,0.8453436911879348,-96.3378659898126,8.99,Oklahoma,1336844,15,2795,1156845,Blue Sky Bank,Pawhuska,14899,OK,36.6664960080136,11/23/1905
1,NM,2.0880672221096166,-82.5994520180856,18.65,Georgia,137460,2,734,121985,Bank of Hazlehurst,Hazlehurst,149,GA,31.8655390114829,01/01/1906
1,NM,1.4053785990762493,-95.0021610199484,12,Iowa,121004,4,418,103187,First Community Bank,Newell,14904,IA,42.6056269847814,01/01/1912
1,NM,2.323633567296719,-89.2853360107566,16.65,Wisconsin,100125,1,593,85674,The International Bank of Amherst,Amherst,14907,WI,44.4507030185548,04/01/1893
1,NM,1.5296811871921046,-91.921970453844,14.59,Wisconsin,357524,5,1381,309896,Shell Lake State Bank,Shell Lake,14911,WI,45.744587879817,11/16/1916
1,NM,1.3662908142652515,-96.7047240383479,10.3,Nebraska,139475,3,465,119805,Bank of Dixon County,Ponca,14912,NE,42.5625880074513,01/01/1881
1,NM,1.0296045632074242,-87.9788109604171,10.93,Wisconsin,288247,6,750,254468,Collins State Bank,Collins,14914,WI,44.0839219997096,01/01/1914
1,SM,1.0438785599662845,-84.0347070079458,7.74,Ohio,125589,1,322,108248,The Hamler State Bank,Hamler,14920,OH,41.2297850201045,01/01/1921
1,NM,1.5500874022901974,-96.71173499744,14.78,Nebraska,361098,6,1431,319021,F&M Bank,West Point,14922,NE,41.8416960126914,01/01/1931
1,NM,0.8799369046896802,-86.4496219933264,9.58,Michigan,828074,9,1813,696635,West Shore Bank,Ludington,14929,MI,43.9541490161578,07/25/1898
1,SM,1.779259644453961,-92.8077220231331,21.99,Iowa,404316,6,1745,368974,First Iowa State Bank,Albia,14930,IA,41.0273620165081,05/12/1930
1,NM,1.678022384630069,-96.1810369771817,20.39,Kansas,210756,2,890,182996,The Lyon County State Bank,Emporia,14952,KS,38.4092039840339,06/27/1913
1,NM,0.9698183728059997,-88.8461419701791,13,Wisconsin,157864,3,397,132458,State Bank of Reeseville,Reeseville,14960,WI,43.3033120042194,01/01/1902
1,N,1.4450848797888964,-97.8803370044941,16.99,Oklahoma,401369,3,1430,366603,The Security National Bank of Enid,Enid,14966,OK,36.3963950036077,01/01/1907
1,NM,1.160895115493837,-77.7164859779722,13.71,Pennsylvania,1980496,19,5737,1516052,Kish Bank,Belleville,14969,PA,40.608688006461,01/01/1927
1,NM,1.3338370307995622,-99.0920789908115,13.33,Texas,1131558,8,3469,1022636,Security State Bank,Pearsall,1497,TX,28.9003999852112,01/01/1925
1,NM,1.1169658851601807,-95.087434982456,13.17,Kansas,511116,8,1385,450999,First State Bank and Trust,Tonganoxie,14974,KS,39.1086779949761,12/22/1934
1,NM,1.0952568426951546,-94.0210790345543,15.35,Iowa,146210,3,386,135133,Union State Bank,Winterset,14982,IA,41.3456950063564,01/02/1935
1,NM,1.215418049139255,-84.709670489984,11.21,Ohio,332821,9,1006,291193,The Farmers State Bank,New Madison,14991,OH,39.96769482734,01/01/1919
1,NM,0.8506318496047813,-91.2192379642368,7.32,Wisconsin,1052694,13,2231,795014,River Bank,Stoddard,14995,WI,43.6629609873812,10/11/1911
1,NM,1.752020559424932,-82.9925210322219,9.58,Michigan,68351,1,294,55381,The Port Austin State Bank,Port Austin,14999,MI,44.044535981512,01/01/1884
1,NM,1.7912159031705028,-97.3583920380838,18.26,Nebraska,276188,2,1242,220821,Columbus Bank and Trust Company,Columbus,15010,NE,41.4290500159511,12/26/1934
1,SM,1.510177976834223,-79.3932289627349,11.21,North Carolina,12937641,116,48320,11028439,First Bank,Southern Pines,15019,NC,35.1725080167747,01/01/1934
1,SM,1.2043275362753778,-82.9567479914784,12.74,Michigan,1348773,11,4013,1216295,First State Bank,Eastpointe,15032,MI,42.4640869826377,01/01/1917
1,SM,0.771030268308985,-91.3666333147399,12.94,Arkansas,166764,4,323,152630,Riverwind Bank,Augusta,15035,AR,35.2835054209669,03/04/1935
1,NM,0.7241420927706481,-97.2808310190592,6.29,Kansas,202483,4,360,175358,The Valley State Bank,Belle Plaine,15038,KS,37.3940110054771,01/01/1897
1,NM,1.4886724818993269,-89.7980970096766,12.74,Wisconsin,393818,6,1466,344681,The Peoples Community Bank,Mazomanie,15046,WI,43.172160993876,11/28/1891
1,NM,1.067715220904225,-91.8998869750182,10.53,Arkansas,325537,6,873,288045,First State Bank,Lonoke,15050,AR,34.7836799941881,03/18/1935
1,N,1.6749544199778366,-92.6413730125136,17.33,Louisiana,473507,10,1997,417954,Louisiana National Bank,Ruston,15059,LA,32.5511400087509,03/20/1935
1,N,1.469690270145074,-99.7682069706583,17.18,Texas,95420,1,349,87037,Junction National Bank,Junction,15078,TX,30.4891059969035,04/01/1935
1,NM,1.0666816239459538,-81.6235539883485,16.08,South Carolina,825812,19,2187,692540,Arthur State Bank,Union,15085,SC,34.7149700134597,04/01/1933
1,NM,0.9513797897164972,-89.524168032,9.24,Wisconsin,3334131,20,7859,2764955,Lake Ridge Bank,Middleton,15091,WI,43.0964050177,01/01/1908
1,NM,1.4498655294470375,-90.3854889657281,9.33,Wisconsin,113602,1,405,95822,Richland County Bank,Richland Center,15092,WI,43.3353359873105,01/01/1881
1,NM,1.326559412926898,-96.6159300117828,11.38,Kansas,43190,2,141,38035,Union State Bank,Olsburg,15098,KS,39.428121000262,11/01/1910
1,NM,1.927859497599815,-90.1589786512193,12.89,Missouri,101898,3,500,86505,Senath State Bank,Senath,15101,MO,36.1341473449533,01/01/1935
1,NM,1.6394802457268605,-81.2430350301988,13.38,South Carolina,308903,4,1260,267827,Bank of York,York,15104,SC,34.994377989785,04/15/1935
1,NM,1.4950419527078567,-99.828083012173,12.91,Texas,79487,2,294,70097,Zavala County Bank,Crystal City,15105,TX,28.6973179963871,01/01/1907
1,NM,2.0601798787113754,-95.8828670326075,18.38,Kansas,336820,10,1730,295755,The Citizens State Bank,Gridley,15111,KS,38.0977400057473,01/01/1911
1,NM,1.3864683784516478,-79.989399034525,13.98,South Carolina,157677,3,537,137722,Bank of Greeleyville,Greeleyville,15113,SC,33.5819040069272,04/25/1935
1,NM,1.5449078383080037,-96.00868644007,11.37,Oklahoma,2014346,16,7764,1237261,Gateway First Bank,Jenks,15118,OK,36.021176341931,03/02/1935
1,NM,2.8485687375834603,-91.2470519688199,23.01,Wisconsin,652985,4,4669,531107,Citizens State Bank of La Crosse,La Crosse,1513,WI,43.8114360085742,12/09/1907
1,NM,1.7716830053131782,-89.774913000769,16.36,Wisconsin,1073149,3,4735,918457,Bank of Wisconsin Dells,Wisconsin Dells,15136,WI,43.626726019954,02/26/1910
1,NM,-1.3381301176999978,-88.2502619960579,-8.69,Wisconsin,221818,3,-736,170360,Great North Bank,Florence,15146,WI,45.9221700094278,01/01/1891
1,NM,1.3061000362805564,-90.8504759663951,17.8,Wisconsin,100734,2,333,85424,Black River Country Bank,Black River Falls,15152,WI,44.2952410105128,01/01/1907
1,NM,1.1024697524131817,-96.4130889607654,8.84,Kansas,255455,3,676,223893,The Farmers State Bank of Westmoreland,Westmoreland,15164,KS,39.3927909850109,01/01/1898
1,NM,0.4232929927192526,-86.6559429590851,3.49,Michigan,188147,5,196,143261,Peoples State Bank of Munising,Munising,15165,MI,46.4097720135049,06/07/1910
1,NM,1.0219929161393708,-101.256291000757,9.42,Kansas,329115,2,853,291592,KCB Bank,Lakin,15194,KS,37.9418200105158,01/01/1888
1,NM,1.51559312153891,-91.7844600378463,14.82,Iowa,779937,3,2938,679604,Decorah Bank & Trust Company,Decorah,15200,IA,43.3044190021718,06/10/1935
1,NM,0.3691485143293515,-89.8879199986755,3.55,Tennessee,491149,6,455,426789,Bank3,Memphis,15205,TN,35.1093230094338,07/01/1910
1,NM,1.5661103479690075,-95.8540420028633,14.69,Texas,778585,8,3017,687685,First State Bank,Athens,15206,TX,32.2040640060809,05/01/1935
1,N,0.6978890883823783,-83.9589959587711,3.69,Ohio,98989,4,172,79016,The First Central National Bank of St. Paris,St. Paris,15214,OH,40.1283399947585,08/08/1880
1,NM,1.2569211705470535,-82.3278559755198,11.91,Georgia,193753,2,601,172222,Peoples Bank,Lyons,15216,GA,32.2014910132631,01/01/1931
1,NM,0.9487163597234977,-88.2711590026837,12.09,Wisconsin,166911,1,421,144249,The Bank of Kaukauna,Kaukauna,15228,WI,44.2838549913298,09/01/1883
1,NM,1.2930569236131764,-89.4771789989794,12.72,Wisconsin,4320998,5,13582,3571989,First Business Bank,Madison,15229,WI,43.0601609978174,05/01/1909
1,NM,0.7887034659820282,-101.750853318786,6.15,Kansas,100673,2,192,85148,Johnson State Bank,Johnson,15237,KS,37.5703853915262,11/14/1914
1,NM,1.47440405461115,-90.8872610381279,14.67,Wisconsin,328842,7,1216,295604,Northern State Bank,Ashland,15242,WI,46.5905769991645,09/05/1933
1,SM,1.0350376414079745,-82.0235799821204,8.6,West Virginia,709760,5,1760,622818,Putnam County Bank,Hurricane,15243,WV,38.4315259980185,10/11/1901
1,NM,0.9340432779361408,-85.2024190245208,10.22,Kentucky,226433,7,521,199709,United Citizens Bank & Trust Company,Campbellsburg,15249,KY,38.5239280148055,01/01/1872
1,NM,1.872553371806772,-96.4830549696847,22.63,Kansas,88336,7,406,77653,The Citizens State Bank and Trust Company,Council Grove,15254,KS,38.6620909900694,01/01/1921
1,NM,0.8739730816290859,-88.7998379901051,10.88,Tennessee,149253,2,325,135773,Greenfield Banking Company,Greenfield,15255,TN,36.1538119968743,08/16/1935
1,NM,1.3295654312987861,-95.7511190212104,11.89,Kansas,84550,1,277,72999,The Farmers State Bank,Holton,15258,KS,39.461511987942,10/30/1900
1,NM,0.7454374089623854,-97.3981650068416,10.55,Kansas,141245,3,261,113762,Elk State Bank,Clyde,15259,KS,39.5909770203712,01/01/1896
1,NM,0.9212050779658375,-101.348452959838,7.27,Kansas,142960,1,325,124252,The Citizens State Bank,Hugoton,15261,KS,37.1769329985496,04/01/1913
1,NM,1.111235066717758,-91.512518996146,11.8,Missouri,830585,15,2291,709664,Peoples Savings Bank of Rhineland,Rhineland,15264,MO,38.719987980425,08/12/1935
1,SM,1.1604610981065349,-93.6878141175489,13.46,Arkansas,947203,14,2726,832914,Diamond Bank,Murfreesboro,1527,AR,34.0622084712194,12/16/1904
1,NM,0.9698010225832552,-86.618285933545,9.77,Alabama,524764,1,1254,444043,Merit Bank,Huntsville,15270,AL,34.72020240625,08/12/1935
1,NM,0.6754834912621845,-88.741623961478,7.76,Wisconsin,553584,8,944,456425,First State Bank,New London,15271,WI,44.394327666165,01/01/1911
1,NM,1.6923837215259512,-92.9156879768314,17.54,Iowa,620283,5,2684,536414,Marion County State Bank,Pella,15272,IA,41.4070549800093,09/21/1935
1,SM,0.8181378704011502,-93.0537463040341,6.06,Arkansas,2810125,57,5716,2174637,Southern Bancorp Bank,Arkadelphia,1528,AR,34.1194090126638,03/01/1884
1,NM,1.2981042928162834,-91.0075590345112,16.02,Missouri,329785,5,1066,280622,Heritage Community Bank,Union,15282,MO,38.4444679917975,08/19/1935
1,NM,1.0650652454872982,-96.1796579864713,10.82,Minnesota,482154,3,1300,432658,Northern State Bank of Thief River Falls,Thief River Falls,15286,MN,48.1193469968249,08/24/1935
1,NM,1.7109541835241688,-95.7366630042608,11.02,Kansas,468301,5,2004,383894,The Denison State Bank,Holton,15305,KS,39.464327008214,01/01/1901
1,NM,1.2903047423307512,-101.41732565328,13.11,North Dakota,320978,4,1050,287555,TruCommunity Bank,Garrison,15306,ND,47.6525057700875,11/02/1935
1,NM,0.7527323165326726,-87.731252539778,13.23,Alabama,2938465,58,5473,2510438,"CB&S Bank, Inc.",Russellville,15310,AL,34.50374768791,01/01/1906
1,NM,1.1868706128966384,-93.2644420365172,7.87,Iowa,204190,2,603,157567,Iowa Falls State Bank,Iowa Falls,15311,IA,42.5193489960019,01/01/1933
1,NM,1.4384858646794887,-93.8174639985978,11.65,Iowa,629629,8,2259,529460,First State Bank,Webster City,15321,IA,42.4696850043115,10/15/1935
1,NM,1.4290228948993333,-95.6626519726881,13.58,Kansas,534328,7,1837,431721,Silver Lake Bank,Topeka,15323,KS,39.0899360175663,01/01/1909
1,NM,1.9000060519630861,-94.152084996063,19.86,Minnesota,1290968,26,6122,1163912,Security Bank & Trust Company,Glencoe,15324,MN,44.770325019383,10/12/1935
1,NM,0.11411834071932594,-83.54477102102,5.1,Ohio,53506,2,15,44716,The Union Banking Company,West Mansfield,15326,OH,40.4021069921563,01/01/1928
1,SM,1.3989750768273272,-94.9952619592637,10.77,Iowa,482142,12,1669,415274,Rolling Hills Bank & Trust,Atlantic,15334,IA,41.4033819881284,07/01/1876
1,NM,3.571325161252961,-82.1548339641443,23.7,Georgia,303282,4,2621,258806,"Durden Banking Company, Incorporated",Twin City,15336,GA,32.583907005649,01/01/1934
1,SM,0.9468958406943904,-99.126473040845,12.38,Texas,660208,7,1551,605778,TXN Bank,Hondo,15345,TX,29.348212969186,01/01/1934
1,NM,-0.1639828146010298,-97.9581669987916,-1.19,Texas,60549,2,-25,51756,Commerce Bank Texas,Stockdale,15346,TX,29.2271870045118,02/01/1932
1,NM,0.978796784300391,-92.1603189931066,12.11,Missouri,162478,3,403,146392,Security Bank of Pulaski County,Saint Robert,15347,MO,37.8272639949933,01/01/1936
1,SM,1.6821361017023708,-98.9661819669261,11.76,Oklahoma,58821,1,239,47821,First Bank and Trust Company,Clinton,15348,OK,35.5146720146363,01/01/1903
1,NM,1.4979440649743432,-98.1443610033693,12.97,Texas,147614,1,551,129417,Marion State Bank,Marion,15355,TX,29.5703580042209,01/01/1906
1,NM,0.8927722158140182,-78.0667030150381,10.9,North Carolina,5251445,57,11662,4773233,Southern Bank and Trust Company,Mount Olive,15359,NC,35.1954489923992,01/01/1901
1,NM,4.571578842030081,-121.287809964869,24.72,California,4834846,21,54934,3754998,Bank of Stockton,Stockton,1536,CA,37.9567550113223,08/12/1867
1,SM,1.8306328887297467,-110.926993010066,12.59,Montana,90151,1,409,75157,Belt Valley Bank,Belt,15362,MT,47.3881510027629,03/14/1936
1,NM,1.4460332516062067,-97.3568581218606,13.76,Nebraska,88057,1,303,54578,First State Bank,Randolph,15364,NE,42.3787865122359,07/01/1935
1,NM,1.5237892835321307,-96.5354000388344,16.53,Texas,195499,6,717,176176,Farmers State Bank,Groesbeck,15367,TX,31.5234520014019,01/01/1913
1,SM,1.4019296338596763,-95.6137480100681,12.21,Oklahoma,4073384,62,14245,3577272,RCB Bank,Claremore,15399,OK,36.3108220167043,01/14/1936
1,NM,1.4962442310876454,-95.2307579830432,9.28,Iowa,218723,5,802,183337,Houghton State Bank,Red Oak,15405,IA,41.0086829871911,01/01/1879
1,NM,1.4221580275890324,-91.7196496084756,14.01,Missouri,145011,3,512,128241,"Peoples Bank of Wyaconda, Missouri",Kahoka,15415,MO,40.4182537056111,12/17/1914
1,NM,0.5481215968786046,-91.568835108725,5.65,Missouri,986383,12,1343,754621,American Bank of Freedom,Wellsville,15423,MO,39.071087447546,03/15/1880
1,NM,1.7069572582124701,-92.2792680059929,15.15,Iowa,198252,5,849,174458,Chelsea Savings Bank,Belle Plaine,15427,IA,41.8967509930472,10/19/1936
1,NM,-0.008810184573366811,-100.486503970105,-0.07,Texas,46643,1,-1,40856,Robert Lee State Bank,Robert Lee,15442,TX,31.8930730185905,10/23/1936
1,NM,1.7215589295985194,-92.8756330408508,15.69,Minnesota,530932,9,2286,462373,Lake Elmo Bank,Lake Elmo,15443,MN,45.005271986595,08/01/1911
1,NM,2.446460735834228,-103.622167996886,26.61,North Dakota,660500,2,4000,584333,American State Bank & Trust Company of Williston,Williston,15444,ND,48.1462179953913,12/01/1936
1,N,1.171797445143551,-93.6159190412685,12.42,Iowa,1092193,10,3224,939291,"First National Bank, Ames, Iowa",Ames,1545,IA,42.0261430190998,05/22/1903
1,NM,0.6921879486753215,-100.856468016681,10.06,Texas,129952,2,229,120047,Spur Security Bank,Spur,15460,TX,33.4765939849785,12/23/1933
1,NM,2.1729146192707898,-94.6171689753501,18.45,Texas,521074,7,2750,458342,State Bank of De Kalb,De Kalb,15463,TX,33.5080409997646,02/19/1937
1,NM,1.1853167463387735,-81.6660400115261,16.14,Florida,842840,14,2496,771325,United Southern Bank,Umatilla,15465,FL,28.9359680046029,03/01/1937
1,NM,0.8598327873257341,-99.9312789924123,4.79,Kansas,48770,2,104,39733,The First State Bank of Ransom,Ransom,15469,KS,38.6351360048331,01/01/1900
1,NM,1.6551000684768515,-92.8767340038329,15.22,Iowa,211364,2,852,147940,Iowa Trust and Savings Bank,Centerville,1547,IA,40.7339509812807,01/01/1896
1,NM,1.3531244874528456,-97.743273022465,13.09,North Dakota,739608,19,2475,639839,First United Bank,Park River,15472,ND,48.393749803488,01/01/1886
1,NM,1.52424042579067,-84.2322170009055,16.47,Georgia,506507,3,1927,450739,Citizens Bank of Americus,Americus,15477,GA,32.0730460165409,03/01/1937
1,NM,0.8632239616584692,-97.622811998065,8.01,North Dakota,722966,9,1560,632380,United Valley Bank,Cavalier,15478,ND,48.7920160166882,08/25/1905
1,NM,2.0744289126110687,-99.42394603017,23.51,Texas,291455,7,1507,264206,Coleman County State Bank,Coleman,15480,TX,31.830298012043,10/15/1936
1,NM,1.7673905925124407,-91.8518780320193,24.26,Missouri,764848,7,3279,705208,West Plains Bank and Trust Company,West Plains,15489,MO,36.7283249910587,04/13/1883
1,NM,1.7039716824994784,-84.934442036289,8.97,Georgia,664142,8,2839,531599,First State Bank of Blakely,Blakely,15496,GA,31.3757070020659,01/01/1903
1,NM,0.6564734914886056,-83.2233246512143,8.66,Georgia,250723,4,411,230109,Bank of Alapaha,Alapaha,155,GA,31.3815713512698,03/25/1905
1,SM,1.3767179235033349,-91.595098595878,14.68,Iowa,441188,7,1519,359228,Central State Bank,Coralville,1550,IA,41.682047746928,11/12/1931
1,NM,0.43959836694656246,-98.7855330103941,3.91,Texas,112568,1,121,98859,"The Lytle State Bank of Lytle, Texas",Lytle,15501,TX,29.2293699873748,09/14/1910
1,SM,0.8968252858254052,-96.126215977653,9.26,Oklahoma,462187,7,1042,412252,Ameristate Bank,Atoka,15510,OK,34.3853470191291,08/06/1906
1,SM,0.7286257007206234,-97.1375650154136,8.7,Texas,1814144,14,3312,1626964,First State Bank,Gainesville,15511,TX,33.6250169964624,08/16/1905
1,NM,2.403325683107435,-100.181463966231,23.35,Texas,280464,2,1665,250798,Citizens State Bank,Miles,15519,TX,31.5973179841402,08/02/1937
1,SM,0.9686434663926898,-91.046015960651,8.02,Iowa,1657965,24,4001,1412586,CBI Bank & Trust,Muscatine,1552,IA,41.422622982144,06/13/1933
1,NM,2.354862430019534,-97.3767889744494,20.18,Texas,221060,2,1305,189139,Muenster State Bank,Muenster,15523,TX,33.6496279824756,07/03/1923
1,NM,1.369226613173852,-95.3169820342758,12.55,Iowa,539970,11,1831,479943,The Shelby County State Bank,Harlan,1553,IA,41.657956019816,08/02/1909
1,NM,1.3429123106093552,-87.2625299763226,7.86,Indiana,118416,6,386,98229,CentreBank,Veedersburg,15532,IN,40.1128129801307,10/13/1917
1,NM,2.1098922458301446,-97.0975978425407,21.84,North Dakota,413448,5,2171,368367,First State Bank,Buxton,15539,ND,47.6022193738008,01/01/1885
1,NM,1.2593444299761698,-93.5540539741302,15.6,Missouri,139134,2,434,127007,Chillicothe State Bank,Chillicothe,15546,MO,39.7936130081274,10/19/1937
1,SM,1.4045709096412895,-91.2820781338645,8.79,Arkansas,83371,2,290,69882,Bank of Lake Village,Lake Village,15547,AR,33.3309638270843,01/01/1934
1,SM,0.8340570948622429,-95.2012919891632,8.11,Iowa,2249066,23,4702,1887145,Central Bank,Storm Lake,15555,IA,42.644608995246,01/01/1879
1,NM,-0.34445856464450536,-92.8863710131898,-3.03,Iowa,117223,4,-103,102725,Twin Cedars Bank,Bussey,1556,IA,41.2053399957741,03/27/1931
1,NM,1.6178499310234522,-103.85077803575,16.16,South Dakota,985886,7,4046,874100,Pioneer Bank & Trust,Belle Fourche,15562,SD,44.6744520145815,08/30/1937
1,NM,1.168372859672114,-88.927391026601,10.8,Illinois,1045859,19,3048,905690,First Southern Bank,Marion,15565,IL,37.731387008788,12/15/1937
1,NM,1.125826779040858,-86.904452977192,16.12,Indiana,351012,7,990,317591,Hoosier Heartland State Bank,Crawfordsville,15566,IN,40.015755989596,12/01/1899
1,N,1.3366266061932626,-87.0311180348653,13.96,Tennessee,1507769,14,5028,1344541,First National Bank of Pulaski,Pulaski,15572,TN,35.1972949808451,01/12/1938
1,NM,1.8179254390246549,-95.2563669603581,17.83,Minnesota,94259,2,419,83215,Integrity Bank Plus,Wabasso,15578,MN,44.4017159912743,10/01/1934
1,NM,0.18722469512265766,-81.6276669882367,3.17,Georgia,210156,2,101,175348,First Bank of Coastal Georgia,Pembroke,15580,GA,32.1368999835741,01/01/1907
1,NM,1.6730639914802434,-93.2658129806005,16.14,Missouri,937577,14,3900,836866,Mid-Missouri Bank,Springfield,15584,MO,37.1426140084595,06/20/1872
1,NM,1.2395168521546496,-83.3748519902,11.82,Michigan,150062,4,470,133323,Bay Port State Bank,Bay Port,15585,MI,43.8494479813843,03/01/1938
1,NM,1.918898097160478,-85.342479536935,18.82,Kentucky,248692,4,1180,221725,Taylor County Bank,Campbellsville,15590,KY,37.342805456064,09/01/1937
1,NM,1.643925694558606,-99.0272469814062,10.83,South Dakota,70921,1,300,59497,Ipswich State Bank,Ipswich,15593,SD,45.4444439827672,04/13/1938
1,NM,0.41858226187901576,-92.9872909714409,3.45,Minnesota,71190,1,75,62412,Security State Bank of Kenyon,Kenyon,15597,MN,44.2723550201731,07/23/1934
1,NM,0.9171075837742505,-98.8350566522896,8.68,North Dakota,202230,5,468,180279,Horizon Financial Bank,Munich,15598,ND,48.6699257476752,01/01/1905
1,NM,1.3839877437901296,-93.9984570322551,25.76,Missouri,120106,3,402,113747,The Hamilton Bank,Hamilton,15606,MO,39.7429060143153,06/11/1938
1,NM,1.1211649909852783,-94.014853962704,11.47,Iowa,265457,5,747,235712,Farmers and Merchants State Bank,Winterset,15610,IA,41.3357059989756,08/11/1938
1,NM,1.163406760197995,-93.748867676476,12.89,Iowa,4010344,12,11855,3341862,West Bank,West Des Moines,15614,IA,41.594053689201,01/01/1893
1,NM,1.007194622000383,-85.2503240319203,13.12,Kentucky,195257,4,480,169002,Peoples Bank,Lebanon,1562,KY,37.5907120190518,09/16/1910
1,NM,1.280920965960336,-92.5730520359115,15.43,Minnesota,99837,3,316,90056,First Farmers & Merchants State Bank of Grand Meadow,Grand Meadow,15621,MN,43.7059570074575,04/09/1938
1,NM,1.0265753881018433,-98.98903296282,8.29,South Dakota,244774,3,624,210107,Quoin Financial Bank,Miller,15629,SD,44.5181669874667,01/01/1938
1,NM,1.6385804751394117,-85.7708490201136,12,Indiana,908988,8,3684,768501,Greenfield Banking Company,Greenfield,15632,IN,39.8133150068174,09/03/1871
1,NM,1.405124960455552,-93.4519550173785,14.42,Iowa,198766,1,694,174556,State Bank & Trust Co.,Nevada,15651,IA,42.0213510012354,02/25/1939
1,NM,1.047387716685381,-97.201315004938,9.12,Texas,1306019,8,3344,1061548,Alliance Bank Central Texas,Woodway,15657,TX,31.5048650053818,03/16/1939
1,NM,1.9119299434625192,-85.3452120373702,23.06,Kentucky,142941,2,670,130799,The Peoples Bank,Taylorsville,1566,KY,38.0308439945946,02/03/1903
1,NM,0.3503873422572609,-88.6444489884397,3.66,Mississippi,949847,16,832,852495,First State Bank,Waynesboro,15663,MS,31.6758539861421,05/01/1934
1,NM,1.3130660995385754,-79.934837957814,12.37,West Virginia,420343,9,1383,371910,"Freedom Bank, Inc.",Belington,15664,WV,39.025144911849,05/10/1939
1,NM,1.286359232307407,-98.5704230324228,17.64,Texas,465591,4,1482,426866,MCBank,Goldthwaite,15669,TX,31.4497870167018,11/24/1908
1,NM,1.3994881171647886,-80.210441975021,13.62,South Carolina,455614,5,1570,405406,The Bank of Clarendon,Manning,15671,SC,33.6937980138202,07/01/1939
1,NM,1.2070187666073982,-85.3440399958492,9.92,Kentucky,381482,4,1143,332664,Citizens Bank & Trust Company,Campbellsville,15675,KY,37.3412990185159,01/01/1939
1,NM,2.8749611181650834,-85.8252530199593,24.97,Indiana,395863,3,2819,308298,Grant County State Bank,Swayzee,15687,IN,40.5084440067915,09/30/1939
1,SM,1.8144561228544491,-93.3815209629859,21.46,Iowa,647331,5,2911,583499,Clear Lake Bank and Trust Company,Clear Lake,15690,IA,43.1365599916952,01/01/1934
1,NM,1.6673965183005544,-82.4687776471193,16.64,Georgia,569564,9,2375,504294,Pineland Bank,Alma,15699,GA,31.5420943940803,10/01/1939
1,NM,1.0025903115897634,-92.7687869932357,12.23,Missouri,224965,3,583,185675,The Seymour Bank,Seymour,15701,MO,37.1487579853967,11/25/1939
1,NM,1.2721534921573563,-85.4659309729309,10.63,Kentucky,432103,5,1358,377873,Town & Country Bank and Trust Company,Bardstown,15703,KY,37.8106819921223,09/09/1907
1,SM,1.3394670822022363,-84.9298269604006,16.85,Kentucky,473804,5,1529,337347,"The Casey County Bank, Inc.",Liberty,15708,KY,37.3168140125074,12/20/1939
1,N,1.7636404319884664,-102.045984967633,22.29,North Dakota,1387693,13,6138,1247802,"Dakota Community Bank & Trust, National Association",Hebron,15728,ND,46.9006310156084,01/01/1940
1,NM,1.0378325604100562,-90.5860013564052,7.85,Arkansas,404085,10,1063,346250,Partners Bank,Helena,15729,AR,34.5249559146003,04/01/1940
1,NM,0.8504632201684711,-97.4429640162,6.95,Texas,168979,4,354,146535,Security Bank of Texas,Crawford,15731,TX,31.534557017281,03/30/1940
1,NM,0.8987028488178195,-96.6084800086024,8.69,South Dakota,549613,8,1216,490064,Security Savings Bank,Canton,15734,SD,43.3005820183552,06/14/1920
1,NM,1.709774870252875,-102.326892204048,13.92,North Dakota,145733,1,607,121953,Commercial Bank of Mott,Mott,15741,ND,46.3737402487332,06/12/1940
1,NM,2.0315145201198073,-97.6228280075001,10.55,South Dakota,61776,2,312,49486,The Security State Bank,Emery,15749,SD,43.6022200172777,01/01/1920
1,NM,-2.5336132010130226,-93.9574499958928,-17.62,Missouri,93298,2,-599,79588,Flat Branch Bank,Richmond,15751,MO,39.2678220054451,07/01/1940
1,NM,1.2106724560350917,-89.1185456874099,11.49,Illinois,1578856,20,4800,1309976,First State Bank,Mendota,15752,IL,41.5481273192558,07/06/1940
1,N,1.4601776873749273,-88.0590339880711,8.61,Illinois,353381,5,1276,289407,Citizens National Bank of Albion,Albion,15760,IL,38.3788850057772,08/05/1940
1,NM,1.2642688828999167,-96.5289570375015,9.83,Oklahoma,36111,1,112,31432,First American Bank,Stonewall,15762,OK,34.6524509902356,07/04/1940
1,N,1.1703146469763634,-89.2863020250976,11.4,Illinois,182740,4,527,162213,FIRST NATIONAL BANK OF NOKOMIS,Nokomis,15763,IL,39.3008130087055,09/03/1940
1,NM,2.5611910459655483,-83.108371004047,20.35,Georgia,650820,9,4170,566618,Northeast Georgia Bank,Lavonia,15771,GA,34.4318200202807,01/01/1934
1,NM,1.3708612887979166,-91.1639169841837,14,Iowa,272632,5,910,232032,Mediapolis Savings Bank,Mediapolis,15772,IA,41.0081639797465,09/16/1940
1,SM,-0.07209155627647111,-97.7346040391059,-0.49,Oklahoma,59274,1,-11,50007,Grant County Bank,Medford,15778,OK,36.8061709947913,01/01/1895
1,SM,1.1892013455756476,-88.9474569675268,14.14,Wisconsin,949001,2,2829,822608,The Farmers & Merchants Bank,Berlin,15779,WI,43.9686469845328,12/02/1940
1,SM,1.4522911518619672,-97.6073290303384,17.99,Kansas,94525,2,335,86701,"The Stock Exchange Bank, Caldwell, Kansas",Caldwell,15784,KS,37.0311760190088,11/12/1881
1,NM,1.3955919716991454,-92.4810840340709,14.13,Missouri,84349,2,287,74319,Peoples Bank of Moniteau County,Jamestown,15792,MO,38.7652880180465,01/13/1941
1,N,1.516174143675902,-98.45331502075,18.63,Texas,5740527,33,22040,5196036,Broadway National Bank,San Antonio,15797,TX,29.5169929831834,02/03/1941
1,NM,0.5646409752628346,-88.8924969960435,7.56,Wisconsin,562240,10,786,495374,Premier Community Bank,Marion,15799,WI,44.6803340151349,02/24/1941
1,SM,1.7658375389098007,-88.6334535447853,13.3,Mississippi,567075,12,2406,486424,Farmers and Merchants Bank,Baldwyn,15801,MS,34.5100071674164,03/10/1941
1,NM,1.4431641373711863,-93.608651009206,9.79,Iowa,464326,5,1680,378580,Iowa State Bank,Des Moines,15808,IA,41.5899250151543,04/14/1941
1,NM,1.9317163767467629,-98.8745390152906,17.19,Texas,1981114,22,9959,1738414,Security State Bank & Trust,Fredericksburg,15809,TX,30.27623398708,04/07/1941
1,NM,1.228802458209791,-84.500367410714,10.02,Kentucky,3992204,29,12189,3114713,Central Bank & Trust Co.,Lexington,15815,KY,38.047695517562,04/15/1938
1,NM,1.1788251336075128,-91.0090179188019,7.79,Mississippi,98319,1,268,83343,Genesis Bank,Benoit,15817,MS,33.6517750538445,01/01/1904
1,NM,2.0988208684661314,-96.8282899711413,15.04,Minnesota,120156,2,631,102414,Red River State Bank,Halstad,15820,MN,47.3512899909873,01/01/1934
1,NM,0.1328450444691644,-81.973255035455,1.06,Georgia,294765,4,93,251139,The Claxton Bank,Bellville,15826,GA,32.152523012903,02/24/1941
1,NM,2.172949585989916,-94.237667999341,8.52,Iowa,114750,4,619,84985,Security State Bank,Algona,15839,IA,43.069069996974,03/01/1931
1,NM,0.8111646919809664,-100.066583026232,7.34,South Dakota,61935,1,127,54369,Sunrise Bank Dakota,Onida,15847,SD,44.7065280073818,01/01/1925
1,NM,1.40651867308101,-95.7285469750541,14.43,Kansas,25183,1,91,21968,The Farmers State Bank,Fairview,15853,KS,39.8404020070286,09/14/1929
1,NM,1.0284673867578673,-88.9465720061895,11.49,Mississippi,582218,6,1463,524046,The Peoples Bank,Ripley,15871,MS,34.7309900097228,03/03/1925
1,NM,0.9798206965883266,-89.7749290102045,10.3,Illinois,212671,1,519,169334,Milledgeville State Bank,Milledgeville,15873,IL,41.9635990178043,01/02/1942
1,SM,0.849783361149707,-87.199397984519,9.94,Indiana,606156,10,1292,501689,DeMotte State Bank,Demotte,15883,IN,41.201444003359,02/02/1942
1,SM,0.9631872946483849,-94.933676009501,7.68,Texas,724360,8,1723,631038,First State Bank of Livingston,Livingston,15898,TX,30.712359999638,10/05/1910
1,SM,1.7808615688324239,-99.0994300037154,13.1,Kansas,233583,3,1069,174253,Fusion Bank,Larned,15899,KS,38.1799399890843,01/01/1896
1,NM,1.7971971231598876,-83.226080920187,14.46,Georgia,89515,1,407,78341,The Four County Bank,Allentown,15904,GA,32.592686001487,09/15/1941
1,SM,0.9009480385195152,-97.1268960261377,10.71,Kansas,199094,4,452,168425,Union State Bank,Clay Center,15908,KS,39.3764360059874,06/01/1901
1,SI,1.0104434618712883,-73.4529750204892,7.6,Connecticut,1694155,16,4262,1353280,Ives Bank,Danbury,15912,CT,41.3943750045236,06/26/1849
1,SM,1.741539679398377,-87.6202319691052,13.39,Illinois,202541,2,880,170908,First Community Bank and Trust,Beecher,15913,IL,41.3509839872602,11/16/1916
1,NM,-3.4105626708878978,-93.3999449728988,-27.52,Iowa,28059,1,-237,24574,Maxwell State Bank,Maxwell,15930,IA,41.8885290165844,02/01/1943
1,NM,1.1677405930048423,-79.933890970393,11.17,South Carolina,1164386,26,3311,1034963,The Citizens Bank,Olanta,15932,SC,33.9363839961292,09/24/1938
1,NM,1.7215793079939816,-100.20795899453,19.11,Texas,142614,2,625,129422,Peoples State Bank,Rocksprings,15939,TX,30.0154659804029,05/01/1943
1,N,0.9361819296862288,-87.8093469831205,11.93,Illinois,320396,2,748,286590,Forest Park National Bank and Trust Company,Forest Park,15945,IL,41.8792600146864,05/15/1943
1,NM,3.097749193621082,-92.6675180125365,28.52,Iowa,389576,3,2964,337466,Iowa State Bank,Clarksville,15947,IA,42.7848659794707,01/01/1918
1,NM,0.9121293967962046,-90.488966617809,8.12,Mississippi,3011349,42,6755,2650011,Guaranty Bank and Trust Company,Belzoni,15953,MS,33.177898521442,05/17/1943
1,SI,0.7156967815018029,-76.4167438151393,2.54,New York,493036,6,879,282164,Fulton Savings Bank,Fulton,15966,NY,43.3228383601284,01/01/1871
1,SI,0.15023033361697133,-73.9907133365007,1.78,New York,510424,5,192,443374,Rondout Savings Bank,Kingston,15969,NY,41.9255997435775,03/24/1868
1,SI,0.59423976427812,-74.0247602081042,6.71,New York,1371883,15,2047,1219998,Ulster Savings Bank,Kingston,15970,NY,41.9369332920466,04/13/1851
1,SB,1.1019850121814576,-74.1991654011417,11.96,New York,977293,11,2680,804593,Walden Savings Bank,Montgomery,15987,NY,41.5260323237283,04/01/1872
1,SI,1.8940814662182555,-75.9132164883954,10.55,New York,970247,10,4526,787879,Watertown Savings Bank,Watertown,15990,NY,43.9720061998684,01/01/1894
1,NM,-3.2842483587695743,-83.2297100328047,-32.69,Georgia,414288,5,-3445,364408,Exchange Bank,Milledgeville,160,GA,33.0800629933738,06/01/1903
1,NM,0.9292595882454969,-92.8702970374703,9.66,Minnesota,96583,2,221,86693,First Farmers & Merchants State Bank,Brownsdale,1600,MN,43.7411299877526,02/08/1908
1,SI,0.516581191119064,-73.9002161072102,4.11,New York,7540183,38,9700,6011805,Ridgewood Savings Bank,Ridgewood,16026,NY,40.7003553494347,06/18/1921
1,SI,1.2186924468393239,-75.1685160748514,9.16,New York,365957,8,1115,291945,The North Country Savings Bank,Canton,16030,NY,44.5959695310313,05/09/1909
1,SI,0.7826184464405167,-73.9124676836247,7.5,New York,1284609,15,2530,1119598,Rhinebeck Bank,Rhinebeck,16032,NY,41.9274994600227,04/12/1860
1,SI,0.29923004721342017,-73.9542310191105,2.93,New York,278821,4,212,228518,Sawyer Savings Bank,Saugerties,16039,NY,42.0788165750349,04/06/1871
1,NM,1.8525688756515266,-94.8949940292607,20.22,Minnesota,275649,2,1244,249898,Security Bank USA,Bemidji,1604,MN,47.4920519848783,02/07/1910
1,SI,0.27099065290789826,-73.976464855474,3.3,New York,19231898,79,13027,15783666,Apple Bank,New York,16068,NY,40.751449377626,04/17/1863
1,NM,0.6635370209533596,-93.566031965225,9.91,Minnesota,714696,4,1188,659656,The Bank of Elk River,Elk River,1607,MN,45.30320899808,01/01/1885
1,NM,1.931478088360459,-92.2690450177849,20.95,Louisiana,573813,6,2692,516856,Rayne State Bank & Trust Company,Rayne,16075,LA,30.2348459932184,07/01/1943
1,NM,2.1919350865462444,-97.592635973167,14.15,Nebraska,204221,4,1090,171893,York State Bank,York,16079,NE,40.8681190157626,07/01/1943
1,NM,0.8904802100049162,-91.4437859651837,10.64,Iowa,54915,2,120,50149,The Exchange State Bank,Springville,16094,IA,42.0591090023793,01/01/1934
1,NM,1.1562321098420505,-93.2687540227868,16.56,Minnesota,323153,3,924,296570,The State Bank of Faribault,Faribault,1610,MN,44.2953650207703,11/14/1919
1,SI,0.6476693925323719,-73.057915974901,7.47,Connecticut,652672,6,1050,513650,The Milford Bank,Milford,16101,CT,41.2222089950099,01/01/1872
1,NM,0.3526875469321512,-93.4975199650496,5.42,Missouri,207651,4,182,179493,"Carroll County Trust Company of Carrollton, Missouri",Carrollton,1611,MO,39.3582199930019,01/01/1919
1,NM,0.295974190842126,-93.189317804384,3.96,Minnesota,769765,8,568,670568,Highland Bank,Saint Paul,16111,MN,44.917683277706,12/28/1943
1,NM,1.8420083458753456,-92.2196499594579,22.35,Louisiana,174173,5,794,159596,Farmers State Bank & Trust Co.,Church Point,16114,LA,30.4081050029062,01/03/1944
1,NM,1.1495858050440102,-96.8833940275402,11.9,Nebraska,509370,10,1420,427874,Nebraska Bank,Dodge,16116,NE,41.7212890096574,01/01/1889
1,NM,1.285009965383405,-94.0734139616012,16.94,Missouri,77742,4,245,71679,Sherwood Community Bank,Creighton,1612,MO,38.4941710012472,06/06/1902
1,NM,1.6204734525306106,-96.8254262101024,15.95,Kansas,130343,4,514,113766,"The Riley State Bank of Riley, Kansas",Riley,16120,KS,39.2976548333176,11/19/1943
1,NM,1.2540314183275454,-102.348597991443,11.82,Colorado,716298,8,2228,604767,The Eastern Colorado Bank,Cheyenne Wells,16125,CO,38.8202670164501,03/01/1944
1,NM,1.1247212172781011,-91.7954700029434,19.5,Missouri,249368,3,689,207936,Citizens Bank of the Midwest,Rolla,16126,MO,37.9410810200223,02/28/1944
1,SM,1.0012629004717093,-97.4066569644057,10.58,Oklahoma,496309,7,1216,446280,FNB Community Bank,Midwest City,16127,OK,35.4356559810395,06/01/1943
1,N,1.6629354573617485,-149.902084968007,14.78,Alaska,5083974,27,21169,3710395,First National Bank Alaska,Anchorage,16130,AK,61.2188400054438,01/30/1922
1,SM,0.5244533042565005,-95.1446129731576,6.33,Iowa,75518,3,98,68865,State Bank,Spencer,16151,IA,43.1455930011093,05/01/1944
1,NM,1.6414620025308388,-83.3870640040315,14.59,Georgia,273318,2,1088,239182,The Peoples Bank,Eatonton,16152,GA,33.3250130076543,07/15/1943
1,SM,2.1177810256681164,-98.084327968808,15.14,Nebraska,83957,1,451,72208,Bank of Elgin,Elgin,16154,NE,41.9834220092666,08/27/1935
1,SM,2.7341534578932625,-92.6836039743775,29.85,Missouri,447040,6,3001,403044,Exchange Bank of Missouri,Fayette,1616,MO,39.1452170159413,11/19/1927
1,NM,2.0273666055703745,-88.2333250195875,18.67,Wisconsin,1633576,15,8199,1267880,Waukesha State Bank,Waukesha,16160,WI,43.0124670048302,06/15/1944
1,NM,2.132149539265093,-100.069578886065,16.63,South Dakota,247069,4,1292,203177,"Campbell County Bank, Inc.",Herreid,16161,SD,45.834190703851,06/13/1944
1,NM,1.216870170079603,-93.9261880116193,15.71,Missouri,242736,5,733,215077,First State Bank of the Ozarks,Purdy,16162,MO,36.815871999979,06/19/1944
1,SM,0.6197331373493496,-83.9098869747994,7.34,Ohio,100155,3,156,88903,Bank419,Metamora,16167,OH,41.7113569992182,05/25/1944
1,NM,0.8523171782840976,-89.847912464371,7.56,Missouri,4236274,32,9022,3613645,The Bank of Missouri,Perryville,1617,MO,37.723239062732,11/07/1891
1,NM,1.2756360560997957,-88.0202549486151,12.98,Alabama,928249,16,3077,808099,West Alabama Bank & Trust,Reform,16175,AL,33.3810364819089,07/29/1944
1,NM,1.4855258234829483,-98.410964830611,12.06,Texas,148793,1,536,130739,Johnson City Bank,Johnson City,16176,TX,30.277631550061,08/01/1944
1,NM,1.1242201494842177,-94.3180020033931,9.67,Iowa,130339,4,364,114840,First State Bank,Stuart,16177,IA,41.5057609842651,01/01/1934
1,NM,1.5234404363186864,-86.0491149621313,10.22,Alabama,121359,2,456,103169,"The Samson Banking Company, Inc.",Samson,16185,AL,31.113245012757,01/01/1930
1,NM,1.9429776475796257,-105.848791993153,20.12,Montana,7678230,47,37066,6322236,Stockman Bank of Montana,Miles City,16191,MT,46.4063700085536,01/01/1944
1,N,1.5652987416002098,-89.6979672883779,12.48,Illinois,88491,1,343,77415,Mason City National Bank,Mason City,16198,IL,40.2034982231885,10/09/1944
1,NM,1.5381640696293912,-87.0412410269683,14.89,Indiana,278826,3,1064,233734,Bank of Wolcott,Wolcott,16201,IN,40.7589689925122,10/16/1944
1,SM,1.052370063529567,-91.5527526000291,9.45,Arkansas,1991136,21,5189,1706856,The Farmers & Merchants Bank,Stuttgart,16216,AR,34.49626370008,01/02/1945
1,NM,0.9601695195841472,-94.5978539691297,12.22,Missouri,61922,2,145,56938,First Security Bank,Union Star,1622,MO,39.9800860043522,04/30/1890
1,NM,1.2491932620461423,-96.9024415136222,15.94,South Dakota,757767,10,2388,638106,Reliabank Dakota,Estelline,16221,SD,44.5770136792878,09/01/1920
1,NM,0.6976534766556236,-84.5531449860675,5.91,Ohio,106007,4,184,87991,The Sherwood State Bank,Sherwood,16222,OH,41.2864970188991,01/08/1945
1,NM,2.0190418331798723,-97.2170830411916,23.33,North Dakota,418263,11,2127,378499,Dakota Heritage Bank,Hunter,16231,ND,47.1894499832715,02/08/1945
1,NM,1.6639671454997655,-119.554199036003,15.54,Oregon,960329,22,3995,849014,Bank of Eastern Oregon,Heppner,16243,OR,45.3553169850983,03/03/1945
1,SB,2.019532554470698,-83.3031909928206,21.45,Georgia,408851,5,1973,363258,Commercial Banking Company,Valdosta,16246,GA,30.8803770089896,01/01/1934
1,NM,-4.063386714561204,-92.2534855233979,-35.49,Missouri,113590,1,-1151,86784,Neighbors Bank,Clarence,16247,MO,39.7435434744364,03/31/1945
1,NM,-0.3342346318154631,-87.6895519847467,-5.91,Illinois,436106,3,-373,280092,Devon Bank,Chicago,16249,IL,41.9993060091507,09/15/1945
1,SM,0.6543505166595855,-87.6840169949848,7.38,Illinois,2125608,22,3498,1771846,Marquette Bank,Chicago,16250,IL,41.7786599936796,05/12/1945
1,NM,2.025044630259712,-96.2974639592215,18.59,Iowa,1221907,10,6073,1033624,Peoples Bank,Rock Valley,16265,IA,43.1995450068263,06/01/1945
1,NM,1.9473109379515032,-83.3526899867471,14.05,Georgia,205414,2,994,173885,The Citizens Bank of Cochran,Cochran,16275,GA,32.3876289848181,01/01/1934
1,N,1.210032514021812,-89.4936959582817,13.65,Illinois,678934,14,2025,615810,"Constitution Bank, National Association",Hillsboro,16276,IL,39.1599140126071,07/02/1945
1,NM,-1.8315617334423546,-84.294108973953,-15.6,Georgia,23941,1,-112,20823,First City Bank,Alpharetta,16281,GA,34.076094438357,07/02/1945
1,NM,2.038508807865629,-92.6162455431444,18.8,Arkansas,62420,1,311,55680,Bank of Bearden,Bearden,16282,AR,33.7254018798347,07/05/1945
1,NM,1.5067609142617022,-81.4951380349207,18.69,Georgia,268178,2,1004,239131,South Coast Bank & Trust,Brunswick,16283,GA,31.1493920121106,01/01/1934
1,NM,0.09233909717782149,-81.919801124334,1.14,South Carolina,400195,8,89,346935,Southern Bank,Spartanburg,16288,SC,34.952944524099,07/02/1945
1,NM,1.1544279212250248,-93.6359849821944,10.71,Iowa,727847,9,2116,630075,Manufacturers Bank & Trust Company,Forest City,16307,IA,43.2636119999288,09/01/1945
1,NM,0.2897800776196636,-88.707966631608,5.29,Illinois,78685,2,56,69221,Marseilles Bank,Marseilles,16318,IL,41.330534699993,09/24/1945
1,SM,1.1104622129683706,-97.5986240047955,6.82,Nebraska,64175,2,164,54344,Battle Creek State Bank,Battle Creek,16330,NE,41.9997199913485,09/01/1943
1,NM,1.6447537821018148,-88.5730200021402,19.07,Illinois,506994,10,2076,459482,First State Bank and Trust,Monticello,16332,IL,40.0246519968028,11/10/1945
1,NM,3.1680883288202932,-99.5075069831254,24.48,Nebraska,227299,4,1812,194791,First State Bank,Loomis,16333,NE,40.4771520153047,10/22/1945
1,NM,2.824105759878967,-97.5824640307494,20.13,Texas,215136,5,1470,184443,First State Bank of Odem,Odem,16334,TX,27.950881984062,11/12/1945
1,NM,0.8768345100603347,-99.142898721221,12.09,Nebraska,233541,6,523,212048,The Tri-County Bank,Stuart,16339,NE,42.598845145013,11/17/1945
1,NM,1.0456453229156077,-89.8259019618043,9.85,Illinois,68280,2,180,60656,The State Bank of Pearl City,Pearl City,16344,IL,42.2650400000927,12/08/1945
1,NM,1.3207582150591217,-90.663278983283,19.22,Iowa,1233361,5,3651,1043164,Capra Bank,Dubuque,16363,IA,42.503399994459,01/21/1946
1,NM,0.9193796623797477,-85.8509845076884,10.33,Alabama,250704,2,566,207301,The Citizens Bank,Enterprise,16369,AL,31.313160018883,02/05/1946
1,NM,0.5571156195206822,-84.760856006649,6.77,Ohio,226662,5,309,203924,The Hicksville Bank,Hicksville,16370,OH,41.293752017102,01/09/1946
1,NM,0.7204701486597999,-86.2573260316447,8.45,Alabama,122309,4,215,111670,Brantley Bank and Trust Company,Brantley,16386,AL,31.5827462638869,03/06/1946
1,NM,1.9143223555413518,-82.4297909822454,21.82,South Carolina,1602060,11,7555,1430674,Bank of Travelers Rest,Travelers Rest,16389,SC,34.9733130098196,03/10/1946
1,SM,0.5650608735370221,-91.3592649323043,11.48,Missouri,216280,6,300,192292,FCNB Bank,Steelville,1639,MO,37.9669044170033,01/01/1906
1,NM,-0.4372365807258548,-90.4252486742307,-3.61,Illinois,47824,1,-52,42097,Table Grove State Bank,Table Grove,16394,IL,40.3650244581797,03/05/1946
1,NM,1.3082185666404265,-83.1794359642917,16.52,Florida,245529,4,806,222913,Lafayette State Bank,Mayo,16396,FL,30.0533909909676,04/02/1946
1,NM,2.3281946189250466,-97.594815435631,23.1,Kansas,1249914,15,7288,1056270,The Bennington State Bank,Salina,16402,KS,38.804004825095,01/01/1884
1,NM,1.0531017948048416,-97.1358179753347,12.58,Kansas,233683,2,610,210021,Andover State Bank,Andover,16410,KS,37.6945529867404,11/26/1916
1,NM,0.4406307977736549,-90.9080510078501,3.98,Illinois,86713,3,95,76889,Bank of Stronghurst,Stronghurst,16413,IL,40.7456180037677,04/27/1946
1,N,2.7821927872662475,-98.4100300345617,16.7,Oklahoma,471240,68,3304,377678,"FSNB, National Association",Lawton,16416,OK,34.593840993286,07/01/1946
1,NM,0.7686184084108814,-90.0953069748801,7.32,Louisiana,188414,5,350,167320,Citizens Bank & Trust Company,Covington,16417,LA,30.4751230126597,12/31/1945
1,SB,1.475998943553882,-83.244126990086,14.92,Georgia,1617776,10,5854,1399194,BankSouth,Greensboro,16418,GA,33.457191010684,04/10/1946
1,NM,1.5324135359086224,-100.844108984267,20.15,Kansas,328336,6,1243,301833,Centera Bank,Sublette,16436,KS,37.481360997763,10/18/1937
1,NM,1.9644736422489397,-81.6359459616411,14.42,Georgia,172134,3,847,147637,Farmers and Merchants Bank,Sylvania,16440,GA,32.7505930106857,03/01/1946
1,NM,0.9584865188677879,-97.7825070348487,13.39,South Dakota,99885,3,248,92043,Security State Bank,Alexandria,16448,SD,43.6542889865368,07/01/1946
1,SM,1.213967110069187,-88.244658023233,8.85,Illinois,18012163,81,54727,14831408,Busey Bank,Champaign,16450,IL,40.116537017802,07/08/1946
1,NM,0.5082981869967683,-81.532801278649,7.36,West Virginia,135832,5,174,124804,Whitesville State Bank,Whitesville,16453,WV,37.978088798923,07/08/1946
1,NM,0.8068588661822307,-91.2816983141386,8.76,Arkansas,347579,12,713,309950,Merchants & Planters' Bank,Newport,16464,AR,35.6062906168431,08/06/1946
1,NM,1.0554321288619601,-98.4760920044389,12.77,Texas,2794851,13,7636,2530809,Jefferson Bank,San Antonio,16470,TX,29.4439470020327,08/12/1946
1,NM,1.0141093474426808,-98.2065409786098,8.34,Kansas,156491,3,391,121859,First Bank,Sterling,16473,KS,38.2093059868595,01/01/1907
1,NM,1.4114855885819824,-98.3442288588858,15.19,North Dakota,66262,1,235,59740,State Bank of Lakota,Lakota,16477,ND,48.0404564254009,01/01/1900
1,N,0.7298486463406088,-91.3962839596887,10.35,Illinois,1237837,9,2252,1038070,"First Bankers Trust Company, National Association",Quincy,16501,IL,39.9358959821686,10/23/1946
1,NM,0.6816096473980862,-98.4657660026409,5.3,Nebraska,24883,1,39,21835,Nebraska State Bank,Lynch,16516,NE,42.8305119801455,12/09/1946
1,NM,1.2054584551170537,-90.1589260390768,11.34,Louisiana,658342,8,1974,580355,Metairie Bank & Trust Company,Metairie,16539,LA,29.975454001676,02/15/1947
1,NM,1.3269038670221558,-93.2042499972527,16.38,Missouri,349142,4,1154,290130,Ozark Bank,Ozark,1654,MO,37.0201730108914,09/25/1906
1,NM,1.049468178665287,-92.6582339651222,10.47,Louisiana,1259278,25,3304,1123894,JD Bank,Jennings,16546,LA,30.2247950016636,03/12/1947
1,NM,1.0553781825843151,-94.8287840349734,9.49,Iowa,151457,4,407,111367,Bank Plus,Estherville,16547,IA,43.4017039804727,03/01/1947
1,NM,1.7659771788370624,-90.7556649906354,25.81,Missouri,994599,5,4294,924215,The Bank of Old Monroe,Old Monroe,1655,MO,38.9327079844348,09/19/1906
1,NM,1.415242812847668,-97.447383961383,13.62,Nebraska,1436345,8,5047,1141775,Elkhorn Valley Bank & Trust,Norfolk,16553,NE,42.029839019305,07/06/1943
1,NM,1.3770081368662634,-93.9015179750982,10.26,Minnesota,29477,1,99,24503,State Bank of Easton,Easton,16561,MN,43.7654399796228,05/21/1934
1,N,1.1633435873769429,-87.640358008277,7.82,Illinois,251964731,988,732963,193961053,BMO Bank National Association,Chicago,16571,IL,41.877257997113,05/17/1947
1,NM,0.6763052506216948,-102.162937997916,4.1,Texas,81623,3,137,67683,Citizens State Bank,Anton,16581,TX,33.8095960178457,06/07/1947
1,SM,0.626853976604914,-97.6712530281727,6.27,Kansas,9373,1,14,8456,State Bank of Burrton,Burrton,16583,KS,38.0254380023225,05/22/1947
1,NM,0.6510310143941579,-81.101890989161,4.52,Georgia,115170,2,189,97151,Carver State Bank,Savannah,16584,GA,32.0694549996729,01/01/1927
1,NM,6.858794252227664,-90.428012372194,27.23,Illinois,31082,1,534,21692,Vermont State Bank,Vermont,16585,IL,40.295089408893,06/09/1947
1,NM,2.0224320316659194,-86.4802533207814,21.75,Alabama,666653,5,3362,598992,CCB Community Bank,Andalusia,16595,AL,31.3082093860442,07/01/1947
1,NM,2.018141453107133,-80.4111879693396,16.36,South Carolina,476231,8,2451,414346,Farmers and Merchants Bank of South Carolina,Holly Hill,1660,SC,33.3208839983311,01/03/1912
1,NM,0.9024904680782023,-106.890740006646,6.84,New Mexico,185736,4,445,158824,First State Bank,Socorro,16600,NM,34.057853992124,07/01/1947
1,NM,2.814554543314075,-93.9977709734802,29.74,Missouri,219102,6,1554,199632,Bank Northwest,Hamilton,16601,MO,39.7411759894999,08/04/1945
1,SM,0.5886768892291455,-88.0811980031809,5.31,Kentucky,135207,4,198,119651,The Peoples Bank,Marion,16603,KY,37.332347020196,10/01/1946
1,SM,0.9283494062325655,-87.6991459949404,9.88,Alabama,2950523,34,6916,2561362,Bank Independent,Sheffield,16604,AL,34.7506930142412,08/02/1947
1,NM,0.13379666623306635,-83.4559999608695,1.61,Georgia,83344,1,27,76333,Rochelle State Bank,Rochelle,16609,GA,31.949439012422,01/01/1934
1,SM,3.0835960318125037,-89.6796064489186,21.45,Mississippi,279234,7,2163,238035,FNB Picayune Bank,Picayune,16612,MS,30.5258156212835,07/31/1947
1,NM,1.5823430769906544,-96.181829989041,19.78,Kansas,392688,4,1531,343371,ESB Financial,Emporia,16629,KS,38.407619008053,03/16/1901
1,NM,3.1116660248855488,-93.313250361622,31.84,Minnesota,517341,2,4000,421011,Luminate Bank,Minneapolis,16635,MN,44.969487169278,03/01/1937
1,SI,0.5809132350502247,-73.1216630307593,3.22,Connecticut,994023,10,1458,796753,The Torrington Savings Bank,Torrington,16636,CT,41.803099988868,08/15/1868
1,SM,1.6274701206657534,-99.7666279877381,16.92,Texas,60768,1,248,54730,First State Bank,Junction,16643,TX,30.4880580075495,11/08/1947
1,NM,1.9455134532368503,-102.336152038693,18.53,Texas,697697,8,3437,617796,Southwest Bank,Odessa,16652,TX,31.8924320125451,12/15/1947
1,NM,0.852544819306363,-93.706323985805,14.82,Minnesota,109808,4,237,102173,Security State Bank of Aitkin,Aitkin,16656,MN,46.5357650101817,12/23/1947
1,NM,1.478876998772201,-93.2683859734183,18.07,Minnesota,838356,3,3082,765165,Northeast Bank,Minneapolis,16659,MN,44.9992420035411,01/03/1948
1,SM,2.32817486104395,-88.6009149759081,21.82,Kentucky,1015616,6,5916,831599,The Paducah Bank and Trust Company,Paducah,16664,KY,37.0873460020345,01/24/1948
1,NM,1.0322808218822785,-88.016829010107,10.84,Illinois,765484,2,1990,686369,Itasca Bank & Trust Co.,Itasca,16666,IL,41.9711089935019,01/24/1948
1,NM,0.7109606432501058,-89.4231859638464,9.26,Illinois,82918,1,147,74404,Washington State Bank,Washington,16667,IL,40.702555012285,01/17/1948
1,NM,1.588624730464256,-93.0526450057759,10.38,Louisiana,575106,13,2306,461320,Gibsland Bank & Trust Company,Gibsland,16689,LA,32.5435120158566,04/15/1948
1,NM,2.3676906020041226,-102.072418975678,20.91,Texas,386025,3,2237,341988,First State Bank,Stratford,16695,TX,36.3367220136974,04/26/1948
1,NM,1.1631804842335163,-93.7359540135301,14.85,Minnesota,238435,3,707,216874,BANKWEST,Rockford,16704,MN,45.0875179865805,01/01/1948
1,NM,2.3764592181896793,-98.7322759901789,16.84,Nebraska,187950,5,1168,156808,South Central State Bank,Campbell,16707,NE,40.2980459995093,01/01/1948
1,NM,2.9643632402297286,-104.400077007897,29.51,New Mexico,318721,1,2313,283040,Western Bank,Artesia,16720,NM,32.8436390090937,08/02/1948
1,NM,1.6787390586970437,-80.0634559989271,13.45,South Carolina,830628,14,3603,714093,Carolina Bank & Trust Co.,Lamar,16723,SC,34.1698339973436,03/03/1936
1,NM,1.049125244911318,-96.4952779638093,6.22,South Dakota,1333008,2,3522,1023146,1st Financial Bank USA,Dakota Dunes,1673,SD,42.5029570108759,01/01/1910
1,NM,1.5240779328506253,-93.1458449797453,17.33,Minnesota,393730,2,1525,356172,North Star Bank,Roseville,16733,MN,44.996225985231,02/03/1947
1,NM,3.018112845738583,-95.5531340257978,15.33,Kansas,24144,1,181,17959,The Peoples State Bank,Cherryvale,16744,KS,37.269155013966,01/01/1880
1,NM,1.4265935648225065,-96.8906489838337,14.04,South Dakota,46211,1,161,41590,Richland State Bank,Bruce,1675,SD,44.4368390154265,01/01/1927
1,N,1.0539629005059024,-87.7150919789984,10.29,Illinois,144032,3,375,128037,National Bank of St. Anne,St. Anne,16752,IL,41.02488600231,12/04/1948
1,NM,1.546968172889639,-96.5291850252679,12.62,Texas,1214543,7,4681,1050158,Citizens State Bank,Somerville,16753,TX,30.34533598942,06/01/1925
1,NM,0.815563481507211,-85.2673930233658,8.1,Indiana,353414,8,722,286400,The Campbell & Fetter Bank,Kendallville,16757,IN,41.4426299982903,01/01/1863
1,NM,1.594848987359797,-96.7736164931085,15.24,South Dakota,1346131,8,5292,1069070,Plains Commerce Bank,Sioux Falls,1678,SD,43.5070040279566,07/16/1931
1,NM,1.3668333892315694,-81.294375770857,14.21,Georgia,423605,6,1406,377790,Great Oaks Bank,Richmond Hill,16780,GA,31.925959610565,01/01/1934
1,NM,1.702233490614918,-94.9769370234464,19.75,Kansas,73853,2,308,65796,Union State Bank,Uniontown,16788,KS,37.8461850098549,08/01/1901
1,SM,1.7857457959097247,-95.166960551947,18.08,Oklahoma,178502,2,759,151342,All Capital Bank,Locust Grove,16795,OK,36.199624504056,06/06/1949
1,NM,0.8732044265627287,-97.0528249801383,10.53,Nebraska,1040772,12,2214,878052,Farmers and Merchants Bank,Milford,16810,NE,40.7739660194023,07/05/1949
1,NM,0.8446026474280539,-94.8745460411881,7.91,Texas,495119,11,1063,444244,Citizens Bank,Kilgore,16817,TX,32.3857770033114,07/24/1949
1,NM,0.12426722857065674,-76.6259230098808,2.18,Maryland,380395,6,115,357545,The Bank of Glen Burnie,Glen Burnie,16820,MD,39.1626240076323,08/17/1949
1,NM,2.4456040757224535,-83.732923541094,18,Georgia,539262,10,2867,452995,Sunmark Community Bank,Perry,16825,GA,32.461331143259,08/27/1949
1,NM,1.14740132795951,-96.278822941835,6.21,Texas,43608962,406,121185,32946478,Prosperity Bank,El Campo,16835,TX,29.20694148131,09/13/1949
1,NM,1.0248056062894932,-92.6245719905126,10.48,Wisconsin,141035,1,357,125735,River Falls State Bank,River Falls,16840,WI,44.8572780028252,10/03/1949
1,NM,1.8407629568894837,-92.1152665149957,20.78,Arkansas,1150445,21,5332,998431,First Arkansas Bank and Trust,Jacksonville,16849,AR,34.867447561057,11/05/1949
1,NM,1.4810415384058233,-89.0125488126665,12.93,Kentucky,342430,5,1278,285878,"Citizens Deposit Bank of Arlington, Inc.",Arlington,16852,KY,36.7930707101942,12/01/1949
1,NM,2.068594936665537,-105.215480032012,23.61,New Mexico,292258,4,1511,265657,Community 1st Bank Las Vegas,Las Vegas,16854,NM,35.5951780153416,11/23/1949
1,NM,1.9007325118322433,-83.3757429865076,14.57,Georgia,889689,8,4141,751077,First American Bank and Trust Company,Athens,16858,GA,33.9598529897443,01/01/1934
1,NM,0.8226656959002124,-97.9862300297181,13.05,South Dakota,258864,3,524,242058,Farmers State Bank,Parkston,1686,SD,43.3950020202412,07/19/1919
1,NM,0.5468588056768248,-93.3424069794558,5.68,Minnesota,317367,4,432,270941,Citizens Independent Bank,Saint Louis Park,16863,MN,44.9382890131969,01/16/1950
1,NM,1.9001965414291315,-100.919893961828,17.43,Texas,407215,6,1872,359838,West Texas State Bank,Snyder,16866,TX,32.6918800001461,01/14/1950
1,NM,-0.08704759054989596,-96.2795260158738,-1.09,Nebraska,36210,1,-8,33092,Corn Growers State Bank,Murdock,16868,NE,40.9256730186407,01/03/1950
1,NM,0.9297320563865276,-98.0597580122108,8.31,South Dakota,70552,1,162,61664,Community Bank,Avon,1687,SD,43.0044510136379,01/01/1914
1,SM,1.169947780053172,-82.398726894706,9.67,South Carolina,28114413,190,81960,24415141,United Community Bank,Greenville,16889,SC,34.843941938525,03/01/1950
1,NM,0.6575150052638529,-94.9651130079129,7.03,Texas,723631,14,1189,592946,Pilgrim Bank,Pittsburg,16891,TX,32.9941180176074,01/01/1911
1,NM,2.5232763971585555,-95.9503420237221,14.11,Texas,221652,2,1372,181479,First State Bank of Bedias,Bedias,16895,TX,30.7760140163712,08/28/1907
1,NM,1.433523322641243,-82.7182540123902,11.34,Georgia,424128,5,1510,362181,F&M Bank,Washington,16897,GA,33.728733995803,03/14/1950
1,N,1.38717748661519,-84.2630289607975,15.72,Georgia,377461,6,1289,328052,First National Bank of Griffin,Griffin,169,GA,33.245043993576,05/12/1933
1,SM,1.4316902312825972,-89.756323029174,10.57,Illinois,120395,2,432,98316,Princeville State Bank,Princeville,16900,IL,40.930419019857,04/17/1950
1,NM,0.6554139926686062,-96.065979184446,6.43,Minnesota,47031,1,78,37666,State Bank of Taunton,Taunton,16906,MN,44.593438338972,02/01/1905
1,NM,-0.2835235303682887,-94.640090714507,-2.37,Oklahoma,123275,3,-85,108698,SSB Bank,Spiro,16908,OK,35.238369701076,05/15/1950
1,NM,0.30991299302879366,-88.042494816725,2.37,Alabama,271864,4,211,223935,22nd State Banking Company,Mobile,16910,AL,30.69304830427,01/01/1917
1,NM,0.877583749109052,-84.6141420233129,10.47,Georgia,89178,1,197,79076,F & M Bank and Trust Company,Manchester,16916,GA,32.8524260096496,02/02/1948
1,NM,1.1846593272510468,-84.161944968701,9.12,Tennessee,180128,2,534,155852,UBank,Knoxville,1693,TN,35.882651016993,01/01/1918
1,NM,1.2299551280905305,-94.9474400165246,14.81,Kansas,86770,1,258,79582,The Farmers State Bank,Wathena,16941,KS,39.7600420190767,05/03/1903
1,NM,0.2523026661599049,-97.8376974139441,2.71,Nebraska,61329,3,39,49124,Bank of Clarks,Clarks,16953,NE,41.2167505049761,02/15/1937
1,NM,1.2513531929330663,-95.1184460125484,11.39,Minnesota,2965084,36,9350,2599116,Minnwest Bank,Redwood Falls,16958,MN,44.5393279821329,05/19/1941
1,NM,1.0304972853843484,-93.5550639934629,8.13,Missouri,103243,2,256,89822,Bank of Billings,Billings,16959,MO,37.0658999807508,03/14/1889
1,NM,1.675149072241865,-86.5152139898926,12.51,Tennessee,950916,11,3946,811490,The Farmers Bank,Portland,1696,TN,36.572918010211,07/12/1912
1,NM,1.6048507792175446,-82.662623991567,15.13,South Carolina,443842,8,1772,393283,The Peoples Bank,Iva,16968,SC,34.3075239818113,01/02/1951
1,NM,-0.9528424800453146,-83.7341469636812,-8.6,Kentucky,557555,12,-1310,486024,"Peoples Bank of  Kentucky, Inc.",Flemingsburg,16970,KY,38.4220969855888,04/06/1906
1,NM,1.3514148799804433,-99.275446030905,11.25,Kansas,485430,5,1617,408418,SOLUTIONS NORTH BANK,Stockton,16971,KS,39.437570003531,01/02/1951
1,NM,0.549066361629799,-77.8938359850523,5.76,Pennsylvania,472063,7,639,423227,Community State Bank of Orbisonia,Orbisonia,16976,PA,40.2429390094443,01/11/1951
1,NM,1.2359663213322525,-105.048371034231,12.72,Colorado,7560233,61,23592,6615157,Bank of Colorado,Fort Collins,16980,CO,40.523094986809,01/01/1900
1,SM,1.4247947871139088,-88.6312930046726,12.49,Illinois,1199826,14,4222,1019125,Bank of Pontiac,Pontiac,16982,IL,40.8791570183258,09/06/1947
1,NM,1.5538499856628873,-84.5405810161217,17.79,Georgia,242523,4,928,219078,The Peoples Bank of Georgia,Talbotton,170,GA,32.6780219900785,01/01/1891
1,NM,1.6786321948790306,-83.5681189799533,18.26,Tennessee,780870,13,3236,694756,First Century Bank,Tazewell,1700,TN,36.4538580209268,10/10/1899
1,NM,0.9304063967427824,-97.4836569826508,9.79,Oklahoma,247894,1,585,201734,First Security Bank and Trust Company,Oklahoma City,17001,OK,35.493379004995,04/06/1951
1,NM,2.614565670536178,-94.5544,21,Missouri,399068,2,2656,328770,Central Bank of Kansas City,Kansas City,17009,MO,39.106353,08/10/1950
1,NM,2.6365198273927026,-82.4679729819614,16.99,Georgia,716485,4,4713,596064,FNB SOUTH,Alma,17011,GA,31.5421630076795,02/15/1950
1,NM,2.5047522673753297,-85.4661250139895,37.95,Kentucky,847346,12,5297,748122,Wilson & Muir Bank & Trust Company,Bardstown,17040,KY,37.809471016661,12/18/1865
1,NM,0.5533972116996231,-85.3768020055149,5.78,Tennessee,256449,7,357,201055,Mountain Valley Bank,Dunlap,1705,TN,35.3895589920644,01/01/1905
1,NM,0.25178687459389215,-96.283552011607,2.44,Minnesota,48872,1,31,40072,State Bank of Bellingham,Bellingham,17062,MN,45.1359000080898,03/09/1942
1,NM,1.1183410158822282,-95.2970740084057,8.75,Kansas,547339,10,1503,461409,Labette Bank,Altamont,17068,KS,37.1933329883932,01/15/1915
1,NM,0.6479956068094453,-83.0462870015978,5.14,Georgia,112692,2,177,98609,The Peoples Bank,Willacoochee,17073,GA,31.340024988791,09/24/1948
1,NM,0.7946895431526334,-86.7318541125603,8.42,Alabama,1165282,16,2305,1045131,First US Bank,Birmingham,17077,AL,33.4433634177857,01/21/1952
1,NM,1.929961008659116,-96.5403310286535,16.93,Texas,393728,3,1858,342054,HomeBank Texas,Seagoville,17094,TX,32.6473650115763,04/07/1952
1,NM,1.869990818120983,-102.647005596031,20.41,North Dakota,163712,1,751,148156,Liberty State Bank,Powers Lake,17096,ND,48.5618560200949,04/17/1952
1,NM,1.1877074745629048,-97.1452799705534,9.58,Texas,658347,4,1924,574836,"Community Bank & Trust, Waco, Texas",Waco,17108,TX,31.5460980178537,05/14/1952
1,NM,1.3029150121186597,-86.0351819759399,13.09,Tennessee,1776310,20,5758,1502074,Wellworth Bank,Lafayette,1711,TN,36.5202079929971,07/01/1909
1,SI,0.9423251695726685,-70.7757511412612,9.48,Maine,1072343,11,2517,809236,Partners Bank of New England,Sanford,17115,ME,43.43968590416,11/01/1933
1,NM,1.4225736895560974,-89.9498739978065,16.27,Mississippi,932827,19,3274,847220,First Security Bank,Batesville,17120,MS,34.3120339905434,07/01/1952
1,NM,0.012561827745937034,-93.444802990856,0.13,Minnesota,31038,2,1,27753,Lake Country Community Bank,Morristown,17122,MN,44.2269499992146,05/02/1928
1,SI,0.40771564204407207,-75.625879986037,4.37,Delaware,719636,13,731,644979,Artisans' Bank,Wilmington,17123,DE,39.761451980919,02/28/1861
1,NM,1.6665145383921054,-87.7832309844826,17.94,Tennessee,249774,3,1027,220987,Bank of Perry County,Lobelville,1713,TN,35.7716200108508,09/01/1905
1,NM,1.3102146900701392,-99.3351278589092,10.35,Oklahoma,14444,1,46,12647,Peoples State Bank,Blair,17138,OK,34.780579201542,08/25/1952
1,NM,2.4937242378721103,-98.6009439726365,11.25,Nebraska,612529,20,3760,421621,Heritage Bank,Wood River,17145,NE,40.8208040105276,01/01/1884
1,SM,1.5964731001684935,-95.2763510100899,9.25,Texas,828366,4,3289,622557,Citizens 1st Bank,Tyler,1715,TX,32.3092070186088,04/24/1920
1,NM,1.3236463168829005,-111.971070026965,10.7,Utah,3725841,20,12080,2862466,Bank of Utah,Ogden,17159,UT,41.2182930117558,02/05/1952
1,SM,1.0607406621673583,-96.8197799924853,9.37,Kansas,38293,4,100,33141,Cottonwood Valley Bank,Cedar Point,17160,KS,38.2611579905549,01/25/1914
1,NM,0.8730205864409158,-91.733828984077,8.22,Wisconsin,749618,12,1617,644588,Dairy State Bank,Rice Lake,17162,WI,45.5010649960027,01/02/1953
1,NM,1.368724641931857,-90.264393012162,15.92,Louisiana,155295,4,525,135893,State Bank & Trust Company,Golden Meadow,17169,LA,29.384908019279,01/16/1953
1,NM,0.9146942476771235,-96.6033999885448,13.22,North Dakota,40140,2,87,37316,"Peoples State Bank, Fairmount, N. D.",Fairmount,17174,ND,46.0546979988248,01/02/1953
1,SI,0.5635266178507817,-71.4982019604641,5.9,New Hampshire,1622674,18,2278,1328886,Meredith Village Savings Bank,Meredith,17180,NH,43.6592499835693,01/01/1869
1,NM,1.6920240095547183,-84.2067800202439,8.38,Georgia,195274,1,827,154132,Bank of Camilla,Camilla,17190,GA,31.2314329907445,01/01/1890
1,NM,0.6444508838017966,-87.2748229593387,3.89,Florida,172298,4,278,143571,The Warrington Bank,Pensacola,17193,FL,30.3877899937275,03/18/1953
1,NM,2.591870918320007,-84.3422060107543,24.2,Georgia,2216638,17,14735,1946159,United Bank,Zebulon,172,GA,33.1059619845385,01/31/1905
1,NM,2.023721142407356,-101.853419040261,24.35,Texas,944019,10,4525,834365,Western Bank,Lubbock,1720,TX,33.5842570166962,01/01/1909
1,SM,1.5334102851995735,-91.6406109890158,17.5,Arkansas,1574662,16,6086,1425068,The Citizens Bank,Batesville,17211,AR,35.7731779971035,04/24/1953
1,NM,1.3836502331039133,-96.1570260097073,15.58,Texas,507541,1,1698,457786,Citizens State Bank,Sealy,17214,TX,29.7806830051265,08/12/1907
1,NM,1.5829422695348176,-97.812196825544,15.27,Nebraska,634613,12,2513,479237,Henderson State Bank,Henderson,17229,NE,40.780341630234,10/13/1943
1,N,0.7616457360313541,-87.7140389605025,4.52,Illinois,729383,4,1389,600748,Albank National Association,Chicago,17230,IL,41.9686670098308,06/27/1953
1,NM,1.9360906890806033,-85.1335150027338,20.73,Michigan,143225,3,687,127886,Sidney State Bank,Sidney,17232,MI,43.2501989851008,10/10/1921
1,NM,1.0032637035293825,-89.3462639811198,8.25,Illinois,163598,2,405,142635,North Central Bank,Hennepin,17241,IL,41.2536350131285,12/07/1946
1,SM,1.0351201478743068,-92.9213180173753,10.92,Iowa,189417,2,490,142904,St. Ansgar State Bank,Saint Ansgar,17259,IA,43.3787469954131,03/28/1891
1,SI,0.8937085557482275,-72.407787988152,6.3,Connecticut,525663,8,1168,439680,Essex Bank,Essex,17262,CT,41.347114020655,08/06/1851
1,NM,1.1936416342934393,-123.342509979076,9.84,Oregon,66011146,369,198193,53614966,Columbia Bank,Roseburg,17266,OR,43.209664017525,11/09/1953
1,NM,2.617675252714154,-102.938701996086,194.71,North Dakota,412987,2,2642,396942,The Bank of Tioga,Tioga,17280,ND,48.3955149903873,07/16/1952
1,N,0.7402869511232819,-118.2575949739,6.1,California,99947369,71,183570,81067113,City National Bank,Los Angeles,17281,CA,34.051021986665,12/04/1953
1,NM,1.5400721125756092,-91.6394190823843,12.57,Iowa,836548,13,3196,705412,BankIowa,Cedar Rapids,17282,IA,42.0488241138164,01/01/1881
1,NM,0.8462115792291925,-87.595780421993,17.37,Alabama,112895,1,241,106893,Peoples Bank of Greensboro,Greensboro,1730,AL,32.699404332593,03/07/1904
1,SM,1.1922059255498674,-157.860697604011,13.98,Hawaii,7489639,27,22186,6704549,Central Pacific Bank,Honolulu,17308,HI,21.3074984292102,02/15/1954
1,NM,1.500283326887272,-95.2419059980856,16.36,Kansas,342747,9,1251,309875,Goppert State Service Bank,Garnett,17317,KS,38.2795879935285,07/11/1899
1,NM,1.9590923175896204,-89.081900012252,21.04,Illinois,611497,14,3011,497366,Peoples Bank & Trust,Pana,17320,IL,39.38766100881,05/01/1954
1,NM,1.7336964648344493,-90.4185509637085,14.36,Missouri,4512330,53,19464,3789102,First State Community Bank,Farmington,17323,MO,37.7805500141254,05/11/1954
1,NM,0.7970731360778603,-87.3781095676725,7.98,Tennessee,284652,4,561,255104,Bank of Dickson,Dickson,17327,TN,36.0635985590365,05/26/1954
1,NM,0.555008210180624,-93.6790310003231,4.72,Iowa,607348,6,845,483329,South Story Bank & Trust,Slater,17348,IA,41.8782909828603,09/01/1954
1,NM,0.8419144878380311,-85.6101250208961,8.18,Alabama,311839,5,655,277570,Farmers and Merchants Bank,Piedmont,1735,AL,33.9239989798162,04/12/1915
1,NM,-0.9320832879101711,-98.2369559715674,-10.71,Texas,73050,1,-171,66611,First State Bank of San Diego,San Diego,17350,TX,27.7640160023067,08/09/1954
1,NM,1.2375728652107172,-97.2451459882991,15.49,Kansas,213374,4,647,191739,Carson Bank,Mulvane,17369,KS,37.4746180081156,07/01/1886
1,NM,1.6091399724101334,-95.1894969750147,16.38,Kansas,566810,7,2244,435266,Mid-America Bank,Baldwin City,17374,KS,38.7826750188985,12/11/1900
1,NM,1.5134228515148855,-98.2103369749199,18.81,Kansas,46773,1,194,42448,The State Exchange Bank,Mankato,17375,KS,39.7855989866823,11/01/1887
1,SM,0.8421983525889437,-91.198162087797,5.05,Louisiana,489840,11,1019,394185,M C Bank & Trust Company,Morgan City,17388,LA,29.701415807801,01/20/1955
1,NM,1.6541162406077798,-86.931133245552,12.35,Indiana,8371107,96,34629,7045094,German American Bank,Jasper,17393,IN,38.392704752457,11/10/1910
1,SM,1.3451751679232964,-97.3964550147748,19.34,Kansas,171028,2,564,153609,Impact Bank,Wellington,17399,KS,37.2654979896105,04/03/1928
1,NM,1.6267022412764292,-95.182414685927,17.27,Kansas,132193,3,535,119278,The Bendena State Bank,Bendena,17410,KS,39.745550085672,01/01/1904
1,SM,0.9719466537073779,-106.282007179718,9.41,Colorado,557172,7,1360,447421,Mountain Valley Bank,Walden,17411,CO,40.7302991634272,02/21/1955
1,SM,1.8636342668381336,-92.105876939421,23.09,Arkansas,895006,6,4141,715293,Stone Bank,Mountain View,17431,AR,35.864556876879,04/29/1955
1,SM,1.129817381712323,-98.4884880010451,11.77,South Dakota,4867664,32,13703,4352301,Dacotah Bank,Aberdeen,17437,SD,45.4616110005703,04/30/1955
1,N,2.7100250068852865,-84.4819019941994,33.85,Michigan,6762755,3,45608,3835105,First National Bank of America,East Lansing,17438,MI,42.7476129879931,05/06/1955
1,NM,1.8793128762296285,-92.3067159728644,17.13,Iowa,17053,1,80,13751,Dysart State Bank,Dysart,17441,IA,42.1716769981066,01/01/1934
1,SI,0.36102830278763554,-70.7571090342277,3.32,New Hampshire,381255,1,345,298911,Piscataqua Savings Bank,Portsmouth,17443,NH,43.0765590179137,01/01/1877
1,NM,2.2531852683990765,-103.894508771549,20.56,Texas,780328,9,3515,687286,Maverick Bank,Fort Davis,17446,TX,30.588445505401,10/16/1911
1,NM,0.6517868817831601,-88.0633719582406,5.74,Alabama,98772,2,162,87224,The Farmers & Merchants Bank,Waterloo,1745,AL,34.9123210017161,07/01/1914
1,NM,0.6930187850811094,-95.3404790234475,7.14,Iowa,42492,2,73,33675,Defiance State Bank,Defiance,17450,IA,41.8237949916272,09/01/1951
1,SM,1.4986099203615693,-97.505676996664,17.24,Kansas,211043,4,756,192516,Halstead Bank,Halstead,17451,KS,38.0024339947861,03/10/1882
1,NM,1.5220764931710689,-90.0976018044706,19.04,Illinois,630236,8,2414,505195,Apple River State Bank,Apple River,17453,IL,42.5049787319572,01/05/1948
1,NM,0.24651321418527983,-87.799518531095,2.73,Illinois,2161369,4,1339,1750105,First Bank Chicago,Highland Park,17470,IL,42.1859172229589,07/16/1955
1,SM,1.4745534070057853,-96.6471710412983,12.94,Kansas,905364,16,3338,732985,United Bank & Trust,Marysville,17477,KS,39.841460012757,07/01/1890
1,NM,0.7544497332390271,-103.66126001983,6.78,Nebraska,1114807,12,2072,949685,FirsTier Bank,Kimball,17478,NE,41.2372890027414,07/15/1955
1,SM,1.063099204608923,-96.787992965797,9.37,Texas,12440134,57,33474,10680035,PlainsCapital Bank,University Park,17491,TX,32.8463459866337,09/15/1955
1,NM,3.1269566538438585,-83.1553781835855,37.3,Georgia,458895,5,3602,417152,The Commercial Bank,Crawford,175,GA,33.882657486892,09/05/1924
1,NM,0.5341454723066413,-81.796208788546,5.94,Florida,1188143,9,1557,1057246,First State Bank,Key West,17509,FL,24.549988766457,10/29/1955
1,N,1.6274196209323033,-88.349327039136,17.65,Illinois,369338,6,1492,320010,The Fisher National Bank,Fisher,17513,IL,40.311211999651,11/18/1955
1,NM,0.8409220214011235,-88.9846670017506,12.79,Illinois,3260267,43,6884,3005844,Banterra Bank,Marion,17514,IL,37.7458069835537,11/26/1955
1,SM,1.6030561605198328,-91.791051315046,17.86,Arkansas,329266,5,1347,295201,Union Bank & Trust Company,Monticello,1753,AR,33.629803063176,04/01/1887
1,N,1.2651190051205585,-81.694007991671,12.27,Ohio,185983433,952,581466,153305440,KeyBank National Association,Cleveland,17534,OH,41.500941012754,01/01/1849
1,NM,2.809479816973215,-85.5068990334435,42.72,Georgia,160627,3,1129,150095,Bank of Dade,Trenton,17543,GA,34.8755070124173,01/12/1956
1,NM,0.2709963789276954,-94.25452199497,1.52,Iowa,42768,1,29,35093,Community State Bank,Paton,17551,IA,42.164995992633,02/15/1956
1,NM,1.1827794104280909,-92.3990630043666,12.79,Arkansas,937589,3,2684,736204,Central Bank,Little Rock,1756,AR,34.7687942789722,08/12/1912
1,NM,0.769430122706398,-81.1102070105775,5.93,South Carolina,619096,8,1195,515060,Palmetto State Bank,Hampton,17563,SC,32.8657300178268,01/01/1907
1,N,1.3814086257841223,-89.2983729714986,11.93,Illinois,200967,2,689,175272,First National Bank in Taylorville,Taylorville,17572,IL,39.5490879982473,03/28/1956
1,NM,1.5397994878196182,-86.6044439592419,14.55,Florida,653557,11,2481,583416,FNBT BANK,Fort Walton Beach,17580,FL,30.4132289860459,04/09/1956
1,NM,1.2927192418968514,-91.8156220260149,10.88,Louisiana,201586,2,649,176801,Simmesport State Bank,Simmesport,17587,LA,30.9846439869072,05/01/1956
1,NM,2.277961179366754,-96.404920963759,25.69,Texas,884220,15,5020,798254,The First State Bank,Louise,17588,TX,29.1112779821787,05/07/1956
1,N,2.844960670440344,-102.552645030689,29.03,Texas,331407,4,2322,292206,The National Bank of Andrews,Andrews,17603,TX,32.3357100097163,11/12/1945
1,NM,1.467001499521237,-94.7058749919319,17.77,Kansas,57101,2,203,52351,The City State Bank,Fort Scott,17607,KS,37.8067349958265,08/01/1920
1,SM,1.8402627617969192,-95.561629000847,19.68,Texas,1347254,4,6133,1209219,Central Bank,Houston,17612,TX,29.8313650208671,05/31/1956
1,NM,2.815612109026672,-98.7839260319173,12.52,Kansas,1048648,9,7282,721137,Farmers Bank & Trust,Great Bend,17614,KS,38.3626229820599,08/01/1907
1,NM,1.7159469616393677,-92.5949182491177,16.62,Louisiana,88419,3,363,79167,Basile State Bank,Basile,17621,LA,30.4857766629288,07/02/1956
1,NM,1.6980782654529396,-85.2770509874807,13.72,Michigan,317891,4,1341,276287,Alden State Bank,Alden,17622,MI,44.8800469817967,01/01/1934
1,NM,1.3059984813971146,-95.0071060075458,10.27,Kansas,52635,3,172,45686,The Farmers State Bank of Blue Mound,Blue Mound,17629,KS,38.0885580080042,08/01/1913
1,NM,0.7350932525393001,-96.5929378984864,7.37,Kansas,19766,1,37,17685,The Farmers State Bank,Dwight,17632,KS,38.8431311854565,01/01/1921
1,NM,0.5974352364250529,-97.7846210346486,13.5,Kansas,429171,7,646,377922,Astra Bank,Scandia,17636,KS,39.7959539898652,10/02/1939
1,NM,1.8060266873014874,-96.4859729616372,17.35,Nebraska,554267,6,2509,493408,RVR Bank,Fremont,17639,NE,41.4511859935947,07/30/1956
1,N,1.3358378510211328,-105.957545007559,23.89,New Mexico,464526,6,1561,436349,First National Bank,Alamogordo,17643,NM,32.8992500029967,08/23/1956
1,NM,1.5901135634616033,-99.765426022823,12.33,Kansas,219053,3,883,184932,"The Stockgrowers State Bank of Ashland, Kansas",Ashland,17650,KS,37.189887984279,06/23/1885
1,SI,0.871107592260921,-70.5392326929324,6.99,Maine,2080808,25,4533,1613762,Norway Savings Bank,Norway,17658,ME,44.2130842777961,01/01/1866
1,NM,1.1929728057207687,-100.617838408717,8.75,Kansas,113243,1,347,92668,The First State Bank of Healy,Healy,17661,KS,38.6005517530461,07/10/1906
1,NM,1.370930051409877,-94.62706196803,12.61,Kansas,164915,1,539,147184,Bank of Prairie Village,Prairie Village,17671,KS,38.9928250056658,02/27/1931
1,NM,1.7517919634518222,-97.519468999244,13.73,Kansas,452672,9,1946,386628,The Citizens State Bank,Moundridge,17672,KS,38.2018149961726,08/01/1904
1,NM,1.2023420769925797,-97.5355169910637,12.36,Kansas,860820,10,2535,731341,Legacy Bank,Colwich,17676,KS,37.7786950151337,02/22/1886
1,NM,0.8681791691007026,-122.05844901598,6.34,California,21403986,169,47502,18251541,Mechanics Bank,Walnut Creek,1768,CA,37.905944584825,01/01/1905
1,NM,0.43540860086386923,-96.6179054587232,4.46,Kansas,633993,11,705,556999,Outdoor Bank,Manhattan,17685,KS,39.2116600690464,01/01/1897
1,NM,0.7959989540179034,-82.11254499951,4.21,Florida,305089,3,605,245523,DLP Bank,Starke,17734,FL,29.938110988558,03/19/1957
1,N,1.9194006157452168,-81.596327974273,19.24,West Virginia,6741168,97,32256,5448988,City National Bank of West Virginia,Charleston,17735,WV,38.3277929892427,04/01/1957
1,SI,0.15135814577572682,-87.410266970941,2.5,Indiana,461872,8,174,413180,The Hometown Savings Bank,Terre Haute,17736,IN,39.465162013408,12/01/1869
1,NM,1.464011365595849,-95.2962560184748,8.23,Texas,839989,8,3152,681359,Plains State Bank,Humble,17739,TX,30.0010390067478,04/06/1957
1,SI,0.9764518145659977,-70.24825375073,10.48,Maine,2894748,23,7017,2271157,Maine Community Bank,Portland,17741,ME,43.659537273301,07/27/1867
1,SI,0.16643846822874958,-70.4458630692427,1.8,Maine,1456967,7,604,1013840,Saco & Biddeford Savings Institution,Saco,17743,ME,43.4981745311516,02/21/1827
1,SI,0.057911837900228844,-69.8139821504308,0.4,Maine,1499837,13,217,1161004,Bath Savings Institution,Bath,17749,ME,43.91359866779,04/19/1852
1,SI,0.5520694153599297,-70.1894421271,5.38,Maine,1779609,10,2491,1424715,Androscoggin Savings Bank,Lewiston,17751,ME,44.101370733279,01/01/1870
1,NM,1.2648994478290103,-81.704620906014,17.84,Ohio,123428,4,388,114021,The Baltic State Bank,Baltic,17759,OH,40.440277760122,01/01/1902
1,SI,0.8584034097946882,-71.523511117102,6.3,Rhode Island,3051213,23,6523,2339745,Centreville Bank,West Warwick,17764,RI,41.705269474399,01/01/1888
1,NM,1.3004268613073797,-91.4345299971451,9.72,Louisiana,322981,7,1024,280213,Guaranty Bank and Trust Company,New Roads,17767,LA,30.694322982195,06/29/1957
1,NM,1.507800132595489,-99.3370319806677,16.07,Kansas,368915,4,1393,329332,Bank of Hays,Hays,17769,KS,38.884853980916,08/21/1907
1,NM,0.46681284557903047,-83.0655959728479,5.45,South Carolina,195231,6,227,178069,Blue Ridge Bank,Walhalla,17773,SC,34.7645599929451,06/17/1957
1,NM,2.297426279743465,-99.9212300125143,17.19,Texas,184624,2,1029,158679,First State Bank,Paint Rock,17775,TX,31.5077669878992,01/01/1910
1,N,0.5330311614730878,-104.861586021661,3.5,Colorado,110717,3,147,93133,Pikes Peak National Bank,Colorado Springs,17782,CO,38.8461919915146,07/01/1957
1,NM,0.5788226221662753,-107.671885019015,8.15,Colorado,225576,7,319,206958,The Citizens State Bank of Ouray,Ouray,1779,CO,38.0229399856287,08/20/1913
1,SB,0.06557641909984485,-71.8047337754652,0.8,Massachusetts,835989,8,138,683869,Rollstone Bank & Trust,Fitchburg,17797,MA,42.5841028441601,02/12/1846
1,SM,0.8976703069436454,-71.119072218947,8.11,Massachusetts,22181187,151,50901,18436774,Beacon Bank and Trust,Brookline,17798,MA,42.333448944769,01/01/1871
1,NM,-1.126814545106118,-84.5603680073099,-23.99,Georgia,51409,2,-147,44988,Talbot State Bank,Woodland,178,GA,32.7875649988593,11/25/1907
1,NM,1.013981707674335,-104.311244005482,16.43,Colorado,418389,4,1060,338241,Farmers State Bank of Calhan,Calhan,1780,CO,39.0334670101448,08/16/1916
1,NM,0.301550378155866,-123.26150802116,2.84,Oregon,810448,14,619,686159,Citizens Bank,Corvallis,17809,OR,44.56246698022,10/05/1957
1,NM,1.3099207384316591,-89.7380720217424,15.88,Illinois,191974,3,634,169380,First State Bank Shannon-Polo,Shannon,1781,IL,42.1544179889161,01/14/1930
1,N,1.0231421147635198,-96.6409159622346,10.1,Texas,359936,4,948,292311,First National Bank in Port Lavaca,Port Lavaca,17811,TX,28.6158430057652,11/13/1957
1,NM,1.8960555273404436,-100.277180975973,19.73,North Dakota,84624,1,378,76527,Bank of Hazelton,Hazelton,17813,ND,46.4848173354103,08/22/1903
1,NM,1.2829474896171718,-98.7157529959063,8.73,Nebraska,25150,1,78,21483,Boelus State Bank,Boelus,17825,NE,41.07234601447,01/01/1900
1,NM,2.3586066670233827,-89.3486969961546,12.22,Missouri,184995,2,1102,147455,Citizens' Bank of Charleston,Charleston,17830,MO,36.9230550001017,01/20/1958
1,SM,1.9063625849717523,-96.3168150076255,17.46,Kansas,295001,3,1432,260325,Kaw Valley State Bank and Trust Company,Wamego,17832,KS,39.2094150181904,03/03/1913
1,SB,1.6840604708937426,-75.552011027724,13.64,Delaware,22016606,95,91012,18771781,"Wilmington Savings Fund Society, FSB",Wilmington,17838,DE,39.747864999691,02/18/1832
1,NM,1.9249229842580449,-92.2845220343603,18.04,Louisiana,149038,3,767,130424,Vermilion Bank & Trust Company,Kaplan,17841,LA,30.0015200022615,03/08/1958
1,NM,1.4407980988124818,-94.73593760968,11.87,Texas,4461113,22,15923,3888893,Texas Bank and Trust Company,Longview,17842,TX,32.4960687675029,03/04/1958
1,NM,1.5195080673960089,-87.955855023095,18.15,Illinois,680425,13,2569,616794,Longview Bank,Ogden,1786,IL,40.113706993923,09/01/1899
1,NM,0.9175934565334581,-92.9922859990002,13.77,Minnesota,462265,6,1083,363600,Sterling State Bank,Austin,17863,MN,43.6660459887544,05/01/1958
1,NM,0.31757529127915607,-71.1190163954715,3.12,Massachusetts,6912673,21,5498,5516825,Cambridge Savings Bank,Cambridge,17870,MA,42.3731794172773,04/02/1834
1,N,0.06485673148016033,-108.556753987706,0.69,Colorado,156039,1,25,136876,"First National Bank, Cortez",Cortez,17872,CO,37.3506830201255,05/31/1958
1,NM,0.09322786930618072,-90.0698760291887,0.86,Louisiana,103811,4,24,91016,Bank of Louisiana,New Orleans,17878,LA,29.9512450117391,07/01/1958
1,NM,1.3795974192013796,-98.1230370225958,11.1,Texas,303793,6,1044,248994,Freedom Bank,Alamo,17881,TX,26.1902369867034,07/12/1958
1,SI,0.5641016369138118,-69.7797532238903,4.29,Maine,1828069,8,2574,1396350,Kennebec Savings Bank,Augusta,17897,ME,44.3115493861546,03/19/1870
1,SM,1.4119452848428813,-90.6651619778318,9.33,Iowa,444535,4,1550,342998,Maquoketa State Bank,Maquoketa,17903,IA,42.0705870129497,09/02/1958
1,NM,1.8023117591785442,-92.0807830300558,18.48,Louisiana,258149,9,1194,222885,American Bank & Trust Company,Opelousas,17906,LA,30.5329829969131,09/22/1958
1,N,0.922972345129294,-102.889314984386,9.81,Texas,163850,2,370,148139,First National Bank of Fort Stockton,Fort Stockton,17913,TX,30.8943359790809,10/01/1958
1,NM,1.1774294069706122,-100.159767913567,13.58,North Dakota,108984,1,307,98617,Strasburg State Bank,Strasburg,17922,ND,46.1337503697949,11/12/1958
1,NM,1.7224557465319805,-96.781703018016,19.6,Kansas,273901,12,1174,223387,Vintage Bank Kansas,Leon,17927,KS,37.6880749909617,05/01/1902
1,NM,1.28516787080323,-94.3423370152443,13.93,Missouri,881614,8,2835,742230,Blue Ridge Bank and Trust Co.,Independence,17933,MO,39.0373914591211,09/08/1958
1,NM,1.5990892274082198,-86.5778529581511,12.36,Kentucky,802645,5,3206,659840,Franklin Bank & Trust Company,Franklin,17937,KY,36.725160990248,12/01/1958
1,SI,0.2566047730976516,-72.669491205676,1.97,Connecticut,9017093,51,5774,7129248,Liberty Bank,Middletown,17943,CT,41.536091152363,05/15/1825
1,NM,1.6742788266643605,-95.3975690041657,18.67,Texas,466521,3,1936,421329,First State Bank,Clute,17950,TX,29.0276449867653,10/16/1958
1,SI,1.1490858971289835,-71.6453350389587,13.3,New Hampshire,908169,9,2622,771478,Franklin Savings Bank,Franklin,17951,NH,43.4445500063918,06/30/1869
1,NM,1.7744278604751533,-108.501432001824,12.29,Colorado,451276,4,1994,354575,The Dolores State Bank,Dolores,17959,CO,37.4739650159487,01/05/1959
1,SI,0.528984037149958,-71.5367510037202,5.93,New Hampshire,1390762,9,1835,1139375,Merrimack County Savings Bank,Concord,17960,NH,43.2065200075538,01/01/1867
1,NM,1.815198645507818,-113.062602026883,16.11,Utah,2669355,17,11958,2341497,State Bank of Southern Utah,Cedar City,17964,UT,37.6838210074621,11/25/1957
1,NM,0.4153615104054924,-85.6408525023758,9.25,Alabama,115150,2,121,108782,The Commercial Bank Of Ozark,Ozark,17975,AL,31.4573107645782,04/02/1959
1,NM,1.2587122302639948,-98.8781750848881,14.08,Texas,291040,2,940,263317,Castroville State Bank,Castroville,17979,TX,29.356330171859,04/02/1959
1,NM,-0.5467748825288338,-97.256341025818,-2.32,Kansas,12541,1,-16,9547,The Walton State Bank,Walton,17982,KS,38.11810400715,05/27/1907
1,NM,1.15662756131769,-157.861247024434,10.11,Hawaii,24266808,49,69723,20790881,First Hawaiian Bank,Honolulu,17985,HI,21.3077190012241,01/01/1858
1,NM,0.32383067999506354,-92.073778022115,3.14,Iowa,210024,5,164,177807,Keystone Savings Bank,Marengo,17993,IA,41.792365997933,04/27/1935
1,NM,1.4848502516860047,-95.1281820121818,12.17,Kansas,52243,1,191,44760,Bank of Greeley,Greeley,17995,KS,38.3668140174667,01/01/1888
1,SM,0.9484241331720978,-71.4716159885151,8.23,New Hampshire,2811973,21,6593,2437963,Bank of New Hampshire,Laconia,18012,NH,43.5279589954428,07/02/1831
1,SM,0.4090186542103717,-72.2519117536437,4.84,New Hampshire,2995084,26,3061,2663327,Mascoma Bank,Lebanon,18013,NH,43.6428892161833,01/01/1899
1,NM,1.9931893097359776,-95.2409750200999,23.11,Kansas,270568,6,1325,240960,Patriots Bank,Garnett,18019,KS,38.2812230094714,01/01/1899
1,SI,0.6303214903836337,-72.1747890171477,5.5,New Hampshire,416530,6,656,358355,Sugar River Bank,Newport,18028,NH,43.3650000036531,01/01/1895
1,SI,0.792509552358895,-72.4274049943441,10.46,New Hampshire,848942,7,1672,776682,Savings Bank of Walpole,Walpole,18030,NH,43.1053920104659,07/21/1875
1,NM,0.7911661673714596,-91.3579199888547,11.6,Missouri,156389,5,308,145557,Security Bank of the Ozarks,Eminence,18033,MO,37.1476710201929,06/29/1959
1,SI,0.34770604324714866,-72.3374079970351,3,New Hampshire,619715,4,539,461690,Claremont Savings Bank,Claremont,18038,NH,43.3700840051146,04/15/1907
1,SM,0.9754082482198825,-157.862104996043,13.31,Hawaii,23875947,52,58547,21033635,Bank of Hawaii,Honolulu,18053,HI,21.3087490113958,01/01/1897
1,NM,2.220096863506427,-111.983678001903,15.22,Idaho,2255917,17,12532,1905105,The Bank of Commerce,Ammon,18059,ID,43.4696390123431,08/01/1959
1,NM,1.0718846388086678,-98.8812990202016,9.85,Oklahoma,128915,2,341,113936,COREBANK,Waynoka,18063,OK,36.5847910179686,07/20/1959
1,NM,0.5067300079176564,-91.9860230162675,3.85,Iowa,87303,1,108,75678,The Watkins Savings Bank,Watkins,18071,IA,41.89157399437,01/01/1892
1,NM,1.2245957495352473,-89.6135720096592,15.16,Illinois,425891,9,1315,388364,Better Banks,Peoria,1808,IL,40.8127029849275,01/01/1898
1,NM,0.8055396340991123,-97.8341610160815,5.04,Kansas,32909,1,65,27600,Marquette Farmers State Bank of Marquette,Marquette,18094,KS,38.5545730071862,07/26/1906
1,NM,1.4633705607698468,-95.68859102935,25.53,Kansas,1320825,13,4778,1086086,CoreFirst Bank & Trust,Topeka,18100,KS,39.0126270004607,11/30/1959
1,NM,1.476134211676351,-99.6344540080216,11.44,Kansas,57757,1,228,49413,"The Farmers State Bank of Bucklin, Kansas",Bucklin,18101,KS,37.5500219862675,01/01/1909
1,NM,1.610461148603199,-94.9736079829622,15.04,Kansas,212601,3,823,134586,TriCentury Bank,De Soto,18109,KS,38.9723999840079,03/13/1909
1,NM,2.345814730890898,-100.59024997083,24.32,Kansas,445915,8,2614,391694,Bank of the Plains,Plains,18118,KS,37.260649016714,01/01/1906
1,NM,2.2294264058926974,-95.5517009718119,11.66,Kansas,179215,3,992,143674,"The Farmers State Bank of Aliceville, Kansas",Westphalia,18120,KS,38.1542969812426,01/01/1908
1,SM,0.5285334316488031,-71.283794469798,5.27,Rhode Island,3068942,20,4014,2456888,BankNewport,Middletown,18129,RI,41.498878687387,01/01/1819
1,N,0.5664776488874816,-81.8124720276391,5.12,Florida,88130,1,123,77002,First National Bank of Wauchula,Wauchula,18136,FL,27.5518339907526,01/12/1960
1,NM,0.7130281448359019,-83.410508019575,7.8,Georgia,722444,7,1298,639720,Oconee State Bank,Watkinsville,18143,GA,33.86439400905,02/01/1960
1,NM,1.3583880461851936,-101.234822672365,13.03,South Dakota,81514,1,285,72399,State Bank of Eagle Butte,Eagle Butte,18145,SD,44.9924050418477,02/01/1960
1,NM,1.0649481237716532,-93.8466870011048,13.64,Texas,264254,3,699,218646,Bridge City State Bank,Bridge City,18155,TX,30.0332509959271,02/27/1960
1,NM,1.3590078457172594,-106.911023960873,8.74,Montana,99274,2,346,82117,Garfield County Bank,Jordan,18164,MT,47.3203549847567,03/14/1960
1,NM,2.8435345134001566,-96.0269960370041,23.96,Kansas,124748,4,900,89584,The Stockgrowers State Bank,Maple Hill,18165,KS,39.0831960034944,01/01/1906
1,NM,1.818576365917042,-89.9115660180857,13.7,Illinois,377302,2,1718,325095,Bank of O'Fallon,O'Fallon,18171,IL,38.5846899815764,03/28/1960
1,N,1.6055891282628305,-96.470326965894,14,Texas,1676292,18,6621,1422045,Community National Bank & Trust of Texas,Corsicana,18185,TX,32.093246989927,01/01/1934
1,SI,0.7735619064706556,-73.4532149943771,8.09,Connecticut,3302130,26,6381,2521091,Union Savings Bank,Danbury,18190,CT,41.3944700133961,07/01/1866
1,SI,0.872497017352283,-72.680223981235,8.75,Connecticut,1473506,13,3194,1302186,Ascend Bank,Guilford,18194,CT,41.282111984343,12/06/1875
1,SM,0.8511482976488719,-73.054779382914,7.04,Connecticut,2769160,37,5853,2259561,Ion Bank,Naugatuck,18198,CT,41.491264189357,01/01/1870
1,SI,0.7256695595266919,-73.3100159621379,8.51,Connecticut,1925047,19,3443,1632120,Newtown Savings Bank,Newtown,18199,CT,41.414317019011,10/01/1855
1,SI,0.8154724469597194,-72.1267740391785,7.45,Connecticut,1220818,14,2462,940963,Dime Bank,Norwich,18200,CT,41.5061760142009,01/01/1869
1,SI,0.24323413672416172,-73.534370089664,3.07,Connecticut,2359213,14,1414,1770464,First County Bank,Stamford,18204,CT,41.059219660731,06/20/1851
1,NM,1.1556437915880708,-87.3206980374272,8.07,Indiana,190462,3,569,152210,Fowler State Bank,Fowler,1821,IN,40.6174349834292,12/14/1931
1,SI,0.5976687451451892,-73.4919549773875,4.69,Connecticut,1887262,17,2844,1427421,Fairfield County Bank,Ridgefield,18213,CT,41.2955140188781,05/14/1871
1,N,1.2359938613727,-73.544053786222,10.78,Connecticut,85527350,194,261896,69386441,"Webster Bank, National Association",Stamford,18221,CT,41.066004350347,01/01/1870
1,SI,2.500780731049089,-72.3031199780773,5.35,Connecticut,507645,3,3073,225735,Stafford Savings Bank,Stafford Springs,18227,CT,41.9540360206524,07/16/1872
1,SI,0.4870850705555845,-73.0609980006986,7.05,Connecticut,1234701,15,1485,1064485,Northwest Community Bank,Winsted,18229,CT,41.921291990169,07/15/1875
1,SI,0.63739559499372,-71.9812969732942,4.47,Connecticut,484363,7,772,389657,Jewett City Savings Bank,Jewett City,18237,CT,41.6064229894459,06/23/1873
1,SI,0.9881513440232301,-72.0511540174722,6.37,Connecticut,1737451,14,4315,1184326,Chelsea Groton Bank,Groton,18238,CT,41.347106015937,01/01/1854
1,SI,1.0438212377434553,-73.0747589902369,11.44,Connecticut,1907111,16,4974,1666074,Thomaston Savings Bank,Thomaston,18258,CT,41.6724619929085,10/01/1874
1,NM,1.7796132452686089,-71.1373091447806,12.3,Massachusetts,3267182,14,14313,2721960,Northern Bank & Trust Company,Woburn,18266,MA,42.5028253730865,02/25/1960
1,SM,1.332032932807271,-93.562179893983,11.64,Iowa,1740134,10,5755,1313222,Community State Bank,Ankeny,18272,IA,41.761679934227,07/15/1960
1,NM,0.9105318651239761,-95.1504371467082,7.9,Iowa,216251,3,489,162066,Farmers Savings Bank,Fostoria,18284,IA,43.2417169699917,08/24/1916
1,SM,0.8060557521895264,-85.6509429615228,6.72,Indiana,58114,1,117,50815,The Fairmount State Bank,Fairmount,1829,IN,40.4157339969723,12/18/1902
1,N,0.7965190003438901,-157.863604015607,7.62,Hawaii,883480,10,1769,784609,Hawaii National Bank,Honolulu,18296,HI,21.3108640170241,09/16/1960
1,NM,1.3029016325677334,-95.2921260033232,10.66,Texas,8797882,58,28186,6879227,Southside Bank,Tyler,18297,TX,32.3361679969058,10/03/1960
1,NM,0.6439037363914095,-82.9004910042977,6.45,Georgia,148123,1,230,131991,The Merchants & Citizens Bank,Mcrae,183,GA,32.0669309990792,02/23/1929
1,NM,1.1791278542576868,-101.996325,6.79,Texas,156620,5,447,128659,First State Bank,Shallowater,18301,TX,33.6917,10/08/1960
1,NM,-1.3221715230122517,-96.3262849656522,-5.27,Texas,57827,2,-184,42275,Producer Bank of Texas,Powell,18302,TX,32.1178550003645,01/01/1910
1,NM,1.0735933352590439,-86.380970015368,12.13,Indiana,855705,11,2309,696434,State Bank,Brownsburg,1833,IN,39.8518029879089,12/01/1910
1,NM,1.4439519093894206,-94.5759109848067,15.58,Texas,942084,8,3336,842469,UBank,Huntington,18344,TX,31.2765790108948,01/23/1961
1,NM,0.38459528438826845,-96.8022570371638,3.91,Texas,1880365,6,1803,1615206,North Dallas Bank & Trust Co.,Dallas,18355,TX,32.9238780042733,03/20/1961
1,NM,1.7397146443662594,-95.8548970408062,14.68,Iowa,197129,2,861,172611,Citizens State Bank,Sheldon,18356,IA,43.1817760007371,03/15/1961
1,NM,0.4991797449948518,-91.2202649988328,6.98,Wisconsin,524341,8,666,426700,Coulee Bank,La Crosse,18361,WI,43.7957310042324,02/27/1961
1,NM,1.388962233977364,-100.906549971973,12.84,Kansas,1008157,5,3485,739166,Security State Bank,Scott City,18374,KS,38.482116986291,04/21/1961
1,NM,2.3784108051838064,-92.79120598584,21.63,Minnesota,113109,1,674,97874,Security State Bank of Wanamingo,Wanamingo,18378,MN,44.3034329797623,12/05/1917
1,NM,1.2593779693948461,-93.7177890044254,11.51,Missouri,142613,1,444,126661,First Independent Bank,Aurora,18380,MO,36.9635770176368,01/01/1906
1,NM,1.2336602772149403,-92.114492027142,10.92,Iowa,443315,7,1376,353912,Northeast Security Bank,Sumner,18384,IA,42.847860005148,01/01/1888
1,NM,1.9654644264933407,-92.951834477348,18.12,Missouri,583624,11,2844,499377,Regional Missouri Bank,Marceline,18385,MO,39.702757869431,05/13/1908
1,NM,3.06081654664632,-104.228080019461,32.56,New Mexico,896865,12,6747,815198,Western Commerce Bank,Carlsbad,18389,NM,32.419369994858,06/03/1961
1,NM,0.7148175725986596,-86.4996539924758,8.56,Indiana,169347,4,306,153813,Community State Bank,Royal Center,1839,IN,40.8647989858244,05/22/1930
1,NM,1.367964027612607,-92.9168669753321,9.04,Iowa,144982,3,486,121621,Farmers Savings Bank,Marshalltown,18394,IA,42.0495289899639,04/01/1894
1,NM,0.7692078638248496,-94.677912040929,6.79,Iowa,517630,4,1001,392497,Iowa Trust & Savings Bank,Emmetsburg,18400,IA,43.111251002695,07/01/1929
1,NM,1.3305143242259048,-90.5715549786443,13.65,Illinois,1955338,19,6426,1572309,Blackhawk Bank & Trust,Milan,18402,IL,41.451034993609,06/28/1961
1,SI,0.2537450161700189,-68.7716867070513,3.53,Maine,7422800,73,4687,5715547,Bangor Savings Bank,Bangor,18408,ME,44.7954299509504,02/14/1852
1,N,0.7266712335522392,-75.6560460364707,5.04,Delaware,345610767,1051,628388,282545575,"TD Bank, National Association",Wilmington,18409,DE,39.7223379973892,01/01/1852
1,NM,1.6863543139846198,-89.4674790415296,17.22,Illinois,5281633,49,22514,4558279,Morton Community Bank,Morton,18429,IL,40.6179089800538,08/26/1961
1,NM,0.747179304259673,-87.3788189922361,9.13,Indiana,215752,4,398,195580,The Farmers and Merchants Bank,Boswell,1843,IN,40.5163820043748,04/23/1903
1,NM,2.731633701621804,-97.6088049996685,37.1,Kansas,614297,8,4127,561620,First Bank Kansas,Salina,18431,KS,38.8368859835141,06/30/1955
1,SM,1.434649947136054,-92.1163430028205,12.46,Iowa,813862,7,2914,715003,CUSB Bank,Cresco,18443,IA,43.3726189860015,04/01/1888
1,NM,0.896979515272952,-93.4345359976564,10.82,Iowa,120836,4,263,110974,Security State Bank,Radcliffe,18448,IA,42.3132219874827,10/14/1914
1,N,-0.6357560676923879,-91.665587887012,-11.39,Iowa,38192,4,-61,32632,GreatAmerica Bank National Association,Cedar Rapids,18463,IA,41.973415274161,03/01/1899
1,NM,2.181833400372474,-85.5121910318323,18.91,Indiana,432084,6,2346,365155,The Bippus State Bank,Huntington,1847,IN,40.8982410192947,06/23/1911
1,NM,1.6955163387655152,-98.7777860363842,27.65,Kansas,291246,4,1255,272644,First Kansas Bank,Hoisington,18474,KS,38.5140239999229,12/30/1961
1,NM,1.1522633744855968,-98.5423090395249,8.18,South Dakota,25576,1,77,21662,Andes State Bank,Lake Andes,18483,SD,43.1565989848024,02/05/1962
1,SM,1.4015147116717603,-101.719040033277,10.38,Nebraska,1328835,23,4677,1133476,Adams Bank & Trust,Ogallala,18489,NE,41.1271759826351,02/26/1962
1,SM,1.1609573191299096,-84.895072069436,14.96,Indiana,258826,4,740,235137,Wayne Bank and Trust Co.,Richmond,1849,IN,39.827573085123,01/01/1882
1,NM,1.528167901157805,-118.238782965689,12.12,California,24035136,67,92165,20697975,Cathay Bank,Los Angeles,18503,CA,34.0622759908728,04/19/1962
1,NM,1.0023456719491963,-92.2875720412878,7.27,Iowa,87042,2,219,74036,First Security State Bank,Evansdale,18508,IA,42.476757989487,04/23/1962
1,NM,1.7087590246560413,-107.758806025497,11.93,New Mexico,274362,3,1176,230578,First New Mexico Bank,Deming,18514,NM,32.2664490026731,04/30/1962
1,NM,1.2486709545996149,-95.0981289990099,15.69,Iowa,259424,6,803,190695,Westside State Bank,Westside,18518,IA,42.0754508910543,06/01/1907
1,NM,0.9018022310519582,-92.3882420007842,10.7,Arkansas,971958,11,2134,879732,First Service Bank,Greenbrier,18519,AR,35.2183610295038,05/07/1962
1,NM,0.4693683024753762,-92.6770840271735,4.71,Iowa,549785,8,650,477809,First Security Bank and Trust Company,Charles City,1852,IA,43.0667790132886,07/14/1903
1,N,0.26072926797910423,-96.749323474592,2.8,South Dakota,2734177,5,1777,2471235,"Sunrise Banks, National Association",Sioux Falls,18561,SD,43.49698865949,07/17/1962
1,N,1.6254788803476214,-87.850665993919,12.89,Illinois,427997,1,1703,339797,First National Bank of Brookfield,Brookfield,18564,IL,41.827803008178,07/23/1962
1,NM,0.9163341187366357,-87.8826359975536,15.22,Illinois,372207,3,841,314897,Peoples Bank of Kankakee County,Bourbonnais,18566,IL,41.1566879931636,06/20/1962
1,NM,0.518146286990508,-89.8441799589638,2.78,Illinois,44826,1,58,35811,Community Bank of Easton,Easton,18568,IL,40.2326949826594,08/01/1962
1,NM,1.0330770037519073,-89.659917647792,11,Wisconsin,1494913,12,3817,1200181,Peoples State Bank,Wausau,18569,WI,44.9587657092878,08/01/1962
1,SM,1.940109753874615,-91.4767720231213,19.68,Iowa,450245,4,2142,385317,Waukon State Bank,Waukon,1857,IA,43.2689309880458,01/01/1871
1,SM,1.777995620488481,-102.077575019597,13.89,Texas,543077,3,2376,438237,Bank of Texas,Midland,18576,TX,31.997758002019,08/04/1962
1,NM,1.2864669649700697,-84.6080310291648,12.62,Michigan,564421,11,1798,494000,Commercial Bank,Ithaca,18584,MI,43.2922579922212,08/29/1962
1,NM,2.7337944879089036,-95.8494819960787,17.42,Oklahoma,646939,3,4208,548933,First Bank of Owasso,Owasso,18592,OK,36.279112983625,09/08/1962
1,NM,1.6253317470485953,-92.5232689792864,11.35,Iowa,55824,1,222,47763,Montezuma State Bank,Montezuma,1860,IA,41.5852210072732,01/10/1891
1,NM,1.0290035679003697,-101.998106450799,12.77,Texas,1777199,13,4462,1388283,American Bank of Commerce,Wolfforth,18609,TX,33.5162898644923,09/11/1962
1,SM,1.5250381547499063,-95.425398012356,16.01,Kansas,430992,9,1655,387329,The Union State Bank of Everest,Everest,18610,KS,39.677084018326,08/05/1901
1,NM,-6.850020961317573,-118.258114987173,-63.9,California,7728868,8,-131902,6731415,SMBC MANUBANK,Los Angeles,18618,CA,34.0520369932298,10/29/1962
1,NM,1.0354661110658459,-83.3691541945193,9.74,Kentucky,216358,3,556,190731,Citizens Bank & Trust Co. of Jackson,Jackson,18620,KY,37.5580283495463,11/17/1962
1,NM,1.9078017751885163,-88.035698015259,11.57,Illinois,221508,1,1043,183096,First Bank and Trust Company of Illinois,Palatine,18641,IL,42.119906005505,12/20/1962
1,NM,0.7812267639564971,-95.5563499944081,7.2,Kansas,102474,2,197,85710,The Kansas State Bank Overbrook Kansas,Overbrook,1865,KS,38.7788760051033,01/01/1889
1,NM,2.405480598694344,-97.5742780126511,30.3,Texas,292746,4,1753,265939,Charter Bank,Corpus Christi,18660,TX,27.8396190087496,12/14/1962
1,NM,1.2898527566542413,-100.853447933147,10.93,Kansas,389065,3,1231,299453,"The Farmers State Bank of Oakley, Kansas",Oakley,1867,KS,39.125476418587,03/17/1907
1,NM,0.9025926113893757,-101.905715997287,7.1,Texas,259978,4,578,226483,Victory Bank,Lubbock,18677,TX,33.573512003558,01/01/1917
1,NM,1.8307207487666586,-97.876078997681,17.73,Kansas,642301,6,2933,568939,The Bank of Tescott,Tescott,1868,KS,39.0100820032,01/01/1887
1,SM,1.1917172010134456,-97.0392556847256,10.22,Kansas,661850,12,1962,576333,Union State Bank,Arkansas City,1869,KS,37.0612780317018,12/30/1908
1,NM,2.36448216036634,-100.466074003124,19.17,Texas,423330,4,2523,363345,Texas State Bank,San Angelo,18698,TX,31.4523769828735,02/16/1963
1,NM,2.7718329702640516,-104.978588002258,21.06,Colorado,261989,2,1810,209184,North Valley Bank,Thornton,18710,CO,39.8606440098307,02/25/1963
1,NM,1.519733271303404,-93.3131930294042,11.5,Minnesota,65168,1,245,53648,Grand Timber Bank,Mcgregor,18719,MN,46.6092370015612,03/18/1963
1,NM,1.5468529046780757,-97.6781280327952,14.17,Nebraska,33205,1,134,26973,Citizens State Bank,Carleton,18724,NE,40.2999069915618,02/01/1890
1,N,4.152200415970278,-80.190371004953,46.2,Florida,2162070,1,20201,1936193,"Newtek Bank, National Association",Miami,18734,FL,25.762347996124,04/01/1963
1,NM,0.9562913870691612,-94.661944347742,20.97,Kansas,1099845,6,2596,1019846,Bank of Labor,Overland Park,1874,KS,39.01360956906,09/02/1924
1,NM,1.840081293792224,-97.603112011032,16.49,Nebraska,901489,15,4235,768558,Heartland Bank,Geneva,18740,NE,40.525992987922,03/03/1899
1,NM,1.1864508736113453,-97.5666830025458,13.92,Nebraska,666840,6,1997,573949,Bruning Bank,Bruning,18748,NE,40.336495004751,09/01/1891
1,NM,0.7498429026313149,-96.2905039621007,7.38,Nebraska,200930,3,355,174433,Foundation One Bank,Waterloo,18761,NE,41.2830839917451,01/01/1905
1,NM,6.4757255877826605,-102.48902697232,56.35,Texas,319677,5,5081,278463,Sundown State Bank,Sundown,18780,TX,33.4609619870134,05/21/1963
1,NM,1.2995362079257933,-98.1454469627447,13.62,Nebraska,173130,3,566,156178,Cedar Rapids State Bank,Cedar Rapids,18820,NE,41.559783984702,05/25/1936
1,NM,1.3936503023491922,-91.7708879764056,17.68,Missouri,616678,6,2150,558701,Phelps County Bank,Rolla,18841,MO,37.9496399909023,08/01/1963
1,SM,1.306591025841467,-95.9227720163403,9.79,Oklahoma,181932,3,585,150622,Oklahoma Capital Bank,Tulsa,18856,OK,36.0468349820221,08/10/1963
1,SM,1.2965838831415055,-82.0951239681314,12.75,Ohio,366927,5,1172,325924,The Hocking Valley Bank,Athens,18858,OH,39.3321440179516,02/12/1919
1,NM,0.580057375240377,-90.047247991919,5.97,Missouri,126800,1,184,109722,Kennett Trust Bank,Kennett,18879,MO,36.236341011821,09/07/1963
1,N,1.5404446588387883,-105.503532013625,12.69,Wyoming,626225,3,2411,547526,First National Bank of Gillette,Gillette,18880,WY,44.2914580061526,09/10/1963
1,N,1.0377524398960312,-93.29789597229,14.1,Minnesota,311139,6,804,254710,Neighborhood National Bank,Mora,18885,MN,45.877597018088,09/26/1963
1,N,1.0420389652680153,-101.748469941327,10.73,Texas,65664,1,164,59408,Kress National Bank,Kress,18892,TX,34.3650731432218,09/17/1963
1,N,0.3383718924487775,-95.4532897757663,10.58,Texas,211211,2,179,203738,First National Bank of Lake Jackson,Lake Jackson,18895,TX,29.0439533245569,09/26/1963
1,N,0.7840490865415802,-87.9485180079697,8.38,Wisconsin,1969645,26,3898,1768019,Tri City National Bank,Oak Creek,18922,WI,42.929009987474,10/28/1963
1,NM,-6.587256936552942,-97.3960759851132,-192.66,Oklahoma,279372,1,-4420,269640,Old Glory Bank,Elmore City,18924,OK,34.6213519920694,01/01/1903
1,NM,1.047246846503352,-80.6660740173729,12.67,Florida,155890,1,412,141803,Bank of Belle Glade,Belle Glade,18930,FL,26.6828449986329,11/14/1963
1,N,2.3707652381286386,-94.6693309837344,16.37,Minnesota,28581,1,169,24420,St. Martin National Bank,Saint Martin,18937,MN,45.5016689959456,11/12/1963
1,NM,1.4891998955743975,-95.1288798635497,9.99,Texas,44622,1,164,38103,"The Bank of San Jacinto County, Coldspring, Texas",Coldspring,18942,TX,30.5912533444886,11/09/1963
1,NM,0.9467761098057473,-76.8380799595444,10.73,Maryland,863204,9,2054,712355,Farmers and Merchants Bank,Upperco,1895,MD,39.5438879912458,01/01/1919
1,NM,1.2115814180636926,-121.505876072452,12.91,California,6047747,9,17946,5386542,River City Bank,Sacramento,18983,CA,38.6110291064768,12/16/1963
1,NM,1.387653384795117,-95.951772982232,16.07,Minnesota,634126,12,2141,537424,First Independent Bank,Russell,1900,MN,44.319570993222,01/01/1903
1,NM,1.7692837321871935,-89.9695960292451,17.94,Missouri,663036,8,2968,527008,First Midwest Bank of Dexter,Dexter,19001,MO,36.8029450098066,01/15/1964
1,NM,1.1874236844911517,-87.807637996882,10.42,Illinois,3666225,27,10815,2743353,Parkway Bank and Trust Company,Harwood Heights,19008,IL,41.967591988839,01/22/1964
1,SM,0.9059394755918891,-82.105707559486,5.15,Virginia,357813,4,817,290736,Legacy Bank,Grundy,19011,VA,37.263178443253,01/21/1964
1,N,2.085148629078533,-94.0698170354915,31.95,Texas,330313,6,1717,306966,Commercial National Bank of Texarkana,Texarkana,19024,TX,33.4718170126303,02/05/1964
1,NM,2.164575883143176,-93.8581228136904,19.84,Minnesota,133054,1,715,117395,St. Clair State Bank (Incorporated),Saint Clair,1903,MN,44.082015002573,07/17/1907
1,SM,0.7430631670582973,-94.4278870402337,8.19,Minnesota,523895,4,972,447675,"Profinium, Inc.",Truman,1905,MN,43.8316629162695,05/12/1916
1,NM,1.6851109329056404,-94.7067538922149,13.42,Minnesota,94870,4,394,82021,Triumph State Bank,Trimont,1906,MN,43.761995660713,10/01/1901
1,N,0.8822586635867327,-90.5703329809803,8.81,Mississippi,392809,5,867,350036,First National Bank of Clarksdale,Clarksdale,19070,MS,34.2033360033312,04/01/1964
1,NM,0.8113987059296319,-95.211366030952,7.15,Minnesota,236231,2,477,208415,The Wanda State Bank,Wanda,1908,MN,44.316097993551,06/01/1932
1,N,1.5084921689427533,-96.8218349836868,13.89,Texas,4438460,12,16942,3852760,Inwood National Bank,Dallas,19080,TX,32.848926984169,04/09/1964
1,NM,0.26378472017165694,-97.6933720324623,2.89,Nebraska,100917,1,67,74158,Bank of Lindsay,Lindsay,19087,NE,41.6980589841018,04/15/1953
1,NM,0.9907754913142837,-76.1644880083224,10.06,Maryland,732308,9,1809,654198,Harford Bank,Aberdeen,19101,MD,39.5093540053392,05/01/1964
1,NM,0.31775232042812945,-88.9994359989648,2.49,Illinois,23569,1,19,20433,Peoples Bank of Macon,Macon,19105,IL,39.7103670051835,05/11/1964
1,SM,0.934811451051706,-101.296461020269,8.59,North Dakota,2324050,20,5413,1959495,First Western Bank & Trust,Minot,19123,ND,48.227010992461,05/11/1964
1,NM,1.4825669686138514,-93.1527793282423,10.8,Minnesota,293108,3,1080,252576,Castle Rock Bank,Castle Rock,1913,MN,44.5446572380814,08/16/1916
1,NM,1.6293482313498344,-90.5639899757523,11.57,Louisiana,681320,11,2775,577991,United Community Bank,Raceland,19143,LA,29.7026209997491,06/20/1964
1,NM,1.7827432555703424,-82.3856490302764,20.72,Georgia,514131,6,2289,450226,First State Bank,Wrens,19163,GA,33.2081680201032,07/06/1964
1,N,1.6819902860394549,-106.291276685098,19.99,Wyoming,1142793,8,4866,1037535,Hilltop National Bank,Casper,19184,WY,42.846850740186,07/27/1964
1,NM,1.6912005565292567,-90.4111982184028,16.22,Missouri,740886,11,3130,655963,First Midwest Bank of the Ozarks,Poplar Bluff,19212,MO,36.7632525296059,08/29/1964
1,N,1.5298067779469515,-96.0711939800862,15.64,Nebraska,1836211,14,6811,1540948,Security National Bank of Omaha,Omaha,19213,NE,41.24757598678,09/01/1964
1,SM,0.006912836176663929,-96.81869,0.09,Texas,1585603,8,27,1456606,Benchmark Bank,Plano,19215,TX,33.077795,08/29/1964
1,SM,0.6675484484703301,-104.95162802979,10.66,Colorado,2964249,32,4970,2664822,ANB Bank,Denver,19220,CO,39.7188880060422,09/01/1964
1,NM,1.173336904682187,-121.986044040875,15.03,California,5915963,23,17347,5269655,Fremont Bank,Fremont,19222,CA,37.548208980611,09/03/1964
1,N,0.910719617796357,-90.6479079977832,7.26,Illinois,53479,1,122,46220,Community National Bank in Monmouth,Monmouth,19230,IL,40.9145859819439,09/10/1964
1,NM,0.1801974999031582,-90.1062509743992,1.61,Louisiana,359330,5,157,317281,American Bank,Covington,19234,LA,30.4971359858742,09/14/1964
1,N,-0.5212051409297302,-94.9425979586982,-5.14,Minnesota,360782,5,-491,306134,Heritage Bank National Association,Spicer,19254,MN,45.22610898373,10/08/1964
1,NM,1.6514833394554604,-103.744107951321,15.2,Nebraska,368899,7,1523,327565,Banner Capital Bank,Harrisburg,19274,NE,41.5549796803013,10/10/1964
1,NM,0.9212041454186544,-96.6868180300513,16.41,Texas,145265,1,336,137091,Carmine State Bank,Carmine,19278,TX,30.1474879962148,07/01/1907
1,NM,1.3929766141296738,-81.9919470148124,16.91,West Virginia,361460,6,1256,330108,Logan Bank & Trust Company,Logan,19285,WV,37.8470640200409,11/24/1964
1,NM,1.6332761827712212,-94.770728039914,14.74,Oklahoma,1253608,11,4825,1107733,Firstar Bank,Sallisaw,19288,OK,35.458375003868,11/19/1964
1,NM,-1.8329436995890531,-94.7185709768527,-12.49,Minnesota,72377,2,-344,60355,Farmers State Bank of Trimont,Trimont,1929,MN,43.7618060055011,01/01/1912
1,NM,1.058880738096043,-93.360230006911,12.4,Minnesota,193734,3,509,175986,New Market Bank,Elko New Market,1931,MN,44.5735479819465,06/10/1905
1,NM,1.8690022210116077,-93.9205960249159,18.96,Minnesota,141486,1,669,126940,Citizens State Bank Norwood Young America,Norwood Young America,1933,MN,44.7707830065725,06/05/1914
1,NM,1.5129081234431774,-87.9819339737212,11.83,Illinois,2539080,20,9951,2194473,Republic Bank of Chicago,Oak Brook,19333,IL,41.8451470098668,12/01/1964
1,NM,-0.19819402051181062,-105.52127801139,-2.03,Colorado,157526,3,-78,141353,Bank of Estes Park,Estes Park,19351,CO,40.3779119999977,01/18/1965
1,NM,2.2226357008745072,-92.7242319810783,14.78,Louisiana,119904,1,657,101265,Hodge Bank & Trust Company,Hodge,19354,LA,32.2659719885634,01/26/1965
1,NM,1.2092951008432227,-96.6948629807191,11.92,Texas,975176,7,2900,873624,Round Top State Bank,Round Top,19358,TX,30.0668180035738,01/01/1912
1,NM,1.6393039325639447,-91.1949679959542,15.59,Missouri,341913,3,1416,305645,Community State Bank of Missouri,Bowling Green,1936,MO,39.3430070063765,01/26/1887
1,NM,0.7466168922071862,-92.224353967339,7.03,Missouri,147771,4,274,131756,Bank of Crocker,Waynesville,1937,MO,37.8112129856885,07/05/1911
1,SM,1.1454038982182493,-92.10827372364,8.98,Arkansas,1479703,21,4245,1270051,Relyance Bank,White Hall,19371,AR,34.2631025980317,02/11/1965
1,NM,1.0891695082499593,-105.06104899806,10.8,Colorado,158783,1,436,142393,Park State Bank & Trust,Woodland Park,19381,CO,38.9915349888576,03/01/1965
1,NM,1.0680041254670636,-98.7079220352266,13.21,North Dakota,596103,4,1596,510357,Unison Bank,Jamestown,19396,ND,46.9049709974346,03/15/1965
1,NM,1.6044160924162387,-95.2461210057354,15.65,Texas,694341,9,2743,614416,Capital Bank,Jacinto City,19401,TX,29.7729509928138,04/10/1965
1,NM,0.9256266678060793,-118.261855998198,6.62,California,5369932,20,12673,4546301,CTBC Bank Corp. (USA),Los Angeles,19416,CA,34.0478190100043,04/27/1965
1,NM,1.5162533969857073,-82.8116859974394,12.21,Georgia,395451,3,1436,342799,Citizens Bank of the South,Sandersville,19420,GA,32.9818099890751,05/03/1965
1,NM,0.6981752064807207,-121.28442678158,7.32,California,780102,8,1367,684849,BAC Community Bank,Stockton,19434,CA,37.9547832129088,05/21/1965
1,NM,1.089305078803395,-86.9568500141412,38.1,Alabama,245617,8,668,238298,First Financial Bank,Bessemer,19440,AL,33.4008839835417,05/17/1965
1,NM,1.6366125377643506,-89.0147970474388,15.63,Mississippi,841350,8,3467,714574,BNA Bank,New Albany,19448,MS,34.4954685474614,01/01/1896
1,NM,1.3629283489096573,-94.3503771694526,12.37,Missouri,115961,2,385,102878,Metz Banking Company,Nevada,1945,MO,37.8382775593719,09/14/1906
1,NM,1.2191236083073513,-89.7050479937834,12.37,Illinois,4165370,46,12578,3531625,United Community Bank,Chatham,19459,IL,39.6766500033795,07/12/1965
1,NM,1.0109037494585789,-92.2101422654557,12.16,Missouri,263759,6,671,240177,Alliant Bank,Madison,1946,MO,39.473504576801,02/20/1888
1,N,0.9371269171660158,-81.0973210079117,13.25,Ohio,1237314,22,2869,1110027,Consumers National Bank,Minerva,19482,OH,40.7328239924893,09/01/1965
1,N,2.107316527986465,-85.3205789650421,19.21,Tennessee,1365377,7,7165,1192924,First National Bank of Tennessee,Livingston,19502,TN,36.383874996744,10/25/1965
1,NM,1.2508843129245415,-89.716119984964,13.99,Illinois,1948394,17,6025,1681097,Bank of Springfield,Springfield,19506,IL,39.7585800056153,10/29/1965
1,NM,1.0483771686116181,-90.356232519427,8.84,Missouri,1051390,19,2757,913968,Royal Banks of Missouri,Saint Louis,19512,MO,38.673773728625,11/08/1965
1,SI,0.6213196596891358,-147.717903995755,3.83,Alaska,631474,5,988,521906,Mt. McKinley Bank,Fairbanks,19525,AK,64.8428270057043,12/03/1965
1,SI,0.8712819300364041,-67.4581739154915,7.9,Maine,2648458,16,5841,2258445,Machias Savings Bank,Machias,19531,ME,44.7152611123003,03/05/1869
1,SI,0.9305394992653012,-69.7211828314332,6.6,Maine,843493,13,1960,711867,Skowhegan Savings Bank,Skowhegan,19532,ME,44.7661221654928,10/02/1869
1,NM,1.5895024031762524,-96.3625429833133,16.47,Iowa,295241,4,1155,261789,Pioneer Bank,Sergeant Bluff,19540,IA,42.3999070014804,01/01/1907
1,NM,0.9272593681116825,-111.727603986732,10.9,Montana,282425,5,631,258431,Madison Valley Bank,Ennis,19544,MT,45.3485089937917,06/21/1965
1,NM,2.3131532704840803,-97.392093072362,18.72,Texas,2469605,20,14049,2018828,TexasBank,Fort Worth,19559,TX,32.681394113545,03/07/1966
1,NM,2.0993969162027692,-92.5789409934445,19.15,Missouri,243538,4,1278,213200,Citizens Bank of Eldon,Eldon,1956,MO,38.3510740186791,01/20/1905
1,NM,1.65261958562125,-87.6298930345242,15.93,Illinois,2858811,11,11883,2451882,Lakeside Bank,Chicago,19573,IL,41.8865119954043,04/01/1966
1,NM,0.9560873827887114,-96.787470270315,9.77,North Dakota,14816488,33,34969,12670338,Bell Bank,Fargo,19581,ND,46.87401646137,05/06/1966
1,NM,1.39779601037519,-92.5410690403269,14.06,Minnesota,101910,2,355,91513,Northern State Bank of Virginia,Virginia,19589,MN,47.5231540005296,05/19/1966
1,NM,1.5335609744326066,-82.412043978652,17.92,Georgia,329690,4,1271,300804,Altamaha Bank & Trust Company,Vidalia,19590,GA,32.2158720121793,05/16/1966
1,NM,1.4249508179288588,-99.2333979621685,15.86,Texas,114171,1,402,99323,The Commercial Bank,Mason,19595,TX,30.7484170192612,04/04/1966
1,N,1.0133003248589412,-94.581755350615,7.23,Missouri,3275311,80,8354,2731192,"Academy Bank, National Association",Kansas City,19600,MO,39.099594903691,06/15/1966
1,N,0.9876181977871781,-94.815105020448,10.73,Texas,998102,7,2464,901322,"HomeTown Bank, National Association",Galveston,19603,TX,29.286013003106,06/27/1966
1,NM,0.5363527048159789,-89.3934680099569,5.48,Wisconsin,1527658,10,2078,1247870,The Park Bank,Madison,19608,WI,43.0398959866911,07/18/1966
1,NM,2.7990675272139622,-99.504285985373,13.74,Texas,9892909,80,68739,6518558,International Bank of Commerce,Laredo,19629,TX,27.510086999978,09/02/1966
1,NM,1.1962978372102648,-91.4949419775488,14.49,Louisiana,451124,10,1373,405535,"Guaranty Bank & Trust Company of Delhi, Louisiana",Delhi,19638,LA,32.4560209980495,10/15/1966
1,SM,1.849578337444782,-94.2756990409809,21.99,Missouri,262558,2,1209,229109,Lamar Bank and Trust Company,Lamar,1964,MO,37.4954249931012,03/25/1925
1,SM,1.248939346358415,-90.1922314937254,15.61,Arkansas,558240,6,1735,511855,Fidelity Bank,West Memphis,19644,AR,35.1464010316289,11/04/1966
1,NM,1.567487660043597,-80.4673960062058,15.1,West Virginia,299450,2,1173,264341,The Citizens Bank of Weston,Weston,19674,WV,39.0385609860712,12/23/1891
1,NM,1.6959507271813608,-96.6794960185324,18.7,Oklahoma,339441,3,1447,295818,Citizens Bank of Ada,Ada,19679,OK,34.7730680018538,02/20/1967
1,NM,1.9669562946953105,-82.9019201864973,14.81,Georgia,70097,1,339,61048,The Security State Bank,Mcrae,19680,GA,32.0683108696665,02/01/1950
1,NM,1.4127200422703636,-81.5592770285715,14.73,West Virginia,325712,4,1143,246021,Community Bank of Parkersburg,Parkersburg,19681,WV,39.2679590076525,03/01/1967
1,NM,1.8072887358909007,-97.4642729933673,12.22,Kansas,186369,2,819,158246,Garden Plain State Bank,Wichita,19687,KS,37.6797689859196,12/21/1966
1,NM,1.1988718481204486,-88.9199410234205,11.62,Illinois,178916,5,534,159465,State Bank of Whittington,Benton,19689,IL,37.9982399838037,08/05/1919
1,NM,2.392689445292466,-70.2519474040027,21.64,Maine,5034096,9,29853,3695176,Northeast Bank,Portland,19690,ME,43.6576465674013,02/05/1872
1,NM,2.470452652010936,-86.8822659956674,24.72,Indiana,458664,7,2843,403057,Alliance Bank,Francesville,197,IN,40.98543699411,07/03/1930
1,NM,1.163931339941275,-97.370785017205,9.69,Texas,303038,9,881,262614,ValueBank Texas,Corpus Christi,19700,TX,27.705309990656,04/27/1967
1,NM,1.4133042529989095,-90.5386270072957,11.44,Iowa,783989,6,2754,608133,First Central State Bank,Dewitt,19716,IA,41.8248819987406,06/12/1967
1,SM,1.3171490818549643,-109.955107984112,13.12,Montana,158342,2,529,130676,Citizens Bank & Trust Company,Big Timber,1972,MT,45.8340210122215,01/01/1927
1,NM,2.0916475253115014,-82.9283360219227,16.47,Georgia,158983,3,815,137688,Farmers State Bank,Dublin,19720,GA,32.5353930110742,01/01/1934
1,SM,1.4065466853793445,-96.1603689641507,12.76,Nebraska,383986,2,1363,326580,"First Westroads Bank, Inc.",Omaha,19742,NE,41.2641400104687,08/15/1967
1,NM,0.3507144536288145,-93.9878130210507,5.45,Louisiana,155789,7,138,143238,"Citizens Bank & Trust Company of Vivian, Louisiana",Vivian,19744,LA,32.872132995572,09/14/1967
1,NM,0.9120364814592583,-90.3725010391197,8.03,Louisiana,177392,4,399,147426,South Lafourche Bank & Trust Company,Larose,19755,LA,29.5671890161779,10/13/1967
1,NM,1.0024505205663856,-89.6537981879217,13.2,Wisconsin,2058919,19,5183,1775232,IncredibleBank,Wausau,19772,WI,44.9671665555645,12/08/1967
1,SM,2.9892300235260736,-108.772083990635,22.88,Montana,1343203,10,10114,1128812,The Yellowstone Bank,Laurel,1978,MT,45.669734997521,05/26/1926
1,NM,0.68956655816344,-90.316211697793,8.9,Wisconsin,650667,9,1127,565305,AbbyBank,Abbotsford,19795,WI,44.945611443811,03/01/1968
1,NM,1.7093029970549172,-89.4145933191455,10.14,Illinois,69027,2,296,56916,Midland Community Bank,Kincaid,19796,IL,39.5866090180986,03/29/1968
1,NM,1.7346411977284462,-114.313810036664,20.23,Montana,210813,3,903,192066,Valley Bank of Kalispell,Kalispell,1980,MT,48.1959259920735,07/01/1911
1,NM,0.761509172724126,-91.23148099111,6.85,Louisiana,222052,2,429,195796,Plaquemine Bank & Trust Company,Plaquemine,19800,LA,30.2856070083965,04/01/1968
1,NM,1.1802176477165744,-101.002840018367,9.97,Nebraska,138737,4,409,105215,Hershey Bank,Hershey,19809,NE,41.158483983557,03/27/1968
1,N,0.884432732354802,-85.3467780283404,7.48,Georgia,73407,3,159,64573,Southeast First National Bank,Summerville,19819,GA,34.4814959980927,05/22/1968
1,SM,0.9283117343771774,-107.873676991031,7.84,Montana,193421,1,458,169405,The First State Bank of Malta,Malta,1982,MT,48.3601130164974,03/04/1903
1,N,2.527444349294357,-123.04062299572,17.11,Oregon,711907,2,4571,601413,"Pioneer Trust Bank, National Association",Salem,19827,OR,44.9406307073965,01/01/1924
1,NM,1.0516392027725034,-100.515823029222,13.01,Nebraska,183168,4,495,163954,Western Nebraska Bank,Curtis,1983,NE,40.6311919915635,12/20/1910
1,SM,0.9477842297792506,-70.1508007990899,5.28,Maine,764634,9,1825,606704,Franklin Savings Bank,Farmington,19836,ME,44.6696155307207,11/16/1868
1,NM,0.733678497419696,-96.6382329988471,7.12,Nebraska,1444197,10,2612,1201035,West Gate Bank,Lincoln,19850,NE,40.754215992407,09/03/1968
1,NM,1.469297357155397,-99.2228070084112,5.65,Nebraska,72803,1,272,51243,Commercial State Bank,Republican City,1986,NE,40.1025979966403,01/01/1903
1,NM,1.868981948306976,-96.6096217076339,14.8,Kansas,2586584,6,12217,2156560,KS StateBank,Manhattan,19899,KS,39.1904123216823,01/21/1969
1,NM,2.0791290652901617,-105.578533031781,25.77,New Mexico,421746,2,2170,382921,Centinel Bank of Taos,Taos,19904,NM,36.3975939929474,03/01/1969
1,NM,1.5387605782536924,-98.6078710288777,13.44,Nebraska,343823,5,1326,238733,Pathway Bank,Cairo,1992,NE,41.0006630145948,01/01/1910
1,NM,1.3749379368292405,-96.6447289738081,11.1,Nebraska,79615,1,270,69257,CerescoBank,Ceresco,1993,NE,41.0575059806264,09/01/1911
1,NM,0.7365459589560659,-73.9829057613308,7.28,New York,13986756,8,26163,11938804,Israel Discount Bank of New York,New York,19977,NY,40.7549478582828,01/01/1922
1,N,1.3953673664865875,-75.5178629865487,14.45,New Jersey,289737,5,1007,260370,The Pennsville National Bank,Pennsville,19978,NJ,39.6465300115042,06/23/1969
1,NM,2.078204954024663,-74.3000499877613,29.93,New Jersey,1794219,1,9503,1643045,Bessemer Trust Company,Woodbridge,20015,NJ,40.5529429859263,01/01/1907
1,N,-7.137129616183555,-80.316810002698,-76.92,Florida,73543,4,-1413,64791,Eastern National Bank,Miami,20026,FL,25.6806389827657,09/03/1969
1,NM,0.9663378525623258,-97.6359780401159,9.22,Oklahoma,614980,7,1460,550534,All America Bank,Oklahoma City,20093,OK,35.4638869853056,12/22/1969
1,NM,1.3917044891839911,-97.3536580229894,15.77,Texas,4272272,2,15261,2582186,Texas Exchange Bank,Crowley,20099,TX,32.5799100113008,01/05/1970
1,NM,1.1307943439438666,-85.6229299705582,10.86,Tennessee,385211,9,1085,339794,Tower Community Bank,Jasper,20100,TN,35.0737090153032,01/02/1970
1,NM,1.9269954322794176,-97.4259920033747,12.38,Nebraska,1203870,14,5796,750265,BankFirst,Norfolk,20130,NE,42.0330360029047,02/09/1970
1,NM,0.833127101950782,-97.4820489983456,9.91,Oklahoma,1059092,6,2184,953247,Kirkpatrick Bank,Edmond,20156,OK,35.6388479823428,03/23/1970
1,NM,2.2366869075182385,-106.775813972007,22.8,New Mexico,1166234,9,6464,1031768,Citizens Bank of Las Cruces,Las Cruces,20161,NM,32.3055680153452,04/06/1970
1,NM,1.1645267243953419,-112.009788971399,12.64,Montana,104062,2,312,92473,Ascent Bank,Helena,20162,MT,46.5894580150905,04/13/1970
1,NM,1.6878753830329232,-111.894176039795,18.12,Utah,4270088,9,17634,3453866,Sunwest Bank,Sandy,20164,UT,40.5692140201895,04/09/1970
1,NM,3.665307825803726,-83.072821089566,39.57,Michigan,875011,5,7202,684233,First Independence Bank,Detroit,20179,MI,42.370881434703,05/14/1970
1,NM,1.5300166247980438,-83.5949679760239,12.06,Georgia,589788,8,2287,510479,South Georgia Banking Company,Omega,20198,GA,31.3398260024096,06/14/1937
1,NM,1.3688487670933813,-97.3293660103015,10.57,Texas,2712157,28,9311,2345267,Pinnacle Bank,Fort Worth,20231,TX,32.7470260079703,08/10/1970
1,N,1.1874333313130365,-80.1943079848747,11.41,Florida,28626294,29,84122,22071798,City National Bank of Florida,Miami,20234,FL,25.7744209960915,08/12/1970
1,SM,1.1318191050504627,-87.8355459625998,39.4,Kentucky,142555,5,404,137814,Bank of Cadiz and Trust Company,Cadiz,20239,KY,36.8636470040603,08/07/1970
1,NM,1.8717501887271675,-93.33726099382,9.32,Minnesota,569609,1,2653,404273,Scale Bank,Edina,20268,MN,44.864816015989,10/08/1970
1,SM,0.8218512693368174,-94.6220507465267,11.46,Oklahoma,390201,6,791,360973,The Community State Bank,Poteau,20279,OK,35.0644762321995,10/19/1970
1,SM,1.2364772626971066,-87.7823789640248,10.06,Wisconsin,7008117,32,21941,5836686,Johnson Bank,Racine,20296,WI,42.7276459954342,11/12/1970
1,NM,1.3662547049871046,-111.059558005566,14.52,Montana,608481,6,2113,543255,American Bank,Bozeman,20311,MT,45.6789120080317,07/27/1970
1,NM,1.2459548361086386,-92.1379610207574,9.42,Louisiana,516302,9,1580,444300,Gulf Coast Bank,Abbeville,20353,LA,29.971480015652,02/01/1971
1,NM,2.477984771914396,-80.446575209435,16.66,North Carolina,985580,12,6044,831114,Farmers & Merchants Bank,Granite Quarry,2036,NC,35.614308466323,01/01/1909
1,NM,1.0790796532543414,-88.942425646327,8.47,Illinois,6769567,87,15967,5832174,Heartland Bank and Trust Company,Bloomington,20369,IL,40.481994659864,02/22/1971
1,SM,0.8689723586868318,-122.408303032819,7.39,California,1160267,11,2479,996322,Bank of the Orient,San Francisco,20387,CA,37.795198018567,03/17/1971
1,NM,1.6173131773500264,-86.0010394328529,14.74,Alabama,238487,7,959,211032,Liberty Bank,Geraldine,20429,AL,34.3671018287324,05/29/1971
1,NM,0.9598001512013936,-89.388696125998,9.04,Illinois,30240,1,73,26718,Citizens Bank of Edinburg,Edinburg,20454,IL,39.6572668432957,07/16/1971
1,NM,0.776643586265972,-85.7561952548544,11.8,Alabama,348344,3,680,323851,FirstState Bank,Lineville,20468,AL,33.3104927380265,08/24/1971
1,NM,2.2665078394127685,-108.542383969083,17.71,Montana,92942,1,528,80579,First Security Bank of Roundup,Roundup,20479,MT,46.4450529946224,09/03/1971
1,SM,1.5248749193756332,-78.1244919626622,16.48,Virginia,1402760,18,5278,1264502,Benchmark Community Bank,Kenbridge,20484,VA,36.9633680148811,09/08/1971
1,SM,1.5019542483583255,-98.3582860316887,20.29,Nebraska,2101863,16,7981,1907138,Five Points Bank,Grand Island,20488,NE,40.9406249928012,09/10/1971
1,NM,1.6398858414518789,-84.3765790222104,11.2,Georgia,28021961,177,113673,22689088,Ameris Bank,Atlanta,20504,GA,33.8483189855927,10/01/1971
1,NM,1.6042339829402348,-95.9245570264405,10.49,Oklahoma,319673,2,1289,264644,American Bank and Trust Company,Tulsa,20537,OK,36.0761099942383,11/05/1971
1,NM,0.8249799062798562,-79.1895479612004,8.92,North Carolina,559617,14,1156,494111,Lumbee Guaranty Bank,Pembroke,20568,NC,34.6774749945279,12/22/1971
1,NM,0.9606434459740915,-102.082928038241,13.85,North Dakota,197706,3,467,180794,State Bank & Trust of Kenmare,Kenmare,2057,ND,48.672789981902,01/01/1925
1,NM,1.6422568181263901,-87.632891157471,11.75,Illinois,9886789,55,40066,7834108,Byline Bank,Chicago,20624,IL,41.885387730731,03/01/1972
1,NM,2.8650023355997303,-112.734141979708,29.61,Montana,85304,1,621,76662,First Security Bank of Deer Lodge,Deer Lodge,20657,MT,46.3981129957354,04/10/1972
1,NM,2.4984176514561516,-83.1292759734808,16.67,Ohio,384184,2,2398,312545,The Fahey Banking Company,Marion,2068,OH,40.5892769855397,05/01/1865
1,NM,1.7741153298993748,-91.8201546196789,18.95,Louisiana,402597,10,1788,360456,Southern Heritage Bank,Jonesville,20698,LA,31.6272721825153,05/25/1972
1,SM,1.2403702329718682,-83.5789039747691,14.3,Tennessee,956143,17,3005,850926,Tennessee State Bank,Pigeon Forge,20720,TN,35.8166299927126,06/19/1972
1,N,0.7799761473608833,-96.822981041308,6.54,Texas,1199220,1,2271,913005,"Dallas Capital Bank, National Association",Dallas,20727,TX,32.9390220078356,06/26/1972
1,N,0.9958544259560143,-73.79386224495,7.73,New York,2212952,21,5432,1890588,"Pioneer Bank, National Association",Albany,20741,NY,42.725783536549,01/01/1889
1,NM,1.1270901342933914,-96.8634875942317,12.82,North Dakota,1063463,11,2996,915673,Border Bank,Fargo,20776,ND,46.8539766719816,08/21/1972
1,NM,1.816877603356926,-85.3906690261283,21.48,Tennessee,1653503,24,7377,1498829,Citizens Tri-County Bank,Dunlap,20818,TN,35.3717880162279,10/02/1972
1,NM,1.6942727647301197,-96.0635040030179,17.53,Texas,1398702,16,5911,1200595,Wallis Bank,Wallis,20845,TX,29.6316650042458,10/28/1972
1,NM,0.8954650355894007,-89.9806810123756,8.06,Louisiana,1106725,18,2476,963722,Liberty Bank and Trust Company,New Orleans,20856,LA,30.0309820147375,11/16/1972
1,NM,1.7522215785686739,-84.2894880307324,20.47,Kentucky,299247,6,1312,263305,Citizens Guaranty Bank,Richmond,20872,KY,37.7455559874631,11/29/1972
1,NM,0.7213455283740666,144.75397030121,9.86,Guam,3142342,16,5551,2867856,Bank of Guam,Hagatna,20884,GU,13.4747072751869,12/11/1972
1,N,0.6371025452059769,-77.0011068028403,6.07,District Of Columbia,734775,4,1193,653846,The National Capital Bank of Washington,Washington,2093,DC,38.8870458905059,08/30/1889
1,N,1.9405121922819286,-83.567328985579,20.28,Tennessee,1959788,21,9520,1748773,Citizens National Bank,Sevierville,20954,TN,35.8672069832064,02/05/1973
1,NM,1.9449085000250443,-109.67590402331,16.29,Montana,1370658,10,6601,1190820,Independence Bank,Havre,20989,MT,48.5515750053113,03/12/1973
1,SM,1.2231267679881412,-88.2433969659002,13.43,Tennessee,677813,5,2036,604024,The Hardin County Bank,Savannah,20993,TN,35.2259970061602,03/12/1973
1,NM,0.35119052586775273,-86.8015549736105,4.41,Indiana,303415,5,263,248612,Tri-County Bank & Trust Company,Roachdale,210,IN,39.8522540181187,10/07/1892
1,N,1.4034972238092618,-79.0517000197674,14.62,South Carolina,1940788,16,6823,1618302,The Conway National Bank,Conway,2102,SC,33.8327990117636,01/01/1914
1,NM,1.2224628721134252,-82.4654719896919,12.89,Florida,3065066,13,9155,2759550,The Bank of Tampa,Tampa,21031,FL,27.937732999184,03/30/1973
1,NM,1.0814349810325241,-88.1324166431637,7.22,Alabama,129427,5,351,108166,"First State Bank of the South, Inc.",Sulligent,21050,AL,33.9014861239148,04/20/1973
1,N,1.1468351635506433,-80.4115158751342,10.35,South Carolina,310358,8,883,273618,First National Bank of South Carolina,Holly Hill,2107,SC,33.3196679565425,09/15/1905
1,NM,1.2045175762048486,-94.785197970823,11.62,Texas,953152,13,2844,825251,Texas Bank,Henderson,21074,TX,32.1653010147462,05/05/1973
1,NM,1.137470255421092,-91.3834070094784,10.22,Mississippi,563128,13,1590,485049,United Mississippi Bank,Natchez,21083,MS,31.5381640016745,05/14/1973
1,NM,0.9573273788228328,-90.5916560397444,7.1,Wisconsin,80553,3,194,67996,Bank of Ontario,Ontario,21085,WI,43.7239739921521,09/23/1911
1,NM,2.370207332541083,-100.855705012034,24,Kansas,824768,9,4889,740144,The Western State Bank,Garden City,21121,KS,37.9743370171517,06/19/1973
1,NM,1.3134078703022098,-84.4985160159406,14.86,Kentucky,415191,5,1327,350091,Bank of the Bluegrass and Trust Company,Lexington,21161,KY,38.0452009793582,04/10/1972
1,NM,0.40087666462516514,-83.2596589919458,4.26,Kentucky,100300,3,99,88492,"Bank of the Mountains, Inc.",West Liberty,21219,KY,37.9196319812534,09/15/1973
1,NM,1.02626862744742,-83.9691020194297,9.14,Tennessee,556372,7,1413,472985,CBBC Bank,Maryville,21227,TN,35.7575830052409,09/24/1973
1,NM,1.231020013375506,-88.6346513820459,16.43,Kentucky,594932,11,1820,519456,"First Kentucky Bank, Inc.",Mayfield,21247,KY,36.7398812816959,01/01/1899
1,SM,1.803585175409656,-95.1533443287709,16.69,Oklahoma,56179,1,246,49652,Lakeside Bank of Salina,Salina,21255,OK,36.2929572946712,10/09/1973
1,NM,1.1467958821153816,-80.2577940282681,10.82,Florida,5549791,1,15792,4593206,Bradesco Bank,Coral Gables,21265,FL,25.7447030002925,10/12/1973
1,NM,0.981345377117507,-87.2138710167324,10.25,Florida,142605,2,352,128499,Bank of Pensacola,Pensacola,21284,FL,30.407422003526,10/26/1973
1,NM,1.6535511252606383,-84.7359869837463,26.57,Georgia,1204901,33,4892,1120430,PeoplesSouth Bank,Colquitt,21292,GA,31.1703129909794,10/19/1973
1,NM,1.4774934175882044,-97.3235239914262,14.07,Texas,598478,6,2192,521801,NBT Financial Bank,Fort Worth,21329,TX,32.7960709961113,11/29/1973
1,NM,0.1772238940342893,-86.792572004158,2.06,Tennessee,282747,2,125,254602,Sonata Bank,Brentwood,21342,TN,36.033177006074,01/01/1890
1,SM,0.921461897356143,-91.3987536874594,6.25,Arkansas,103519,3,237,87840,First Naturalstate Bank,Mcgehee,21379,AR,33.6322356172056,01/02/1974
1,N,1.0641571582294593,-82.4083970125804,13.24,Georgia,2342102,25,6056,2111006,Queensborough National Bank & Trust Company,Louisville,2138,GA,32.9997729943133,01/01/1902
1,SM,1.391028507310324,-91.6934489978913,19.18,Iowa,596406,5,2061,501567,Washington State Bank,Washington,214,IA,41.2986999802751,04/18/1932
1,NM,-1.2180030867201515,-111.833327948969,-6.26,Utah,71638,1,-219,57152,Redemption Bank,Salt Lake City,21448,UT,40.665630423774,02/20/1974
1,NM,3.1419492256487955,-83.6831290012613,23.37,Georgia,160429,1,1252,137561,Bank of Monticello,Monticello,2145,GA,33.3040090060346,01/01/1909
1,SM,-0.37961845863740545,-97.186193,-2.49,Texas,165381,2,-153,134922,Fidelity Bank of Texas,Waco,21455,TX,31.592013,03/01/1974
1,NM,1.4794685990338163,-88.5464109799575,11.08,Illinois,239757,2,882,200935,Crossroads Bank,Effingham,21486,IL,39.1026229919412,03/12/1974
1,NM,1.317826740419882,-93.5845029976147,17,Minnesota,243072,7,799,221495,Cornerstone State Bank,Montgomery,21525,MN,44.441985001062,04/08/1974
1,NM,1.588585166336232,-84.3294149750515,7.51,Georgia,162703,2,636,126140,West Central Georgia Bank,Thomaston,21526,GA,32.8998959962744,04/15/1974
1,NM,1.036960225168506,-91.7733390125322,9,Louisiana,135314,3,350,119019,Bank of Oak Ridge,Oak Ridge,21529,LA,32.6237339957728,10/01/1910
1,NM,1.206039151493742,-82.8097539687575,9.88,Georgia,206660,1,606,179133,The Geo. D. Warthen Bank,Sandersville,2154,GA,32.9849280151468,01/01/1871
1,NM,1.2979035486511237,-114.311227991391,12.24,Montana,306105,3,1001,272084,Three Rivers Bank of Montana,Kalispell,21557,MT,48.2030750011108,05/01/1974
1,N,1.7577313682091564,-96.875728022715,16.72,Texas,722733,3,3126,611481,"American Bank, National Association",Dallas,21567,TX,32.8588229943341,05/02/1974
1,NM,-0.31298184245046373,-84.7894370391916,-19.48,Georgia,88090,2,-68,86286,First State Bank of Randolph County,Cuthbert,2157,GA,31.7735819899354,10/03/1900
1,NM,1.6897106495377594,-82.5577440031607,18.52,Tennessee,2120392,25,8796,1852587,Bank of Tennessee,Kingsport,21573,TN,36.5458820138806,05/13/1974
1,SB,1.3689359919721953,-73.8662597601611,15.15,New York,3181793,19,10830,2779134,The Bank of Greene County,Catskill,21591,NY,42.2206129795968,05/18/1974
1,N,2.338799357492101,-82.0162500077934,12.54,Georgia,226697,2,1325,182027,The First National Bank of Waynesboro,Waynesboro,2160,GA,33.0910540153697,01/01/1905
1,NM,2.2382289546500047,-117.394759011173,19.22,California,974149,7,5453,852684,HCN Bank,Riverside,21606,CA,33.9548360015987,06/03/1974
1,NM,0.5834372900873237,-87.8757650162446,4.77,Illinois,78708,1,114,68217,The Bank of Bourbonnais,Bourbonnais,21635,IL,41.1640939913523,06/21/1974
1,NM,0.9690635125956627,-85.5158209826405,13.97,Florida,117984,1,280,109193,Peoples Bank of Graceville,Graceville,21692,FL,30.9541579992297,07/12/1974
1,NM,1.6497641176304416,-96.4702570608213,11.8,Texas,394784,2,1606,320478,Lakeside Bank,Rockwall,21693,TX,32.8955519073156,07/12/1974
1,NM,1.9751940981282818,-93.0172110130159,20.18,Minnesota,1181367,8,5748,1032773,Premier Bank,Maplewood,21714,MN,45.0275030150206,08/01/1974
1,N,1.3368586396948987,-117.576597946499,9.12,California,15511016,87,52047,12002449,"Citizens Business Bank, National Association",Ontario,21716,CA,34.071314951438,08/09/1974
1,NM,1.4239477885810854,-88.1186019946442,9.45,Illinois,150051,1,534,126900,Heritage Bank of Schaumburg,Schaumburg,21721,IL,42.0254380172237,08/08/1974
1,NM,1.4135005837922732,-98.3683427968934,10.09,North Dakota,140078,1,513,109536,Farmers and Merchants State Bank,Langdon,21728,ND,48.7603675320324,08/12/1974
1,NM,2.1479119772710176,-98.4163939945476,18.93,Oklahoma,89697,1,464,79364,First State Bank,Watonga,21752,OK,35.844053987341,09/05/1974
1,SM,2.7480333326265347,-83.2216670099747,2.77,Michigan,71040,1,486,500,"JPMorgan Chase Bank, Dearborn",Dearborn,21761,MI,42.3222749877359,09/16/1974
1,NM,1.5919315097662126,-84.57963196774,16.06,Georgia,600578,6,2355,536930,First Port City Bank,Bainbridge,21784,GA,30.904199006457,10/07/1974
1,SM,1.5196061589205692,-94.342059071335,21.76,Arkansas,516607,7,1935,470654,First State Bank of DeQueen,De Queen,21805,AR,34.046434906333,11/01/1974
1,NM,1.0873158726077214,-95.4440286515605,9.18,Texas,53662,1,148,46201,Lovelady State Bank,Lovelady,21807,TX,31.1201390349108,11/04/1974
1,SM,1.3764260945177207,-73.9802187765573,5.25,New York,4050082,4,16423,2826473,Mizuho Bank (USA),New York,21843,NY,40.7602726898717,11/29/1974
1,NM,1.7049839111253475,-97.5677080254851,18.74,Oklahoma,826460,1,3513,748851,Quail Creek Bank,Oklahoma City,21848,OK,35.593585998562,12/04/1974
1,N,2.4621545982275124,-73.9802187765573,36.9,New York,5409760,1,36420,4488110,"Bessemer Trust Company, National Association",New York,21868,NY,40.7602726898717,12/20/1974
1,NM,1.08467847347456,-83.5014319715562,11.43,Tennessee,223359,5,612,191045,First Peoples Bank of Tennessee,Jefferson City,21874,TN,36.1135429870866,01/02/1975
1,SM,0.9996142140683271,-82.108995431154,11.01,Virginia,703489,16,1749,607470,TruPoint Bank,Grundy,21883,VA,37.253274199205,01/02/1975
1,NM,0.863871197213913,-90.7650780355395,10.17,Missouri,196991,3,422,179371,Bank Star,Pacific,21897,MO,38.4849690126651,01/15/1975
1,SM,1.9065510947733746,-89.7324426330996,15.92,Mississippi,1191495,18,5569,1016463,PriorityOne Bank,Magee,21906,MS,31.8745749447234,01/27/1975
1,NM,1.6262673596319333,-100.770021928833,18.47,North Dakota,361725,4,1527,324046,Kirkwood Bank & Trust Co.,Bismarck,21928,ND,46.838677226025,02/18/1975
1,NM,1.3896575595133183,-121.876188973839,10.09,California,9946447,77,34337,8408678,Tri Counties Bank,Chico,21943,CA,39.7721910009963,03/11/1975
1,SM,1.0784653531340818,-97.3351520380635,12.28,Kansas,309445,2,809,273833,Stryv Bank,Wichita,21955,KS,37.7953900060595,03/14/1975
1,NM,0.6515606195589316,-119.701951034228,7.27,California,2036398,17,3335,1793788,Montecito Bank & Trust,Santa Barbara,21956,CA,34.4218460165066,03/17/1975
1,NM,1.6181243382216275,-97.4894969898693,14.16,Oklahoma,600666,1,2405,495871,Frontier State Bank,Oklahoma City,21978,OK,35.4151359924186,04/14/1975
1,NM,0.8040899860137649,-89.6888554979529,7.5,Illinois,318168,5,636,280865,Community State Bank of Rock Falls,Rock Falls,21988,IL,41.7644239597788,04/24/1975
1,NM,1.3728496476446346,-89.5565745810286,11.23,Mississippi,108784,2,366,93744,Covington County Bank,Collins,21998,MS,31.6443200325496,05/01/1975
1,NM,1.4710887508488601,-82.830228024549,15.46,Tennessee,626069,8,2280,562461,Andrew Johnson Bank,Greeneville,22015,TN,36.1638940014708,05/12/1975
1,SM,0.8174933767086251,-89.2624679995992,10.44,Tennessee,568378,7,1166,508707,INSOUTH Bank,Brownsville,22020,TN,35.5925409847836,01/01/1869
1,N,1.7711821781241806,-90.3842590052561,12.46,Louisiana,239878,2,1030,205131,First National Bank USA,Boutte,22046,LA,29.9027440091142,06/23/1975
1,NM,2.0067065850234655,-112.004906764256,21.24,Montana,261038,7,1333,231968,Bank of The Rockies,Helena,2205,MT,46.591504456751,08/01/1883
1,SM,1.442765019549946,-95.9523009583132,14.99,Oklahoma,679202,4,2404,575699,Grand Bank,Tulsa,22065,OK,36.1327040177457,07/21/1975
1,SM,1.3029209789073912,-106.696920984749,17.33,Wyoming,946553,5,2998,855275,First Northern Bank of Wyoming,Buffalo,2208,WY,44.3451800124464,02/02/1885
1,NM,2.009525053741731,-106.562808019371,17.9,New Mexico,254191,1,1269,221099,Main Bank,Albuquerque,22086,NM,35.1087219850667,08/05/1975
1,NM,2.317021548534918,-86.0613099606993,26.09,Tennessee,430430,4,2470,388617,Coffee County Bank,Manchester,22090,TN,35.4604260136655,08/15/1975
1,N,1.8687954537956748,-84.770396037386,13.77,Georgia,721425,11,3328,619028,First National Community Bank,Chatsworth,22092,GA,34.7743940189361,08/18/1975
1,NM,1.8429776126680508,-111.835332984028,18.59,Utah,3497348,25,16182,3119198,Cache Valley Bank,Logan,22134,UT,41.7335379876818,10/02/1975
1,NM,1.314341104375113,-83.3950740021631,12.81,Georgia,364186,4,1200,323661,Rabun County Bank,Clayton,22138,GA,34.8783270199217,10/10/1975
1,SM,0.9058750865634768,-93.296689816423,7.53,Minnesota,1044845,1,2662,646794,United Bankers' Bank,Richfield,22180,MN,44.863815007202,12/15/1975
1,NM,0.8186006017404552,-83.7388699984825,9.56,Georgia,778747,7,1542,643753,Barwick Banking Company,Barwick,22205,GA,30.8928900169641,01/01/1934
1,N,-0.7605110403733418,-88.0817440003537,-5.83,Alabama,72687,2,-132,63609,Commonwealth National Bank,Mobile,22229,AL,30.7155019979531,02/19/1976
1,N,0.8992244943119525,-108.913772017189,10.48,Montana,791892,12,1788,720424,"Bank of Bridger, National Association",Bridger,2224,MT,45.2954929952023,05/01/1906
1,NM,0.9203908683955894,-93.2539090017108,10.45,Minnesota,230791,1,541,208929,Union Bank and Trust Company,Minneapolis,22242,MN,44.9868030077716,03/15/1976
1,NM,0.9400522759989604,-83.254021156232,8.68,Georgia,3705164,33,8726,3074075,Colony Bank,Fitzgerald,22257,GA,31.712109489232,04/15/1976
1,SM,1.1162560968080508,-95.6189359890385,12.74,Minnesota,81158,2,226,73848,American State Bank of Grygla,Grygla,22263,MN,48.3007579940841,04/30/1976
1,N,2.1875424731233437,-87.988492980594,12.32,Alabama,372896,5,2032,306363,First National Bank,Hamilton,22271,AL,34.1388919922239,05/06/1976
1,NM,0.2971587570659625,-82.2482889994272,2.18,West Virginia,148734,5,110,124957,Guaranty Bank Inc.,Williamson,22273,WV,37.7784329968404,05/17/1976
1,SM,0.6106923445601499,-107.240691002105,9.47,Wyoming,286852,5,438,267540,RNB STATE BANK,Rawlins,2228,WY,41.7882359827814,01/01/1898
1,NM,1.0871469215635299,-87.8210229742439,8.07,Illinois,544229,3,1474,441671,First Nations Bank,Chicago,22282,IL,41.9964979877679,06/07/1976
1,SM,0.8515145802635848,-109.220673146988,14.45,Wyoming,389455,2,830,364193,RSNB Bank,Rock Springs,2229,WY,41.5840363884361,05/23/1892
1,SM,1.37333291361056,-85.8674790365004,16.28,Michigan,1196482,8,4090,1053931,West Michigan Community Bank,Hudsonville,22308,MI,42.8654190026528,07/21/1976
1,SM,1.187205872266386,-92.262958036052,9.58,Missouri,1827411,10,5474,1541168,Legacy Bank & Trust Company,Mountain Grove,22319,MO,37.1422312769904,10/17/1907
1,NM,1.640731488954624,-109.053980973109,17.41,Wyoming,1274405,15,5349,1146153,Pinnacle Bank - Wyoming,Cody,2232,WY,44.5257710081179,04/06/1918
1,SM,1.26496098107856,-89.383876262877,10.05,Wisconsin,2545338,20,8059,1997100,One Community Bank,Oregon,22334,WI,42.936809474107,09/15/1976
1,NM,1.9207153491799935,-101.481258013044,13.52,Oklahoma,573210,4,2743,464423,Panhandle First Bank,Guymon,22340,OK,36.690378983827,10/12/1976
1,SM,1.8149337425950949,-83.653329994368,16.88,Tennessee,2307886,40,10383,1926860,Commercial Bank,Harrogate,22354,TN,36.573571002378,11/01/1976
1,NM,0.3073770491803279,-82.532846817064,1.84,Kentucky,58044,3,45,47040,"Pinnacle Bank, Inc.",Pikeville,22355,KY,37.472026868477,10/26/1976
1,NM,1.096412091244827,-87.5916073630927,11.62,Alabama,129788,1,357,116861,The Citizens Bank,Greensboro,22358,AL,32.6985506725584,11/01/1976
1,NM,1.1584527349369105,-118.251872983878,7.54,California,676588,8,1966,522816,GBC International Bank,Los Angeles,22366,CA,34.0529330186792,11/15/1976
1,N,0.8884328097277131,-98.5281290386469,8.76,Texas,2470409,14,5463,2191387,American National Bank & Trust,Wichita Falls,22373,TX,33.871040020078,11/29/1976
1,N,0.9256120592447061,-94.6690889981897,28.24,Texas,294255,5,669,284466,Anahuac National Bank,Anahuac,22381,TX,29.76541297965,12/20/1976
1,NM,2.838515076990598,-90.451115021862,15.21,Missouri,723470,16,5077,584735,Peoples Community Bank,Greenville,22394,MO,37.1235061437539,01/03/1977
1,N,1.9956333654276455,-97.2119590161424,22.59,Texas,1446766,5,7358,1288478,Central National Bank,Waco,22396,TX,31.4994759864637,01/10/1977
1,N,0.0011760520520638243,-73.9720750013236,0.01,New York,696422,2,2,523053,"Modern Bank, National Association",New York,22398,NY,40.7602283315548,01/01/1977
1,NM,2.967327776434615,-104.399590019323,28.89,New Mexico,1931040,21,14007,1663045,First American Bank,Artesia,2240,NM,32.8414520029172,01/01/1903
1,NM,2.214160536914407,-104.228077001976,24.49,New Mexico,957828,3,5387,865538,CNB Bank,Carlsbad,2241,NM,32.421681011292,08/01/1924
1,NM,-0.01831334126911455,-99.1701188371052,-0.12,Oklahoma,43818,1,-2,35322,Washita State Bank,Burns Flat,22430,OK,35.3379135089368,03/11/1977
1,N,1.9349320119163496,-88.2467049678074,16.72,Illinois,256644,2,1230,207268,"BankChampaign, National Association",Champaign,22434,IL,40.0893540028899,03/14/1977
1,NM,2.0040328905127773,-103.336028011207,25.69,New Mexico,443218,8,2220,377952,The James Polk Stone Community Bank,Portales,2244,NM,34.1865939899285,07/30/1906
1,NM,1.146051392834242,-102.225791961991,11.53,Colorado,303974,3,878,270335,Wray State Bank,Wray,22447,CO,40.0786079839238,04/11/1977
1,NM,0.49535907402184975,-94.9740470270505,5.5,Oklahoma,82353,2,101,74424,First State Bank,Tahlequah,22448,OK,35.9011660124646,04/13/1977
1,NM,1.1988337181613966,-86.81731295158,10.39,Tennessee,3072746,31,9336,2647323,Lawrence Bank,Nashville,22451,TN,36.142095646887,04/15/1977
1,NM,0.046832439729060565,-121.893280009689,0.42,California,297799,4,34,219207,Monterey County Bank,Monterey,22460,CA,36.596218988577,05/05/1977
1,NM,1.151147071966365,-104.523240022605,11.98,New Mexico,174791,13,512,157544,Bank of the Southwest,Roswell,2247,NM,33.395210985744,03/18/1930
1,SM,1.8950260181534877,-108.707904009478,17.13,New Mexico,328609,5,1540,289258,Western Bank,Lordsburg,2249,NM,32.3497260186587,09/29/1907
1,SM,3.4133874590808113,-111.859690962294,23.08,Utah,163019,4,1379,136504,Utah Independent Bank,Salina,22514,UT,38.9566270024314,08/29/1977
1,NM,1.3505761256166922,-94.7992506505918,8.49,Texas,238420,2,824,187262,Spring Hill State Bank,Longview,22526,TX,32.5535791844845,09/19/1977
1,NM,0.5851361698723443,-87.8179459775882,5.76,Illinois,395368,6,576,314437,First Secure Bank and Trust Co.,Palos Hills,22536,IL,41.7024229800805,10/21/1977
1,NM,1.8382042223762278,-86.8453360008287,18.3,Alabama,1431998,28,6525,1280018,Peoples Bank of Alabama,Cullman,22537,AL,34.1501980061411,10/24/1977
1,SM,-0.2583224417621281,-87.0716350018405,-0.95,Alabama,32665,1,-21,23795,First Progressive Bank,Brewton,22549,AL,31.1086143261952,11/10/1977
1,NM,1.2442308357625405,-102.786483197839,12.12,North Dakota,3884241,35,12003,3404968,Bravera Bank,Dickinson,22559,ND,46.881251175367,12/01/1977
1,NM,1.7819229017240181,-92.0401406279659,15.47,Missouri,130704,2,577,107481,Community State Bank,Shelbina,22567,MO,39.6941393040034,11/28/1977
1,NM,1.6437699478989265,-111.833866989163,16.08,Utah,317090,6,1303,274147,Brighton Bank,Salt Lake City,22578,UT,40.6224730101519,01/03/1978
1,NM,1.4561924931503452,-119.015932995368,12.52,California,3751904,35,13794,2932864,Bank of the Sierra,Porterville,22597,CA,36.0669199917777,01/19/1978
1,SM,0.8404357512212071,-88.4975370245509,13.11,Illinois,124809,4,257,116459,Flora Bank & Trust,Flora,22598,IL,38.6814129951789,01/19/1978
1,NM,0.9922533364518439,-94.3579550154311,10.57,Iowa,285084,2,700,214370,Guthrie County State Bank,Panora,226,IA,41.6919999996629,10/17/1931
1,NM,3.4859364125545316,-104.525603970758,24.49,New Mexico,297720,3,2567,256274,Valley Bank of Commerce,Roswell,22600,NM,33.3947620091004,02/01/1978
1,NM,2.3392122078958986,-94.342974961895,29.25,Missouri,194453,10,1106,178907,Citizens Bank,Butler,22601,MO,38.2571959906524,01/04/1926
1,NM,1.2394677433088888,-93.2091690009503,14.15,Missouri,247116,7,746,224183,Community Bank of Marshall,Marshall,22636,MO,39.1086839880369,05/01/1978
1,SM,1.2885951358816068,-107.237618028763,12.94,Wyoming,213915,2,687,191003,Bank of Commerce,Rawlins,22639,WY,41.7889719976992,04/20/1978
1,SM,1.825605804831122,-111.66199631137,34.94,Utah,5867857,1,25268,4967612,Green Dot Bank DBA Bonneville Bank,Provo,22653,UT,40.2567418597475,05/15/1978
1,NM,1.1410038857207412,-114.512130978756,11.25,Nevada,205967,4,606,183962,Nevada Bank and Trust Company,Caliente,22669,NV,37.6148539956728,06/21/1978
1,N,1.0531175952775047,-111.890829062038,12.87,Utah,87956932,413,232932,76926168,"Zions Bancorporation, N.A.",Salt Lake City,2270,UT,40.76916172205,07/06/1873
1,SM,1.5558975794039456,-97.1419500080598,17.21,Oklahoma,322969,4,1251,273734,Citizens Bank and Trust Company of Ardmore,Ardmore,22717,OK,34.1867519888034,09/18/1978
1,N,1.5054700544884525,-114.89203403466,24.33,Nevada,132534,1,488,124436,The First National Bank of Ely,Ely,2273,NV,39.247955008991,02/23/1907
1,NM,0.7739838359362303,-111.824861975305,7.83,Utah,846485,7,1637,697805,First Utah Bank,Salt Lake City,22738,UT,40.6879839956239,10/19/1978
1,NM,1.6359707125116925,-91.3751840271871,16.54,Louisiana,397894,2,1585,346352,Bank of St. Francisville,Saint Francisville,22739,LA,30.7801149882284,10/30/1978
1,NM,1.1391981529259347,-85.1302763988784,11.29,Tennessee,318586,3,898,280723,People's Bank and Trust Company of Pickett County,Byrdstown,22756,TN,36.5699736360001,11/27/1978
1,NM,1.3692429824109755,-96.176217969589,12.93,Iowa,1458577,11,5086,1244879,American State Bank,Sioux Center,228,IA,43.082923983728,09/01/1913
1,NM,1.422495838908176,-87.7272879833948,9.67,Illinois,165773,3,610,125420,Brickyard Bank,Lincolnwood,22811,IL,42.0022180080424,02/26/1979
1,NM,0.8250297766028527,-89.3965160052276,8.95,Tennessee,70484,2,142,63004,The Lauderdale County Bank,Halls,22835,TN,35.8728980020959,04/04/1979
1,NM,2.4643655779850007,-95.3138710070932,9.89,Oklahoma,66054,1,405,49577,Latimer State Bank,Wilburton,22839,OK,34.918925019409,04/09/1979
1,SM,0.9962773117505618,-82.041755971518,9.04,Ohio,414572,10,1026,363748,North Valley Bank,Zanesville,2284,OH,39.895378993775,11/04/1904
1,SM,0.7507165335953222,-83.3582379684589,10.27,Ohio,731282,9,1363,650983,The Genoa Banking Company,Genoa,2285,OH,41.5202719864996,09/09/1902
1,SM,1.499121920028495,-77.332025597492,9.02,Virginia,33609082,237,125842,27304038,United Bank,Fairfax,22858,VA,38.855497328963,05/10/1979
1,NM,0.5134117954184524,-83.100082978187,5.48,Ohio,548430,6,708,465685,Buckeye State Bank,Powell,2286,OH,40.158247002474,01/01/1885
1,NM,1.713896758954907,-94.4676560230868,43.05,Missouri,350053,3,1473,334216,Community Bank of Raymore,Raymore,22867,MO,38.8113640103542,05/15/1979
1,NM,1.1768842073334667,-88.9547310345595,10.96,Illinois,737221,8,2134,650818,Hickory Point Bank and Trust,Decatur,22874,IL,39.8432679892719,06/04/1979
1,NM,0.9819154931643669,-94.3128000266444,14.61,Missouri,1220341,11,3012,1055413,Southwest Missouri Bank,Carthage,22876,MO,37.1769710104805,06/11/1979
1,SM,1.4620280310840799,-83.0301599684312,11.17,Virginia,190709,6,686,164172,Farmers and Miners Bank,Pennington Gap,22888,VA,36.756533992829,07/02/1979
1,NM,1.6072982777131892,-93.0011145581432,12.49,Missouri,315885,2,1265,273278,Putnam County State Bank,Unionville,22895,MO,40.4770323690139,07/05/1979
1,SM,1.70469836725614,-82.0866569886388,17.36,Virginia,4147949,35,17807,3691233,The First Bank and Trust Company,Lebanon,22918,VA,36.9003350133544,08/03/1979
1,NM,1.009005914492116,-81.6599779676925,6.89,Ohio,191389,1,470,161956,Independence Bank,Independence,22925,OH,41.3994719979351,08/15/1979
1,N,1.6613816178192968,-94.9699279921921,17.61,Texas,144112,1,594,130970,The American National Bank of Mount Pleasant,Mount Pleasant,22942,TX,33.154642988534,08/31/1979
1,N,0.8747621406905036,-80.259469989808,8.78,Florida,9880787,24,21474,7947792,"Amerant Bank, National Association",Coral Gables,22953,FL,25.7517609818614,09/17/1979
1,NM,0.9047149567940613,-79.9562890082394,5.17,West Virginia,51901,1,117,42067,"Citizens Bank of Morgantown, Inc.",Morgantown,22954,WV,39.6297100044925,09/20/1979
1,N,1.0489793634582998,-102.085672021883,10.25,Texas,2781577,13,7335,2468826,West Texas National Bank,Midland,22957,TX,32.030313984505,09/24/1979
1,NM,1.7145040507129037,-97.6382340293556,20.05,Texas,794018,9,3371,702016,First Community Bank,San Benito,22964,TX,26.146056980894,10/01/1979
1,NM,0.6595207592402981,-88.3448129651811,5.34,Illinois,304613,7,500,251337,First Secure State Bank,Wonder Lake,22971,IL,42.3858199978181,10/22/1979
1,NM,2.933709449929478,-117.01098795841,23.25,Idaho,172617,4,1248,150456,Twin River Bank,Lewiston,22993,ID,46.4166499937031,11/15/1979
1,NM,1.184684473967348,-95.1468230295679,14.58,Iowa,341487,7,1013,293553,Community State Bank,Spencer,230,IA,43.1570790163973,01/01/1914
1,NM,1.3614741863936277,-81.2984180363353,11.19,Ohio,109758,3,366,95438,The Bank of Magnolia Company,Magnolia,2300,OH,40.6515750198865,04/19/1899
1,SM,1.2768243037577758,-124.10172701073,11.94,Oregon,820955,7,2606,718714,Oregon Pacific Banking Company dba Oregon Pacific Bank,Florence,23007,OR,43.9785569924761,12/17/1979
1,NM,2.376988358244321,-102.51048,26.92,Oklahoma,153892,1,953,138967,The First State Bank,Boise City,2301,OK,36.73143,08/06/1915
1,NM,1.3607532094654544,-119.770824713526,10.58,California,3697225,43,12557,3147540,Community West Bank,Fresno,23030,CA,36.838804048877,01/10/1980
1,NM,1.0180300198738927,-123.816212985579,9.39,Washington,1289807,20,3263,1139158,Bank of the Pacific,Aberdeen,23041,WA,46.9768060031239,12/26/1979
1,NM,1.251946670718274,-98.4359319593925,9.97,Oklahoma,70588,1,206,61764,Washita Valley Bank,Fort Cobb,2308,OK,35.0972469919814,07/09/1902
1,N,0.4257254862571216,-118.127492246277,1.62,California,515271,4,551,371245,"New OMNI Bank, National Association",Alhambra,23086,CA,34.094334842681,02/12/1980
1,NM,1.290933040585728,-107.324873976095,12.51,Colorado,6785152,47,22003,5999280,Alpine Bank,Glenwood Springs,23091,CO,39.5300270056026,04/01/1980
1,NM,1.5343575890595982,-99.483913518248,13.23,Kansas,150246,5,568,116895,The Bank of Protection,Protection,23099,KS,37.203156076001,04/02/1980
1,SM,1.9646500504465454,-94.8713859798719,23.55,Iowa,333471,2,1643,277828,Commercial Savings Bank,Carroll,231,IA,42.0661290139268,01/01/1917
1,SM,0.5788830804288803,-89.8539929882875,8.39,Tennessee,557460,7,811,466753,Bank of Bartlett,Bartlett,23123,TN,35.2043429879492,05/19/1980
1,SM,0.7954491932993872,-83.8144969771684,6.71,Michigan,96450,1,190,83832,Huron State Bank,Rogers City,23126,MI,45.420599982804,05/12/1980
1,NM,1.592238139266802,-90.7447739647444,10.86,Louisiana,675548,10,2652,566349,South Louisiana Bank,Houma,23144,LA,29.6000019878149,06/30/1980
1,SM,1.276909741729998,-95.384363986265,16.25,Oklahoma,2712746,29,8594,2458339,Armstrong Bank,Muskogee,2315,OK,35.752418998514,03/15/1910
1,NM,1.832997192381138,-86.2663444097274,14.88,Alabama,401295,5,1837,344304,First Citizens Bank,Luverne,23152,AL,31.7163673337978,07/08/1980
1,SM,1.3794868357716048,-94.7251684059728,14.04,Oklahoma,248044,2,849,211763,Method Bank,Wyandotte,2317,OK,36.7937573177598,09/27/1902
1,NM,1.8470214571157322,-91.0336979995639,26.9,Iowa,315050,5,1464,292146,Community Bank and Trust Company,Muscatine,23189,IA,41.452470981261,08/11/1980
1,NM,2.8205839242562294,-91.4927194321028,12.17,Iowa,126731,3,890,90527,Solon State Bank,Solon,232,IA,41.8064734534391,03/17/1932
1,NM,1.4397511183996334,-94.6263525566279,17.75,Oklahoma,166841,4,597,144405,Carson Community Bank,Stilwell,2320,OK,35.8141779746289,02/03/1903
1,SM,0.7507885396551359,-104.992568010927,5.62,Colorado,408366,1,798,249777,Bankers' Bank of the West,Denver,23210,CO,39.7495899953645,10/01/1980
1,N,2.037519166727944,-95.4544119701974,24.59,Texas,9178494,742,46932,8347081,Woodforest National Bank,The Woodlands,23220,TX,30.1617510198437,09/05/1980
1,NM,1.7728621146417256,-122.105217856404,4.27,California,100924,2,440,57857,California Pacific Bank,Hayward,23242,CA,37.65319089296,10/16/1980
1,NM,1.365918711671937,-90.034155040064,13.41,Illinois,403887,9,1352,361145,Community State Bank,Galva,23257,IL,41.1636349983344,11/24/1980
1,NM,0.838304678485028,-95.790860764508,9.55,Oklahoma,574303,4,1176,505502,AVB Bank,Broken Arrow,2326,OK,36.0498449200611,02/16/1905
1,SM,0.28216976601508736,-95.14053616823,2.61,Oklahoma,441385,6,307,363309,Local Bank,Hulbert,2327,OK,35.932831593711,12/01/1908
1,SM,1.512415733198997,-96.4256599715099,12.66,Nebraska,90090,1,334,78606,Siouxland Bank,South Sioux City,23270,NE,42.4630809866186,12/01/1980
1,SM,1.7857166999933751,-120.945274020054,14.41,California,2199524,20,9906,1778694,Plumas Bank,Quincy,23275,CA,39.936443990998,12/13/1980
1,NM,2.136448988107657,-97.6031339716181,21.37,Oklahoma,100290,2,512,89162,"American Exchange Bank, Lindsay, Oklahoma",Lindsay,2328,OK,34.8333330055854,01/01/1924
1,SM,0.28978660735658496,-71.1548310104547,4.06,Massachusetts,1895394,18,1371,1370455,Fall River Five Cents Savings Bank,Fall River,23286,MA,41.7031599170078,04/10/1855
1,NM,0.7023590693199829,-70.3183916724838,6.68,Massachusetts,5459093,23,9710,4396455,The Cape Cod Five Cents Savings Bank,Hyannis,23287,MA,41.6799962342158,03/16/1855
1,SI,0.6572040805477429,-72.6706799271846,6.28,Massachusetts,2017659,14,3307,1777322,Florence Bank,Florence,23293,MA,42.3357664571776,02/14/1873
1,NM,0.9101941995871905,-70.8955634063555,7.99,Massachusetts,8568434,34,19463,6007790,Salem Five Cents Savings Bank,Salem,23296,MA,42.5223612843651,03/09/1855
1,SM,0.6963067055988991,-71.1862645722862,6.05,Massachusetts,1444429,10,2506,1259554,Watertown Savings Bank,Watertown,23298,MA,42.366215396843,04/18/1870
1,NM,-0.5745121776063361,-97.9581868123993,-2.96,Oklahoma,50536,2,-70,36904,Peoples Bank and Trust Company,Ryan,2331,OK,34.0199714854916,03/05/1906
1,NM,-0.13300928619979754,-73.9979499364262,-1.04,New York,103860,2,-34,71484,United Orient Bank,New York,23373,NY,40.7139908618825,04/09/1981
1,NM,1.9403779282010667,-85.8123432686809,14.27,Alabama,439627,7,2156,357150,"First Jackson Bank, Inc.",Stevenson,23376,AL,34.875361413974,04/10/1981
1,NM,1.878971207247003,-94.6692999706926,6.95,Iowa,127362,2,587,92695,Pocahontas State Bank,Pocahontas,234,IA,42.7351900016587,07/01/1926
1,N,0.946262077045259,-105.319747973848,7.47,Colorado,131109,3,315,113671,Evergreen National Bank,Evergreen,23404,CO,39.6330320041781,04/15/1981
1,N,2.431103920425366,-97.320572974775,20.49,Texas,248826,2,1574,216566,First National Bank of Burleson,Burleson,23430,TX,32.563664080838,04/20/1981
1,N,16.472278816153384,-118.25326396071,20.59,California,1391736,10,56484,1071,"The Bank of New York Mellon Trust Company, National Association",Los Angeles,23472,CA,34.0537409922358,07/01/1981
1,SM,0.9373855130957669,-97.5339390139719,11.09,Oklahoma,2933852,27,6870,2488727,First Fidelity Bank,Oklahoma City,23473,OK,35.5229100005342,07/01/1981
1,N,0.585041736683747,-96.277642015497,11.17,Texas,5546680,28,9089,4781594,The American National Bank of Texas,Terrell,23474,TX,32.7367419995073,07/01/1981
1,SI,0.5167685242746187,-96.77552002332,3.3,Texas,6873141,64,8559,5718570,"TBK BANK, SSB",Dallas,23498,TX,32.921141983439,07/15/1981
1,NM,2.6400098544909874,-95.4982370024073,24.53,Iowa,485282,5,3188,337193,Security State Bank,Sutherland,235,IA,42.9735789974097,01/01/1931
1,NM,1.0095295007660472,-87.7167840741077,11.06,Alabama,158628,3,397,143657,"Citizens' Bank, Inc.",Robertsdale,23523,AL,30.5453043526682,09/08/1981
1,SM,0.8656873032528857,-89.5161079939064,6.53,Wisconsin,1446572,1,3102,904853,Bankers' Bank,Madison,23537,WI,43.0609419816457,09/01/1981
1,NM,3.102964668262716,-87.889587026038,20.44,Illinois,362987,2,2785,293087,Municipal Trust and Savings Bank,Bourbonnais,23546,IL,41.1602160200291,10/02/1981
1,NM,2.325003062144838,-94.0202909680178,13.96,Missouri,136855,1,783,113919,Community Bank of El Dorado Springs,El Dorado Springs,23551,MO,37.862683989975,10/01/1981
1,NM,0.2809927373945695,-75.7270209750752,103.05,Pennsylvania,637949,7,452,608364,Mauch Chunk Trust Company,Jim Thorpe,2359,PA,40.8815169850744,08/25/1902
1,N,0.6651997225731987,-95.5269959827545,7.91,Texas,392569,6,639,353648,Lamar National Bank,Paris,23597,TX,33.6596510203833,10/26/1981
1,SI,0.3201010255643152,-71.18181638009,2.93,Massachusetts,2576353,15,2057,2049446,Dedham Institution for Savings,Dedham,23620,MA,42.2325807447697,03/19/1831
1,NM,0.7046968805029563,-71.093140035445,4.77,Massachusetts,3157745,18,5532,2641917,Bristol County Savings Bank,Taunton,23622,MA,41.903712708458,03/02/1846
1,NM,0.796755742694979,-71.8309650252717,9.31,Rhode Island,6458703,30,13030,5170852,"The Washington Trust Company, of Westerly",Westerly,23623,RI,41.3773360202915,01/01/1800
1,NM,2.3951673324575578,-85.760340041369,16.27,Kentucky,7248366,48,42774,5580422,Republic Bank & Trust Company,Louisville,23627,KY,38.255840008266,01/11/1982
1,N,1.3443311480361626,-96.9194569983145,9.57,Texas,2999669,5,10036,2455242,TIB National Association,Farmers Branch,23647,TX,32.9034790084248,01/21/1982
1,N,0.7274762678076354,-95.9885862564546,5.84,Oklahoma,538938,4,1004,452000,"Vast Bank, National Association",Tulsa,23737,OK,36.1590795411771,02/16/1982
1,N,0.10207840691828171,-122.421132960553,0.68,California,249156,1,62,206588,Mission National Bank,San Francisco,23749,CA,37.7652130172426,02/16/1982
1,SM,-0.12004102372849751,-103.791536001391,-1.33,Colorado,347865,2,-103,315197,FMS Bank,Fort Morgan,23764,CO,40.2537050192495,04/12/1982
1,NM,1.7507855219959714,-99.5032234611446,16.94,Texas,738516,3,3229,657332,Commerce Bank,Laredo,23772,TX,27.5551355910835,03/31/1982
1,NM,1.0175656526962142,-88.6124430264404,5.77,Tennessee,134325,2,342,110221,Bank of Gleason,Gleason,2379,TN,36.2137449934211,01/01/1901
1,N,1.0521151899130543,-94.7392809832186,6.84,Oklahoma,383363,5,1008,323639,McCurtain County National Bank,Broken Bow,23798,OK,34.0269569978243,04/23/1982
1,SM,1.6069450043482338,-94.9437610315828,16.44,Texas,2375423,28,9507,2095512,Texas First Bank,Texas City,23799,TX,29.3958469896558,04/23/1982
1,SM,0.7595510019218292,-88.4297969976579,10.2,Tennessee,658079,10,1241,603244,Carroll Bank and Trust,Huntingdon,2380,TN,35.9998500142246,09/09/1907
1,NM,0.349470434372454,-117.930712987637,2.04,California,187114,2,163,152984,United Pacific Bank,City Of Industry,23805,CA,33.992343006652,05/11/1982
1,NM,1.7344456598044178,-114.0791610042,20.29,Montana,1091808,15,4648,845614,TrailWest Bank,Lolo,23806,MT,46.763463014161,05/17/1982
1,NM,2.273439197636255,-85.7009832081635,17.49,Alabama,352899,5,2014,299311,First State Bank of DeKalb County,Fort Payne,23815,AL,34.4652831338968,05/19/1982
1,SM,0.5224673778028198,-110.785816518091,1.47,Wyoming,38929,1,51,1057,2unifi Bank,Jackson,23826,WY,43.4738469449633,06/01/1982
1,NM,1.0594327954198113,-122.262575709673,5.91,California,270191,1,727,211474,Summit Bank,Oakland,23864,CA,37.8183853243279,07/01/1982
1,N,1.6296256105909706,-97.1925509707968,16,Texas,628087,4,2553,561540,"American Bank, National Association",Waco,23886,TX,31.5132800170748,06/11/1982
1,SM,0.6737744108253089,-89.276782027109,7.1,Tennessee,233228,6,390,200687,Security Bank,Newbern,2391,TN,36.1116309911532,01/01/1931
1,NM,-1.0365121017602759,-71.057500015505,-11.56,Massachusetts,609027,5,-1776,481925,OneUnited Bank,Boston,23966,MA,42.355939979831,08/02/1982
1,SM,1.3413931841242355,-93.7785920006123,11.28,Minnesota,126478,2,428,110389,MINNESOTA LAKES BANK,Delano,23986,MN,45.0359979900699,06/24/1982
1,SM,0.26105263157894737,-82.4824529711541,2.22,Virginia,94879,5,62,82119,Miners Exchange Bank,Coeburn,23989,VA,36.940976012005,07/08/1982
1,SI,0.6770896088039734,-72.252540640651,4.8,Massachusetts,2221191,15,3744,1681602,Country Bank for Savings,Ware,23992,MA,42.255812446706,07/01/1850
1,NM,1.3527713836822683,-118.256998014756,10.1,California,1394366,8,4628,1189577,State Bank of India (California),Los Angeles,23998,CA,34.0492309835037,09/03/1982
1,NM,0.5983631618244303,-76.6161699949839,4.84,Maryland,381698,7,570,329077,The Harbor Bank of Maryland,Baltimore,24015,MD,39.2901560055512,09/13/1982
1,N,0.7570142097875628,-95.4103000254418,1.48,Texas,32185,1,60,10769,Brazos National Bank,Richwood,24038,TX,29.071835008949,08/02/1982
1,SM,0.9311388035950099,-118.462723027199,8.31,California,34642892,87,80722,27440681,Banc of California,Los Angeles,24045,CA,34.05427999052,08/26/1982
1,NM,0.3273379014643761,-98.5036620118207,2.85,Texas,84867,1,71,74719,Atascosa Bank,Pleasanton,24064,TX,28.9457350172781,09/07/1982
1,N,0.6883825877448777,-95.4375419651333,6.1,Texas,105940,1,180,92568,Citizens National Bank,Crockett,24085,TX,31.3134979835309,09/07/1982
1,NM,1.0591639746382568,-80.2650639881683,11.23,Florida,7534738,25,19821,6381162,Ocean Bank,Miami,24156,FL,25.7792420153409,12/09/1982
1,NM,1.2518142409434956,-118.304978040189,11.14,California,7789627,34,24429,6801918,Hanmi Bank,Los Angeles,24170,CA,34.0612370120647,12/15/1982
1,N,1.8214176603802863,-84.551852999512,11.63,Michigan,199897,2,939,162858,Capitol National Bank,Lansing,24199,MI,42.7348480200092,11/22/1982
1,N,0.8981497017862319,-118.003792035395,5.79,California,158847,2,368,131032,"Bank of Whittier, National Association",Whittier,24211,CA,33.9484380110858,12/20/1982
1,NM,1.1907609706828268,-96.7610179897216,7.51,Texas,76152,1,224,62252,Pavillion Bank,Richardson,24303,TX,32.9789090123861,01/17/1983
1,N,0.955233726220246,-98.6766400182045,9.88,Texas,311279,5,753,276908,Llano National Bank,Llano,24305,TX,30.7478999815639,01/17/1983
1,NM,3.6464053223829764,-118.393917995688,7.74,California,504745,1,4582,257910,First Credit Bank,Los Angeles,24332,CA,34.090166983237,02/18/1983
1,N,1.3831563738443682,-98.1836510068661,12.69,Texas,3409023,36,11569,3027272,Lone Star National Bank,Pharr,24347,TX,26.2125429912529,01/24/1983
1,NM,0.8636915111355052,-97.3925610340166,7.85,Texas,662832,14,1430,585599,First Community Bank,Corpus Christi,24353,TX,27.7955250012668,02/07/1983
1,N,0.5387914350740838,-96.4815410303332,4.18,Texas,63331,1,87,53197,City National Bank,Corsicana,24367,TX,32.0890199961555,02/28/1983
1,N,0.5169448724481526,-73.982209476634,3.04,New York,2864973,14,3727,2273913,"Industrial and Commercial Bank of China USA, National Association",New York,24387,NY,40.75782301871,02/14/1983
1,SM,1.529403809986502,-79.6398030126653,12.88,West Virginia,1011712,12,3817,878024,Clear Mountain Bank,Bruceton Mills,2443,WV,39.6586559850996,01/01/1931
1,NM,1.2073551007423902,-81.0849550185189,8.81,West Virginia,134610,2,408,115381,"Clay County Bank, Inc.",Clay,2444,WV,38.4601349842083,06/04/1902
1,N,1.1903645695323741,-93.7112200230878,11.67,Louisiana,124050,6,365,110967,Progressive National Bank,Mansfield,24443,LA,32.035172009857,03/28/1983
1,SM,1.5697761261999745,-97.1438510237,16.83,Oklahoma,688308,10,2693,576306,American Nation Bank,Ardmore,24472,OK,34.1950410204916,05/02/1983
1,NM,0.6388600138600139,-81.794162011609,4.9,West Virginia,186808,6,295,156488,"Pioneer Community Bank, Inc.",Iaeger,2448,WV,37.469462006106,09/20/1931
1,NM,1.3928092019606986,-98.5667069994689,16.14,Texas,302727,8,1035,269536,First State Bank,Graham,24498,TX,33.1083170059641,05/26/1983
1,NM,1.564655244046333,-94.1047129938867,17.1,Iowa,489908,4,1883,435435,Raccoon Valley Bank,Perry,245,IA,41.839784980677,01/01/1927
1,NM,1.1676146418180715,-73.9741181740417,11.69,New York,2661080,2,7724,2321811,Interaudi Bank,New York,24516,NY,40.760631375369,06/14/1983
1,NM,1.0487444364074545,-80.7743910051763,16.32,West Virginia,303312,5,792,275099,West Union Bank,West Union,2452,WV,39.294911981232,04/01/1893
1,NM,0.35384165585900307,-79.8499189689057,5.3,West Virginia,270237,2,236,213269,Davis Trust Company,Elkins,2453,WV,38.9249069890589,06/17/1901
1,NM,2.1389397059422985,-71.2480490055159,13.12,New Hampshire,1848366,9,9773,1528107,Bank of New England,Salem,24540,NH,42.7753780003522,06/24/1983
1,SM,0.7487489572120967,-89.37618100521,8.42,Wisconsin,416677,4,773,336872,The Bank of Brodhead,Brodhead,2455,WI,42.619606322897,04/30/1896
1,SM,2.030224355448534,-99.4725899861532,16.46,Texas,2240710,11,11281,1949063,Texas Community Bank,Laredo,24563,TX,27.5643379881812,06/20/1983
1,N,1.3308616653899543,-97.9447919958945,13.32,Texas,566408,7,1872,504314,"First Commercial Bank, National Association",Seguin,24603,TX,29.5696910142757,07/01/1983
1,NM,1.1370957350856847,-91.1502549849219,13.82,Wisconsin,242606,6,706,194657,Citizens State Bank,Cadott,2467,WI,44.9477699934262,08/20/1902
1,N,2.218752727378517,-95.8896840344601,16.27,Oklahoma,214784,2,1144,184017,"Triad Bank, National Association",Tulsa,24677,OK,36.0746040176948,08/29/1983
1,SM,2.960995447716484,-91.3927970041487,29.58,Wisconsin,711952,7,5245,577225,Northwestern Bank,Chippewa Falls,2468,WI,44.9363879975567,01/01/1904
1,NM,1.2807423704278886,-88.8387150172324,12.11,Wisconsin,208831,4,668,172949,Badger Bank,Fort Atkinson,2469,WI,42.9263779860578,01/07/1884
1,NM,1.6360919746933762,-89.075973000878,15.93,Wisconsin,261522,2,1069,223733,Bank of Deerfield,Deerfield,2477,WI,43.052397008544,01/01/1887
1,NM,1.1618284840730464,-93.7686455036761,14.32,Iowa,327517,2,874,258957,State Savings Bank,West Des Moines,248,IA,41.5590734145871,07/04/1894
1,NM,1.7903928607561377,-89.8921569669117,12.71,Wisconsin,283680,3,1283,241762,Nekoosa Port Edwards State Bank,Nekoosa,2482,WI,44.3152349927999,12/13/1913
1,NM,1.230916315616504,-80.2548610327089,15.24,Florida,1565756,3,4841,1407274,International Finance Bank,Miami,24823,FL,25.7651420197287,11/30/1983
1,SM,1.6556353608066443,-76.9225019854133,10.36,Pennsylvania,923153,3,3855,587243,Atlantic Community Bankers Bank,Camp Hill,24829,PA,40.2600499942247,11/21/1983
1,NM,1.9500204271506012,-108.255068428653,14.2,New Mexico,143839,4,710,120559,First New Mexico Bank of Silver City,Silver City,24865,NM,32.7870587660021,01/04/1984
1,NM,6.027680765748286,-75.491942034798,14.76,Delaware,252843,1,3728,147021,BNY Mellon Trust of Delaware,Wilmington,24867,DE,39.780173003571,12/31/1983
1,N,2.042073243196476,-102.079723971933,16.73,Texas,2578510,12,13188,2227163,Community National Bank,Midland,24897,TX,32.0000110156834,01/03/1984
1,N,2.2456984598418486,-97.1562466834282,16.38,Texas,81747,2,448,70501,First National Bank of South Padre Island,South Padre Island,24902,TX,26.0695542250496,12/20/1983
1,SM,1.1372404472293893,-80.198355270642,13.78,North Carolina,1247557,10,3471,1134542,Uwharrie Bank,Albemarle,24919,NC,35.351580798324,01/26/1984
1,NM,0.3781018039107029,-73.985350427211,2.88,New York,4041585,22,3780,3467016,Woori America Bank,New York,24920,NY,40.747661847038,01/27/1984
1,NM,1.1420028127732,-111.410758658969,12.88,Utah,597407,9,1690,542581,Grand Valley Bank,Heber City,24922,UT,40.49247325421,12/13/1983
1,N,0.7195464047876101,-73.4329069840875,9.29,Connecticut,319536,4,589,293605,The National Iron Bank,Salisbury,2496,CT,41.9732719855259,08/17/1847
1,NM,1.7885492461649561,-99.268795996564,15.3,Texas,527501,9,2325,451193,International Bank of Commerce,Zapata,24961,TX,26.904527981255,02/06/1984
1,SM,0.7529639487055407,-114.097843009093,8.01,Montana,209928,7,389,189818,Valley Bank of Ronan,Ronan,24966,MT,47.5220860203365,02/21/1984
1,SM,1.5599642498182387,-94.582362200405,14.97,Missouri,35540239,154,133109,28638353,Commerce Bank,Kansas City,24998,MO,39.101791632875,02/21/1984
1,N,-0.6285580382372807,-104.600316986721,-30.55,Wyoming,70650,3,-114,68756,Summit National Bank,Hulett,25054,WY,44.6827420101886,02/28/1984
1,NM,0.9572938813490917,-73.973683907638,11.04,New York,2977085,6,6840,2577829,Habib American Bank,New York,25093,NY,40.752860387206,04/16/1984
1,NM,1.3499068503191523,-95.7929560336252,8.87,Iowa,67625,2,221,57375,First Security Bank,Mapleton,251,IA,42.1661640108405,10/03/1878
1,NM,1.4626799670658035,-101.925425120595,14.29,Texas,4643946,36,16679,4116487,City Bank,Lubbock,25103,TX,33.561023345013,04/13/1984
1,NM,-0.47152296022114426,-157.859474000456,-4.13,Hawaii,669428,14,-800,520928,"Finance Factors, Ltd.",Honolulu,25158,HI,21.3103199895985,05/14/1952
1,NM,1.3389310997475339,-86.1909759911667,17.34,Kentucky,469688,4,1536,395708,Meade County Bank,Brandenburg,25173,KY,37.9899209868116,06/07/1984
1,N,0.731285299206686,-122.403486036883,5.89,California,15126000,1,28000,12639000,"Bank of America California, National Association",San Francisco,25178,CA,37.792262005523,05/18/1984
1,SM,1.6326293560309684,-92.9114619888884,12.71,Iowa,313267,1,1265,269045,Pinnacle Bank,Marshalltown,252,IA,42.0191549845129,05/05/1927
1,N,0.7724006738765172,-91.1028329427833,5.19,Louisiana,1161205,5,2152,390632,First National Banker's Bank,Baton Rouge,25247,LA,30.4192826898858,07/02/1984
1,N,1.2037009439706376,-117.293553984395,12.33,California,882652,5,2827,770996,"C3bank, National Association",Encinitas,25249,CA,33.0410840003942,06/01/1984
1,N,-0.4718943194100332,-80.264819488053,-5.38,Florida,2028949,1,-2147,1808254,"Pibank, National Association",Miami,25258,FL,25.780160462381,07/02/1984
1,NM,1.2011022460941523,-93.5594700246861,12.84,Iowa,487488,8,1458,360200,TruBank,Indianola,25267,IA,41.3736660039861,01/01/1883
1,NM,0.783062724087631,-97.2389469841677,8.47,Nebraska,557429,7,1077,475137,Bank of the Valley,Bellwood,25291,NE,41.3429449877436,05/11/1984
1,NM,0.982786044165933,-91.4455090330194,10.41,Iowa,2198462,6,5415,1894748,Luana Savings Bank,Luana,253,IA,43.0525879902079,08/01/1908
1,SM,2.175004339687261,-100.600295011234,18.59,Texas,214737,4,1159,188919,BOC Bank,Mclean,25328,TX,35.2326319949853,08/16/1984
1,NM,1.4813390403124471,-95.0134040019537,14.65,Iowa,299020,2,1117,263724,First Whitney Bank and Trust,Atlantic,254,IA,41.4081869979427,01/01/1907
1,NM,1.9568992930701306,-97.3626610251901,10.98,Nebraska,62222,3,300,49099,Cedar Security Bank,Fordyce,25591,NE,42.6990539825983,09/04/1984
1,N,28.30855867749216,-115.271260000426,99.61,Nevada,2161721,1,146082,1216688,"Credit One Bank, National Association",Las Vegas,25620,NV,36.0634150151459,07/30/1984
1,NM,1.2934407851598029,-97.4356649710963,12.55,Texas,771743,7,2446,688203,"Sage Capital Bank,",Gonzales,25621,TX,29.5218539841109,07/12/1984
1,N,0.10513990776362638,-122.401359967143,1.03,California,167555,2,44,128050,"BEACON BUSINESS BANK, NATIONAL ASSOCIATION",San Francisco,25644,CA,37.7927950107459,08/21/1984
1,N,1.4546516364552282,-96.0596210025529,23.26,Kansas,903907,6,3263,810289,Community National Bank,Seneca,25665,KS,39.8338670143084,10/04/1984
1,NM,2.0729530195163934,-97.4938068582769,16.5,Texas,4520154,41,23081,3884222,International Bank of Commerce,Brownsville,25679,TX,25.9514642870385,10/09/1984
1,NM,2.1841255705220974,-98.7475777983119,18.85,Oklahoma,184503,4,981,163511,The Bank of the West,Thomas,25703,OK,35.7438540193433,10/19/1984
1,NM,2.2932343792030787,-119.808004991993,15.7,California,359587,2,2078,297968,Murphy Bank,Fresno,25726,CA,36.8117199823315,02/01/1984
1,SM,0.6511895589321477,-96.921683456804,5.8,Oklahoma,1399061,9,2246,1140950,Sovereign Bank,Shawnee,25738,OK,35.361757314269,10/29/1984
1,N,0.3601845946047349,-73.9997695637866,1.51,New York,145758,1,132,104731,"Eastbank, National Association",New York,25749,NY,40.7184732522436,11/26/1984
1,NM,2.7265478975779995,-94.6620750216125,23.59,Texas,301846,6,2086,265145,Community Bank,Longview,25752,TX,32.5049970031274,10/15/1984
1,NM,1.4022458230363648,-84.0036829859036,15.87,Georgia,582360,1,1981,527917,Peoples Bank & Trust,Buford,25795,GA,34.1047299951803,12/13/1984
1,NM,1.5964829183899842,-85.731635711031,13.94,Kentucky,9457499,85,37898,7759260,Stock Yards Bank & Trust Company,Louisville,258,KY,38.253755051761,06/01/1904
1,NM,4.766123460803836,-117.188368978532,23.15,California,186754,1,2199,57074,Hatch Bank,San Marcos,25803,CA,33.1338220057701,01/02/1982
1,SM,1.5101576420245157,-92.1920839753896,10.71,Missouri,339547,2,1319,272233,Midwest Independent BankersBank,Jefferson City,25849,MO,38.5416419937004,01/07/1985
1,SM,1.1452618182733751,-97.135684954531,9.83,Kansas,7653639,83,20014,6332023,Equity Bank,Andover,25858,KS,37.691942233449,01/21/1985
1,NM,0.5991172033758281,-122.252588980949,4.65,California,231773,4,349,196224,Metropolitan Bank,Oakland,25869,CA,37.8002240172588,09/01/1983
1,SM,2.0665720784266695,-87.657491959472,9.89,Illinois,623529,2,3188,444372,First Eagle  Bank,Chicago,25883,IL,41.8814059914469,02/14/1985
1,NM,0.8903396867212986,-98.214304967883,8.36,Texas,1425871,24,3138,1188970,Rio Bank,Mcallen,25886,TX,26.189657000913,02/11/1985
1,N,2.261156857194763,-97.3090799955459,13.78,South Dakota,484306,12,2676,388442,First National Bank,Oldham,25894,SD,44.2275843763877,02/15/1985
1,NM,1.3643399797369367,-87.7171405049952,7.99,Alabama,171678,3,574,141953,Valley State Bank,Russellville,26021,AL,34.5161360133844,04/01/1985
1,NC,0,-73.9737993264449,0,New York,487547,,0,19885,The Bank of East Asia Ltd.,New York,26028,NY,40.7610901169298,05/01/1984
1,N,0.6136938897581384,-70.8564018136153,6.61,Massachusetts,442306,2,681,364451,The National Grand Bank of Marblehead,Marblehead,2608,MA,42.5023848621651,01/01/1831
1,N,0.8963809333495101,-71.7604112773018,9.64,Massachusetts,140829,1,314,119156,Millbury National Bank,Millbury,2616,MA,42.1918736548125,11/15/1933
1,N,-2.2054327190885123,-95.2690509591573,-21.41,Texas,854444,9,-4657,771426,Texas National Bank of Jacksonville,Jacksonville,26181,TX,31.9636659938673,03/19/1985
1,SM,1.248073930297918,-96.7125649734924,13.88,Nebraska,531516,6,1622,472934,CHARTER WEST BANK,West Point,26185,NE,41.8391060046102,04/01/1985
1,SM,8.961407636633334,-75.3562772022422,41.17,Pennsylvania,177770,1,3942,117124,The Haverford Trust Company,Radnor,26189,PA,40.0508918818341,02/01/1985
1,NM,1.5498869874071681,-84.34059,19.78,Kentucky,253307,5,978,220423,Citizens Bank,Mount Vernon,262,KY,37.3537150000001,01/01/1904
1,SM,1.321503159078887,-95.454640041783,13.93,Kansas,500729,15,1627,442033,Bank of Commerce,Chanute,26217,KS,37.681434009076,05/02/1985
1,N,1.4893731773630137,-95.547465093223,11.28,Texas,2248800,11,8319,1886424,"Golden Bank, National Association",Houston,26223,TX,29.704523105037,05/03/1985
1,N,2.3811308872261625,-98.337690019206,19.28,Texas,133459,3,794,116521,First National Bank of Dublin,Dublin,26228,TX,32.0973220197937,05/07/1985
1,N,1.2538920556379456,-97.9580960040717,18.52,Oklahoma,72081,4,223,65749,The First National Bank in Marlow,Marlow,26260,OK,34.6479450048171,01/24/1985
1,NM,1.9552259633594482,-117.127112018469,16.09,California,254901,1,1226,193199,Home Bank of California,San Diego,26271,CA,32.8217650078338,10/31/1981
1,N,1.1225134762244664,-80.1923149898524,10.18,Florida,1512885,8,4189,1229060,Pacific National Bank,Miami,26299,FL,25.7604805843025,07/22/1985
1,SB,1.527056117655937,-117.861833021912,22.62,California,8323217,10,28810,7801359,"First American Trust, FSB",Santa Ana,26312,CA,33.7015330017086,07/30/1985
1,N,1.1408491947291362,-81.5491780087115,11.48,Florida,713842,5,1948,641267,"Florida Capital Bank, National Association",Jacksonville,26323,FL,30.2413749928779,08/12/1985
1,NM,1.2988364526577696,-77.5744719792038,14.39,New York,1314433,3,4259,1056322,Genesee Regional Bank,Rochester,26333,NY,43.1088676923462,08/12/1985
1,SI,0.38559608565111836,-71.215916057683,4.55,Massachusetts,2033847,11,1968,1829768,The Village Bank,Newton,26336,MA,42.307033209273,05/01/1910
1,N,2.29791520154351,-84.3672740200382,21.57,Georgia,8785816,1,48343,7773634,"RBC Bank, (Georgia) National Association",Atlanta,26342,GA,33.8518050191234,08/30/1985
1,N,0.7276693242978185,-95.3706849717399,6.17,Texas,236180,2,422,204546,Unity National Bank of Houston,Houston,26351,TX,29.7236579841579,08/01/1985
1,NM,1.1937093594779542,-93.2279680172112,16.75,Missouri,175919,1,517,156396,State Bank of Southwest Missouri,Springfield,26358,MO,37.1800280162972,09/16/1985
1,NM,0.7631200653548824,-117.71940449901,5.03,California,413501,4,787,311987,Community Commerce Bank,Claremont,26363,CA,34.1069427284092,10/01/1976
1,N,0.9472658232988811,-90.4701949704765,8.93,Mississippi,405099,5,933,360607,Pike National Bank,Mccomb,26379,MS,31.2524910137302,09/30/1985
1,N,0.6339967975289869,-93.710866977326,7.37,Louisiana,1578903,15,2537,1406883,"Bonvenu Bank, National Association",Bossier City,26381,LA,32.529088981696,10/07/1985
1,NM,3.9870051051372672,-75.6600530052837,4.23,Delaware,139832,1,1396,3018,Deutsche Bank Trust Company Delaware,Newark,26392,DE,39.6886960136186,10/07/1985
1,SI,0.12593251659708438,-73.2547269171359,1,Massachusetts,444654,5,138,323217,The Pittsfield Co-operative Bank,Pittsfield,26393,MA,42.4474329792184,01/01/1889
1,SI,0.26458684405673794,-71.4073608216864,1.32,Massachusetts,1256749,3,830,968279,MutualOne Bank,Framingham,26395,MA,42.300516908197,01/01/1889
1,SM,0.6362301368833879,-72.5989299978125,5.58,Massachusetts,858019,10,1355,756767,Greenfield Co-operative Bank,Greenfield,26397,MA,42.589483481175,01/01/1905
1,SI,0.17765390132361572,-71.080637756307,1.88,Massachusetts,638076,7,283,512732,Haverhill Bank,Haverhill,26411,MA,42.7739239916084,01/01/1877
1,NM,1.5743366202547717,-98.5884200947327,12.32,Oklahoma,73064,2,279,63504,Community State Bank of Canton,Canton,26416,OK,36.05337218581,10/10/1985
1,N,0.6728757136098865,-80.255736354858,7.61,Florida,869333,5,1449,762515,"Terrabank, National Association",Coral Gables,26442,FL,25.752720081132,11/21/1985
1,SI,0.7566630398120506,-71.0558500378653,7.9,Massachusetts,1649986,3,3079,1210901,Everett Co-operative Bank,Everett,26444,MA,42.4062661837816,01/01/1890
1,SM,0.28394011677357056,-71.1452404368414,2.09,Massachusetts,153787,1,111,126560,Canton Co-operative Bank,Canton,26450,MA,42.155579133963,01/01/1891
1,SI,0.7860262970737336,-71.73779036465,6.64,Massachusetts,1344721,13,2676,1117354,Fidelity Co-operative Bank,Leominster,26451,MA,42.5203407846952,01/01/1888
1,SI,0.6236009557854842,-72.0331975501185,6.15,Massachusetts,797780,7,1239,568683,Savers Co-operative Bank,Southbridge,26455,MA,42.0751616042457,01/01/1910
1,SM,0.816304880143337,-71.238153749722,7.33,Massachusetts,7174892,21,14389,6102274,Needham Bank,Needham,26483,MA,42.280427581761,01/01/1892
1,SM,1.266462077550662,-70.949222087371,8.56,Massachusetts,3270641,30,10297,2652134,TruNorth Bank,Peabody,26484,MA,42.547046659769,01/01/1888
1,SM,1.080536662397573,-71.2529674224802,5.77,Massachusetts,649398,1,1738,512726,Walpole Co-operative Bank,Walpole,26487,MA,42.1451748032799,01/01/1912
1,N,1.3747887628171733,-94.2412019773578,13.18,Minnesota,469591,10,1623,340534,American National Bank of Minnesota,Baxter,26499,MN,46.3699220150569,05/01/1983
1,SI,0.3208552353707404,-71.1853707261315,3.46,Massachusetts,143289,1,113,129697,Methuen Co-operative Bank,Methuen,26512,MA,42.7260639950289,01/01/1923
1,SM,0.6768214623647935,-71.0731843165463,7.34,Massachusetts,134236,1,228,116331,Stoughton Co-operative Bank,Stoughton,26513,MA,42.1119279005155,01/01/1886
1,SI,0.4450103158490041,-70.2523772894488,4.71,Massachusetts,1672894,11,1859,1396072,Cape & Coast Bank,Yarmouth Port,26517,MA,41.7036783352359,01/01/1921
1,NM,2.946387466692708,-93.8831473661588,23.95,Missouri,144960,3,1056,126665,Security Bank of Southwest Missouri,Cassville,26520,MO,36.6709077253898,12/13/1985
1,NM,2.443381846411141,-100.529401712366,20.95,Kansas,620000,14,3773,546767,The Bank,Oberlin,26522,KS,39.818801591088,11/21/1985
1,SM,1.1564018439955202,-71.8598266839328,9.8,Massachusetts,1620502,15,4609,1383332,Bankhometown,Oxford,26523,MA,42.1164786033875,01/01/1889
1,NM,1.3725753080230758,-147.72126497129,13.36,Alaska,516515,5,1766,455055,Denali State Bank,Fairbanks,26530,AK,64.8458620090251,02/03/1986
1,SI,0.41822101173342285,-70.6621963021635,5.08,Massachusetts,384394,3,405,294985,BankGloucester,Gloucester,26536,MA,42.6128317334749,01/01/1887
1,NM,1.3160130480975882,158.2056,10.39,Federated States Of Micronesia,264620,5,881,229687,Bank of the Federated States of Micronesia,Kolonia,26539,FM,6.964,02/07/1986
1,N,1.4994873466541077,-96.8577159833432,14.84,Texas,261753,1,989,234566,"Bank of DeSoto, National Association",De Soto,26542,TX,32.6295520004954,01/27/1986
1,SM,0.7259045072620697,-71.087882151402,7.69,Massachusetts,250933,3,450,224736,Bank of Easton,North Easton,26554,MA,42.068384332614,01/01/1889
1,SI,0.9117230569357444,-71.2005613330754,6.68,Massachusetts,1056267,4,2379,842207,OneLocal Bank,Norwood,26555,MA,42.1911589718383,01/01/1889
1,SI,0.49865395912986454,-71.1099843080668,6.46,Massachusetts,902832,2,1113,749977,"StonehamBank,  A Co-operative Bank",Stoneham,26559,MA,42.4803960707413,01/01/1887
1,NM,1.8790751211929666,-91.4437110309693,18.96,Louisiana,618129,7,2865,556499,Delta Bank,Vidalia,26564,LA,31.5722009826322,01/10/1986
1,SI,-0.8938854795179894,-71.1293926886885,-3.12,Massachusetts,86398,1,-195,60021,North Cambridge Co-operative Bank,Cambridge,26567,MA,42.396281828357,01/01/1912
1,SI,0.0020860821812075285,-71.3300509244809,0.02,Massachusetts,195037,3,1,178143,Wrentham Co-operative Bank,Wrentham,26576,MA,42.0655078310824,01/01/1901
1,NM,0.8114935577945322,-79.8688390198484,9.52,South Carolina,101694,2,208,92174,Dedicated Community Bank,Darlington,26588,SC,34.3041759982259,03/10/1986
1,SM,0.3085768650079626,-70.964044058213,2.81,Massachusetts,985408,10,746,781988,Coastal Heritage Bank,Weymouth,26591,MA,42.2162130671629,01/01/1889
1,SM,0.3422803662645281,-71.4094698761634,5.28,Massachusetts,330099,4,279,306589,Charles River Bank,Medway,26602,MA,42.1524785841594,01/01/1915
1,NM,0.6977529705524986,-118.29203001144,5.51,California,18652384,78,32427,15771705,Bank of Hope,Los Angeles,26610,CA,34.060771020158,03/18/1986
1,SM,0.42121307049946316,-71.103836098269,6.81,Massachusetts,1176917,13,1274,1048319,Reading Co-operative Bank,Reading,26620,MA,42.523739939799,01/01/1886
1,N,0.24087023352501488,-96.804410767185,1.51,Texas,1023976,3,637,761661,"United Texas Bank, National Association",Dallas,26626,TX,32.92696099399,04/07/1986
1,NM,1.579252780831544,-97.0784539902017,17.07,Texas,803810,10,3225,720690,Bank of the West,Grapevine,26627,TX,32.9413800048369,04/01/1986
1,SI,1.134890591607668,-71.089264075779,8.84,Massachusetts,878922,11,2470,681164,Mechanics Cooperative Bank,Taunton,26634,MA,41.9278193553573,01/01/1877
1,SI,1.5324348974561444,-75.2850319888839,14.46,Pennsylvania,5636176,18,21748,4762157,Firstrust Savings Bank,Conshohocken,26647,PA,40.0943530118532,01/01/1934
1,NM,2.1664859445410114,-99.0708249989296,19.18,Texas,94426,1,497,83782,Bandera Bank,Bandera,26653,TX,29.7241119899434,04/24/1986
1,NM,0.5896099227035773,-100.902344016778,3.1,Texas,56320,1,82,45216,Amistad Bank,Del Rio,26658,TX,29.3763029898407,04/25/1986
1,SM,1.042698503727647,-97.5657419662763,8.41,Oklahoma,303205,2,825,245885,The Bankers Bank,Oklahoma City,26677,OK,35.5626320073207,05/28/1986
1,NM,1.3700120996395715,-86.4719590109177,15.73,Florida,154686,3,535,139549,PNB Community Bank,Niceville,26687,FL,30.5178990077776,06/16/1986
1,NM,3.2851159889506043,-91.9151420387976,6.57,Wisconsin,339278,4,2765,168499,Bank of Alma,Alma,26689,WI,44.3217119827502,06/20/1986
1,NM,2.0332117893093504,-82.5987109740259,13.34,Kentucky,319587,5,1654,270472,Kentucky Farmers Bank Corporation,Catlettsburg,267,KY,38.4176329935052,01/01/1931
1,NM,0.7833527375148074,-85.7611639824515,8,Kentucky,489943,7,963,438508,"River City Bank, Inc.",Louisville,26703,KY,38.2513439973124,06/26/1986
1,NM,-0.6028060818827904,-117.018653041226,-5.47,California,408010,4,-616,361152,Balboa Thrift and Loan Association,Chula Vista,26704,CA,32.6372669975447,12/11/1980
1,NM,1.6722421788525554,-97.2205870119951,20.47,Texas,127106,2,508,110442,Spectra Bank,Fort Worth,26708,TX,32.7881280112956,06/30/1986
1,NM,1.5720535927361161,-80.1911009849008,14.45,Florida,3393780,4,12969,2995802,Banco do Brasil Americas,Miami,26725,FL,25.7612270003935,07/24/1986
1,NM,0.8560246875628126,-98.198371975775,4.66,Texas,170561,8,362,137765,Bank of South Texas,Mcallen,26727,TX,26.23660999175,07/08/1986
1,NM,0.3003966932138207,-99.8454659897114,2.15,Texas,260791,5,186,222118,Texas Financial Bank,Eden,26738,TX,31.2158560199737,07/31/1986
1,NM,0.2985479712308319,-92.4689470382728,2.09,Minnesota,30012,4,22,25051,"Minnesota First Credit and Savings, Incorporated",Rochester,26755,MN,44.0442139907015,01/01/1956
1,NM,1.7040829080510775,-93.2649939848413,18.85,Iowa,771964,9,3221,690713,Green Belt Bank & Trust,Iowa Falls,26760,IA,42.5198999804072,07/31/1986
1,N,1.757314008247322,-73.9702210081603,6.7,New Jersey,839649,4,3601,602557,"Hana Bank USA, National Association",Fort Lee,26790,NJ,40.8514089793206,09/16/1986
1,NM,0.9590402467122122,-111.890837024847,6.38,Utah,111401,1,269,89034,Home Savings Bank,Salt Lake City,26798,UT,40.6944010130569,01/01/1979
1,NM,2.5137275803512775,-86.7596749620324,9.01,Alabama,489951,7,3042,342468,EvaBank,Eva,26799,AL,34.3314890164563,10/13/1986
1,NM,-8.543384373773065,-111.890679780343,-24.08,Utah,12443,1,-272,7686,"Liberty Bank, Inc.",Salt Lake City,26816,UT,40.767459064148,11/05/1956
1,N,1.0595882548717286,-84.0663539730321,9.58,Kentucky,74334,2,195,65823,The First National Bank of Brooksville,Brooksville,2682,KY,38.6827849870002,07/07/1907
1,N,0.36541589594015267,-82.1882070145515,5.32,Florida,286330,4,262,240618,First National Bank of Pasco,Dade City,26829,FL,28.3515620177386,11/03/1986
1,NM,1.9004068058318735,-76.0665869601381,19.51,Maryland,133993,3,640,105177,The Chesapeake Bank & Trust Co.,Chestertown,26847,MD,39.2087580027099,12/15/1986
1,NM,1.4526631222248976,-99.4748299659578,12.2,Texas,2277493,20,8092,1997153,Falcon International Bank,Laredo,26856,TX,27.5758439943082,12/10/1986
1,SM,0.11328195524654755,-77.6111650176398,0.84,Virginia,153720,1,40,95088,Community Bankers' Bank,Midlothian,26871,VA,37.5254529935892,01/02/1987
1,N,0.9358714716149152,-73.979559873221,8.65,New York,12154963,6,28801,10397024,Safra National Bank of New York,New York,26876,NY,40.755616985613,01/01/1987
1,N,2.0334018558757188,-111.813306013035,15.84,Utah,49667835,4,244608,42321604,"SoFi Bank, National Association",Cottonwood Heights,26881,UT,40.632182983976,12/29/1986
1,SM,0.9499851564819299,-94.1926410022157,9.93,Minnesota,291973,6,684,264294,Liberty Bank Minnesota,Saint Cloud,26891,MN,45.548105996823,01/01/1987
1,SM,-0.012878075297089573,-97.7623145172538,-0.14,Texas,2959361,37,-95,2546780,Texas Regional Bank,Harlingen,26906,TX,26.1871000175304,03/05/1987
1,N,0.9815426773251263,-84.0832460225016,10.85,Kentucky,833133,14,2022,754483,Cumberland Valley National Bank & Trust Company,London,2691,KY,37.1286829920154,01/01/1904
1,NM,1.4517780326298537,-79.9317348096202,13.85,South Carolina,561677,6,2065,488453,The Bank of South Carolina,Charleston,26912,SC,32.7832803795036,02/26/1987
1,SI,0.11850183503035688,-71.1313512041845,1.34,Massachusetts,543452,4,161,459819,The Cooperative Bank,Roslindale,26922,MA,42.2864273061447,01/01/1898
1,NM,2.068999170448446,-112.735711993992,22.69,Montana,49867,1,265,45001,Peoples Bank of Deer Lodge,Deer Lodge,26941,MT,46.3980810187748,04/09/1987
1,SM,2.1276626151328717,-93.779448966393,21.57,Iowa,352035,4,1861,275189,American State Bank,Osceola,26944,IA,41.0295240027036,04/23/1987
1,N,1.9105292336560196,-82.9460879708389,16.34,Kentucky,364320,7,1736,319010,The First National Bank of Grayson,Grayson,2695,KY,38.3293959863155,01/01/1902
1,NM,0.6891831168424022,-92.6276609732898,9.65,Missouri,2326833,1,3957,1978101,First Bank of the Lake,Osage Beach,26960,MO,38.1456370084293,05/15/1987
1,NM,1.5185933122631095,-86.3065559818906,15.49,Tennessee,5989062,32,22524,5352805,Wilson Bank and Trust,Lebanon,26962,TN,36.210126986825,05/11/1987
1,N,1.5683396754193373,-84.5784699845027,13.43,Kentucky,1277097,17,4969,1111275,First Southern National Bank,Lancaster,2700,KY,37.6188789855777,04/13/1865
1,NM,-11.412873821564586,-104.945298016512,-85.34,Colorado,16271,2,-457,13976,Young Americans Bank,Denver,27010,CO,39.7173679898108,08/03/1987
1,SB,-3.997289972899729,-71.1344867903434,-47.65,Massachusetts,176376,2,-1770,134335,42 North Private Bank,Canton,27015,MA,42.206049548558,01/01/1967
1,N,1.2481735300775862,-104.987973973615,9.27,Colorado,384497,3,1213,325545,"Native American Bank, National Association",Denver,27026,CO,39.7195669821089,07/27/1987
1,SM,1.2067744335960264,-97.181181002958,7.58,Texas,219725,2,673,182326,Sanger Bank,Sanger,27043,TX,33.367334996987,09/08/1987
1,N,1.0372710911620757,-95.451511077327,11.99,Kansas,2507344,44,6440,2194135,Community National Bank & Trust,Chanute,27046,KS,37.68236775309,09/04/1987
1,N,1.3586570870079917,-88.318633012622,13.53,Illinois,3542800,10,11883,2992145,"St. Charles Bank & Trust Company, National Association",Saint Charles,27052,IL,41.9126900201257,09/21/1987
1,NM,1.911411248614045,-74.0283400351314,13.44,New Jersey,3808127,1,18114,3230543,Sumitomo Mitsui Trust Bank (U.S.A.) Limited,Hoboken,27054,NJ,40.7373089812404,09/21/1987
1,NM,3.935154251718984,-96.942714569155,26.95,Texas,2764700,7,27239,2223978,State Bank of Texas,Irving,27074,TX,32.869450086886,10/19/1987
1,N,0.9884585735535215,-83.7634597381999,10.46,Kentucky,231447,6,569,208509,The First National Bank of Manchester,Manchester,2708,KY,37.1535785926728,02/05/1905
1,NM,1.1381163017215468,-83.9431590232733,13.32,Kentucky,2408557,19,6929,2142558,"Traditional Bank, Inc.",Mount Sterling,2711,KY,38.0563660096639,03/17/1902
1,NM,0.9962866166031752,-86.8442050306332,11.84,Alabama,372084,9,933,338887,Premier Bank of the South,Cullman,27118,AL,34.1775090127147,11/30/1987
1,SM,0.9540291735140559,-82.8012380389502,7.38,Kentucky,685951,12,1640,588820,"Citizens Bank of Kentucky, Inc.",Paintsville,2718,KY,37.8102620168637,01/01/1910
1,SM,1.5939218685945444,-82.5432993721312,12.08,Kentucky,6698348,78,26580,5442072,"Community Trust Bank, Inc.",Pikeville,2720,KY,37.4859642740697,11/17/1903
1,NM,0.7236826340130837,-97.8988477691945,9.03,Oklahoma,87447,3,151,80669,Community State Bank,Hennessey,27201,OK,36.1149437803849,03/24/1988
1,SM,3.1208805004169196,-97.5665909692489,27.24,Oklahoma,5478222,47,42635,4821775,InterBank,Oklahoma City,27210,OK,35.5209729846199,03/31/1988
1,NM,0.386994475144664,-86.4609170269505,3.65,Tennessee,854040,5,817,650119,First Community Bank of Tennessee,Shelbyville,27211,TN,35.4894229981533,04/01/1988
1,SM,0.5637537066108494,-84.8030220087632,3.9,Kentucky,141938,1,202,102378,"Independent Correspondent Bankers' Bank, Inc.",Frankfort,27219,KY,38.1755650128124,04/12/1988
1,N,1.5700790629211667,-83.0506547420138,14.51,Kentucky,161180,2,632,122547,The Salyersville National Bank,Salyersville,2723,KY,37.7584542069708,10/10/1902
1,NM,1.5531591156637925,-86.1499402906772,18.54,Alabama,485550,9,1868,442272,Peoples Independent Bank,Boaz,27233,AL,34.1953509137613,05/02/1988
1,NM,1.0360321301970705,-85.14209310222,11.48,Indiana,3190224,37,8319,2810966,STAR Financial Bank,Fort Wayne,27235,IN,41.079914819566,05/02/1988
1,SM,1.199312847983284,-90.33898365234,10.29,Missouri,17196325,57,51669,14656822,Enterprise Bank & Trust,Clayton,27237,MO,38.653613994202,05/09/1988
1,SI,0.6294129864819751,-71.138249678136,5.37,Massachusetts,931730,2,1447,759779,Winchester Co-operative Bank,Winchester,27238,MA,42.4529641971239,01/01/1893
1,N,1.6506733402466771,-84.6041070411932,28.56,Kentucky,706473,12,2903,565107,The Citizens National Bank of Somerset,Somerset,2725,KY,37.09260799321,01/01/1919
1,NM,1.2842281780223392,-82.3615760367185,15,Georgia,233994,1,762,209386,Waycross Bank & Trust,Waycross,27254,GA,31.2117299862261,06/01/1988
1,NM,1.8835534762684754,-73.8295662188109,12.43,New York,1033642,8,4788,867588,Amerasia Bank,Flushing,27267,NY,40.75796932483,06/20/1988
1,SI,0.396553566793728,-71.3975305256422,5.97,Massachusetts,493257,4,487,422717,Dean Co-operative Bank,Franklin,27269,MA,42.0836824793758,01/01/1889
1,SB,2.6188483059435166,-111.895847978022,20.33,Utah,114855000,1,743000,85813000,Synchrony Bank,Draper,27314,UT,40.5363349991554,08/01/1988
1,SM,1.4610535122053243,-85.6999699704815,16.73,Kentucky,134672,3,489,108709,Bank of Buffalo,Buffalo,2733,KY,37.5111289916146,01/07/1901
1,N,1.446060965161621,-85.1778190438675,16.06,Kentucky,257115,6,903,227313,FIRST NATIONAL BANK OF KENTUCKY,Carrollton,2735,KY,38.6811739136864,01/01/1881
1,SM,0.7110560777471342,-97.2641370339618,4.17,Kansas,212248,1,379,124942,Bankers' Bank of Kansas,Wichita,27351,KS,37.6959909860492,10/05/1988
1,NM,1.4361570145402214,-89.7232340414651,11.62,Illinois,806409,19,2894,700492,Prairie State Bank and Trust,Springfield,27362,IL,39.7571850054698,11/04/1988
1,N,1.474504829091821,-84.6198070163931,13.09,Kentucky,679539,11,2499,591506,"First & Farmers National Bank, Inc.",Somerset,2738,KY,37.0652730143933,10/15/1903
1,NM,1.5708646447881824,-87.6712729817588,14.5,Alabama,1009751,11,3961,895001,First Metro Bank,Muscle Shoals,27381,AL,34.7443689940238,11/07/1988
1,SI,2.61302300261405,-75.1049580309097,12.11,Pennsylvania,97087,1,636,60528,Port Richmond Savings,Philadelphia,27385,PA,39.9864599807125,01/01/1919
1,N,0.9953182823861867,-115.200890882748,5.53,Nevada,9029626,1,22438,7237356,Wells Fargo National Bank West,Las Vegas,27389,NV,36.1262566515448,12/01/1988
1,NM,2.126429312903842,-97.959409029204,14.13,Oklahoma,952245,14,5052,800455,First Bank & Trust Co.,Duncan,27394,OK,34.502362997505,12/08/1988
1,NM,1.7878403650818644,-95.5570150146061,21.61,Texas,184734,2,809,168340,Peoples Bank,Paris,27398,TX,33.6604050144834,12/15/1988
1,N,1.065544244759039,-84.772755962225,11.23,Kentucky,983396,15,2629,861955,The Farmers National Bank of Danville,Danville,2740,KY,37.6454940008211,02/10/1879
1,NM,0.39024952208833896,-90.4457189750139,7.15,Missouri,277476,4,271,243578,Commercial Bank,Saint Louis,27409,MO,38.703029001459,12/21/1988
1,SB,0.29904097559127873,-71.452195,2.73,Rhode Island,522042,4,375,417845,Shoreham Bank,Warwick,27417,RI,41.703109,01/01/1979
1,N,3.7356279336396763,-111.89409599262,42.14,Utah,217568586,1,2002501,173984176,American Express National  Bank,Sandy,27471,UT,40.574974986061,03/20/1989
1,SM,1.6759760867173517,-97.514094103833,15.09,Oklahoma,12799696,123,53032,11213314,BancFirst,Oklahoma City,27476,OK,35.468042020438,04/01/1989
1,SM,0.765807050648456,-80.6668390336758,10.91,South Carolina,423897,5,799,376893,Bank of the Lowcountry,Walterboro,27496,SC,32.9164020171931,05/01/1989
1,NM,5.249767450218116,-75.5512379647937,38.74,Delaware,7766339,1,101890,3958148,Comenity Bank,Wilmington,27499,DE,39.8143070050582,05/01/1989
1,NM,0.7779248644118052,-86.682946129331,10.19,Kentucky,434974,8,833,382022,"Morgantown Bank & Trust Company, Incorporated",Morgantown,275,KY,37.226071947153,09/01/1880
1,N,1.3222581230390122,-85.7400649719592,9.39,Kentucky,455921,5,1485,380782,The Lincoln National Bank of Hodgenville,Hodgenville,2750,KY,37.5742269948005,07/20/1930
1,NM,0.37603674331412973,-73.9819563343755,1.6,New York,542277,7,507,410257,The Berkshire Bank,New York,27503,NY,40.751379834371,05/08/1989
1,NM,1.1650118777260183,-86.2756909645515,8.43,Alabama,1196808,9,3455,1023478,Metro Bank,Pell City,27510,AL,33.5818149911155,05/30/1989
1,SM,0.8985112433388296,-85.253992874759,14.65,Kentucky,166814,1,376,151192,"Citizens Bank and Trust of Lebanon, Inc.",Lebanon,2753,KY,37.569685595841,01/01/1889
1,N,0.9897585696060567,-85.2536789724853,9.8,Kentucky,162592,2,385,145570,The Farmers National Bank of Lebanon,Lebanon,2754,KY,37.5692589988789,04/01/1890
1,NM,2.5794986649079177,-87.6322739979402,18.51,Illinois,237753,1,1408,204944,Burling Bank,Chicago,27556,IL,41.8777350112227,08/07/1989
1,NM,1.5145942216177533,-86.5713360284322,13.67,Alabama,175771,4,664,153865,North Alabama Bank,Hazel Green,27560,AL,34.9216949869514,08/14/1989
1,SI,0.19543318627944073,-76.6254269688509,2.21,Maryland,104448,1,51,95106,The Glen Burnie Mutual Savings Bank,Glen Burnie,27567,MD,39.1636359967122,05/05/1896
1,N,1.744090822923639,-87.8411753325915,18.59,Illinois,8997757,10,40079,6987404,"Lake Forest Bank & Trust Company, National Association",Lake Forest,27589,IL,42.2529462130055,05/21/1986
1,NM,1.3068343691635627,-88.6347429960197,16.63,Kentucky,765904,11,2477,702229,"FNB Bank, Inc.",Mayfield,2759,KY,36.7419379980964,01/01/1875
1,SL,0.16132421057726026,-80.279470551889,0.88,North Carolina,1307724,10,525,957373,Piedmont Federal Savings Bank,Winston Salem,27619,NC,36.093113774477,01/01/1903
1,SB,0.30493615399275775,-82.7880289977361,2.12,Ohio,282964,9,214,234824,First Federal Bank of Ohio,Galion,27643,OH,40.7346729984203,01/01/1891
1,NM,1.4848802566152122,-87.8828796085241,20.56,Kentucky,240483,4,894,219687,Farmers Bank and Trust Company,Princeton,2765,KY,37.1080041858568,01/01/1900
1,SB,1.0925675654290354,-93.720387981143,11.43,Louisiana,641909,11,1726,575896,Home Federal Bank,Shreveport,27654,LA,32.4492800200588,01/01/1924
1,SB,-0.07331710633936754,-89.6943374302678,-0.92,Illinois,501074,9,-93,412003,"Sterling Federal Bank, F.S.B.",Sterling,27664,IL,41.7900464319578,01/01/1885
1,N,1.289140744037938,-85.0720489980057,14.68,Kentucky,469503,3,1506,425178,The First National Bank of Russell Springs,Russell Springs,2767,KY,37.0663500051323,01/01/1906
1,SM,1.528353908275918,-82.552670772445,11.51,North Carolina,4384743,33,17058,3646303,HomeTrust Bank,Asheville,27677,NC,35.59862964116,01/01/1926
1,SI,0.8574273747740226,-95.549727704166,6.92,Texas,616151,4,1312,534339,"First Federal Community Bank, SSB",Paris,27678,TX,33.660095847985,01/01/1922
1,SB,0.3306197444771051,-87.8561793583707,1.46,Illinois,270413,3,222,202892,North Shore Trust and Savings,Waukegan,27683,IL,42.3454271035015,01/01/1921
1,SI,0.8437445110681039,-80.2031389904223,5.17,Pennsylvania,622521,1,1309,519815,Slovenian Savings and Loan Association of Canonsburg,Strabane,27686,PA,40.2480689856447,01/01/1925
1,SB,0.3216290887331647,-90.0151250185515,1.55,Louisiana,535316,7,430,419060,Fifth District Savings Bank,New Orleans,27697,LA,29.9223520047601,01/01/1926
1,SI,0.8873130487390102,-78.4102430280346,6.64,Pennsylvania,334725,5,737,286183,Altoona First Savings Bank,Altoona,27711,PA,40.4883110106402,01/01/1927
1,SB,-0.7047047047047047,-90.1862419909734,-1.54,Louisiana,37545,2,-66,20285,Mutual Savings and Loan Association,Metairie,27716,LA,30.0014630053199,01/01/1910
1,SI,0.6502746544431827,-89.64886744956,7.63,Illinois,251463,3,413,193454,"Security Bank, s.b.",Springfield,27723,IL,39.799210694525,01/01/1906
1,SB,1.0778323252179403,-98.2028800147599,7.85,Kansas,190505,4,525,159991,Lyons Federal Bank,Lyons,27727,KS,38.3463260058064,01/01/1913
1,SI,0.8100424642133379,-86.0541870193808,12.23,Indiana,349284,4,707,282196,Mutual Savings Bank,Franklin,27742,IN,39.4809049877715,01/01/1890
1,SL,-0.019567158155632283,-90.0716870231888,-0.14,Louisiana,244657,5,-12,209983,Hibernia Bank,New Orleans,27752,LA,29.951319987863,01/01/1886
1,SI,0.6616847956759668,-80.0376829877671,7.06,Pennsylvania,365179,5,602,130871,West View Savings Bank,Pittsburgh,27760,PA,40.5697590115339,01/01/1908
1,SI,0.8626981752916543,-79.1569250073083,9.59,Pennsylvania,673050,11,1442,604430,InFirst Bank,Indiana,27763,PA,40.6232399962019,01/01/1922
1,SB,0.10171192159935125,-89.9260839772998,0.63,Illinois,146115,6,37,121575,Union Federal Savings and Loan Association,Kewanee,27767,IL,41.24376699852,01/01/1890
1,NM,0.767749739035342,-85.4264139874961,9.35,Alabama,746492,14,1448,679875,MidSouth Bank,Dothan,2777,AL,31.2287139851734,01/01/1912
1,SB,0.8181617324896737,-96.7865051779833,9.05,North Dakota,4028761,46,8193,3608897,Gate City Bank,Fargo,27774,ND,46.8778036985909,01/01/1923
1,N,0.5366537403233588,-87.4934759677823,7.09,Alabama,243510,4,324,224326,The First National Bank and Trust,Atmore,2779,AL,31.0233490173814,01/01/1915
1,SB,0.37479336487487885,-82.6013480045839,3.19,Ohio,282485,3,263,248770,Fairfield Federal Savings and Loan Association of Lancaster,Lancaster,27806,OH,39.7140220178822,01/01/1895
1,SM,1.271215121668535,-85.5890390023538,14.21,Michigan,5551229,59,17560,4943011,Independent Bank,Grand Rapids,27811,MI,43.0387360151106,01/01/1890
1,SL,0.27865587050203566,-71.2285800237342,2.5,New Hampshire,570380,2,398,403997,Salem Co-operative Bank,Salem,27824,NH,42.7815809858877,01/01/1922
1,NM,0.7555949153005866,-86.1639890289698,6.23,Alabama,237192,1,449,204141,First Bank of Boaz,Boaz,2784,AL,34.1974060163821,01/01/1906
1,SB,0.20626151012891344,-84.5109730328019,0.74,Kentucky,40591,1,21,26754,Citizens Federal Savings and Loan Association,Covington,27841,KY,39.0859529790869,01/01/1886
1,NM,0.21106067084542537,-81.7311399903759,2.14,Ohio,54412,1,29,35389,The Pioneer Savings Bank,Cleveland,27847,OH,41.4836359869147,01/01/1922
1,NM,1.423606574512007,-87.2881489992437,13.4,Alabama,192306,4,681,171250,Community Neighbor Bank,Camden,2787,AL,31.9902731783862,04/01/1906
1,SB,2.2847896790784272,-104.523882998398,22.59,New Mexico,1086048,11,6326,825056,Pioneer Bank,Roswell,27872,NM,33.4330419932646,02/18/1901
1,SB,-0.4550750763954537,-82.4402859632113,-2.96,West Virginia,538595,5,-621,424398,Huntington Federal Savings Bank,Huntington,27884,WV,38.4196290180178,01/01/1929
1,SI,-0.22561957249791417,-82.319399641044,-1.87,North Carolina,42726,1,-24,37157,"Black Mountain Savings Bank, SSB",Black Mountain,27897,NC,35.618766534896,04/04/1923
1,SL,0.7476209470625107,-93.6743839893836,5.24,Missouri,133076,2,246,113791,"Home Savings and Loan Association of Carroll County, F.A.",Norborne,27898,MO,39.3027780201765,01/01/1919
1,SB,0.7369407949953533,-87.6690340077826,3.04,Illinois,118574,2,225,87269,"Central Savings, f.s.b.",Chicago,27910,IL,41.9394660098196,01/01/1893
1,NM,1.1034582890951823,-86.3650295436664,4.54,Alabama,55656,1,152,41178,Dozier Bank,Dozier,2794,AL,31.4923223040556,03/10/1910
1,SI,0.09650877566118443,-80.066090012,1.01,Pennsylvania,1040700,14,249,732216,Brentwood Bank,Bethel Park,27943,PA,40.313259991963,01/01/1922
1,SB,0.1593095583856381,-84.6227039697686,2.09,Ohio,263050,4,106,239515,Greenville Federal,Greenville,27965,OH,40.120928003509,01/01/1883
1,SB,1.3917019271261555,-81.5157420102115,11.4,Ohio,300678,1,1041,246564,Community Savings,Caldwell,27969,OH,39.7466479892594,01/01/1885
1,SB,0.8249721804069108,-95.6735330241143,8.2,Kansas,9843365,46,20253,7008256,Capitol Federal Savings Bank,Topeka,27981,KS,39.0499139805557,01/01/1893
1,NM,0.7332418163494677,-88.8430300209872,6.59,Illinois,360809,3,663,298354,OSB Community Bank,Ottawa,27989,IL,41.3496420026522,01/01/1871
1,SI,2.0589062152008264,-84.4226779809327,17.84,Ohio,1381983,13,7049,1215671,Guardian Savings Bank,West Chester,27998,OH,39.3286330063495,01/01/1895
1,SI,0.4484290318690952,-81.030964581776,3.61,North Carolina,155591,1,172,106485,"Belmont Savings Bank, SSB",Belmont,28035,NC,35.246713382772,01/01/1915
1,N,1.666987690206447,-85.6966110066029,14.86,Alabama,173931,3,714,153412,The First National Bank of Hartford,Hartford,2804,AL,31.1025800048851,01/01/1905
1,NM,1.002671078985096,-85.3430121368289,11.27,Alabama,280578,4,709,252748,HNB First Bank,Headland,2805,AL,31.3512599167442,08/16/1933
1,SB,0.3513025674183033,-83.7593350018185,3.43,Ohio,186592,1,163,165288,Citizens Federal Savings and Loan Association,Bellefontaine,28060,OH,40.3613750079467,01/01/1885
1,SB,0.8913864935568259,-84.3548819629265,4.89,Ohio,82394,3,184,67033,The Covington Savings and Loan Association,Covington,28063,OH,40.1188769937115,01/01/1886
1,SL,0.7505809365533643,-84.7920340042524,5.01,Ohio,273464,3,516,204907,The Harrison Building and Loan Association,Harrison,28080,OH,39.2625300070562,01/01/1916
1,NM,0.991266966192157,-122.335724468499,8.98,Washington,27552061,214,67928,21241331,WaFd Bank,Seattle,28088,WA,47.610411917609,01/01/1917
1,N,1.3779623386187867,-92.0171919614157,10.12,Louisiana,3543498,44,12101,3032983,"Home Bank, National Association",Lafayette,28094,LA,30.1821280131965,01/01/1908
1,NM,1.0161999903612466,-83.3739770033276,15.47,Kentucky,144342,4,369,128281,Hyden Citizens Bank,Hyden,281,KY,37.161981988308,09/01/1904
1,SB,0.05868544600938967,-89.982712031334,0.2,Illinois,116127,1,17,81275,Collinsville Building and Loan Association,Collinsville,28103,IL,38.6912320175633,01/01/1885
1,N,1.2560048532849586,-87.7341029735907,16.13,Illinois,510856,5,1589,419662,"First Robinson Savings Bank, National Association",Robinson,28105,IL,39.0054660053018,01/01/1884
1,SI,0.9620054619138994,-120.504957977917,3.54,Washington,2011548,10,4833,1387758,Yakima Federal Savings and Loan Association,Yakima,28116,WA,46.6021649803045,01/01/1905
1,SM,0.2804887420272036,-70.9759939699322,3.13,New Hampshire,310376,5,219,280522,Profile Bank,Rochester,28155,NH,43.306378020582,01/01/1907
1,SL,0.929060578052542,-84.6044210272862,6.2,Ohio,191045,3,436,161578,The Cincinnatus Savings & Loan Co.,Cincinnati,28157,OH,39.1554669938774,01/01/1885
1,SI,1.2988586447099515,-79.14699898993,11.11,Pennsylvania,16911880,164,54688,14434616,Northwest Bank,Warren,28178,PA,41.844567987995,01/01/1896
1,SI,0.7622310833621536,-77.5944643498343,6.48,Pennsylvania,223362,10,416,189980,MCS Bank,Milroy,28186,PA,40.7065373436931,01/01/1923
1,SB,1.113847261918952,-105.869080976522,6.72,Colorado,395540,3,1098,324085,San Luis Valley Federal Bank,Alamosa,28208,CO,37.4690440005944,01/01/1899
1,SB,0.10194444742179397,-71.094828402202,1.04,Massachusetts,418714,3,107,300483,"Winter Hill Bank, FSB",Somerville,28213,MA,42.393065314923,01/01/1906
1,SB,-0.17927840442220064,-84.5699269811483,-1.58,Ohio,100257,1,-45,70339,Warsaw Federal Savings and Loan Association,Cincinnati,28217,OH,39.1102500209167,01/01/1893
1,SI,-0.13495474615305628,-75.0565180066305,-2.25,New Jersey,410874,2,-138,354721,Haddon Savings Bank,Haddon Heights,28222,NJ,39.8832389804922,01/01/1905
1,SB,0.9768009768009768,-95.4515190401354,5.72,Kansas,113328,1,276,88791,Home Savings Bank,Chanute,28246,KS,37.6842559863274,01/01/1886
1,N,1.1229424210193328,-82.856150987957,9.91,Ohio,2143460,7,5977,1811477,"CFBank, National Association",Columbus,28263,OH,40.081425015853,01/01/1892
1,SI,-1.757588227875827,-123.73425297613,-42.18,Washington,74003,2,-331,70658,Connect Community Bank,Raymond,28266,WA,46.6864179850958,01/01/1925
1,SB,0.9143419454367469,-90.4207790412106,6.65,Missouri,279067,5,669,225968,Ozarks Federal Savings and Loan Association,Farmington,28277,MO,37.7801709844639,01/01/1930
1,NM,1.4038345480711203,-85.5918180223516,10.42,Alabama,217820,5,756,187437,Friend Bank,Slocomb,2828,AL,31.1073449911118,10/01/1905
1,SB,0.2549082085345229,-70.2319964627884,3.83,Maine,101808,2,65,73564,"Auburn Savings Bank, FSB",Auburn,28288,ME,44.0978342406907,01/01/1887
1,NM,1.4052665703025025,-85.8145360023782,16.01,Alabama,884209,11,3094,799620,First Southern State Bank,Stevenson,2829,AL,34.8725010104815,10/01/1910
1,SB,0.5858284813011128,-87.6814119832969,3.64,Illinois,97967,1,143,62472,Mutual Federal Bank,Chicago,28302,IL,41.852360014735,01/01/1905
1,SI,0.4452170963364993,-77.6379249978987,2.64,North Carolina,94454,2,105,72773,"Riverside Savings Bank, SSB",Roanoke Rapids,28314,NC,36.4408879896816,01/01/1914
1,SL,0.6144912622429666,-106.146432033808,5.84,Colorado,136066,3,209,120897,"RG Bank, A Savings and Loan Association",Monte Vista,28315,CO,37.5809900171966,01/01/1905
1,SI,0.10903794615617468,-90.071777966838,0.56,Louisiana,1266430,27,344,911405,FIDELITY BANK,New Orleans,28316,LA,29.950941000111,01/01/1908
1,NM,1.4388081111291993,-86.10164275677,18.43,Alabama,1370032,18,4629,1224927,First Bank of Alabama,Talladega,2832,AL,33.436215800902,01/01/1848
1,SM,1.4412475814177497,-90.4385240331472,13.8,Missouri,5090783,69,18258,4355623,Southern Bank,Poplar Bluff,28332,MO,36.7899020140944,01/01/1887
1,NM,0.29856862190007644,-80.744225960571,2.73,Ohio,592904,4,439,479936,Belmont Savings Bank,Bellaire,28348,OH,40.016293018133,01/01/1886
1,SB,0.6456163539197682,-80.7649190354929,5.97,Ohio,158515,1,254,88432,Home Federal Savings and Loan Association of Niles,Niles,28349,OH,41.1814490152437,01/01/1897
1,N,0.7208690341557312,-74.184688177977,5.96,New Jersey,14471195,72,26080,11249753,"OceanFirst Bank, National Association",Toms River,28359,NJ,39.965896280467,01/01/1902
1,NM,0.8826379447272538,-105.937580990576,10.04,New Mexico,1348989,9,2966,1218817,Century Bank,Santa Fe,28362,NM,35.690219996353,01/01/1910
1,SB,0.09940264636101916,-71.1217949963742,1.12,Massachusetts,641694,4,159,575617,"Middlesex Federal Savings, F.A.",Somerville,28368,MA,42.3964528610913,01/01/1890
1,SB,0.4429250252639274,-69.1104617757306,4.48,Maine,93010,1,103,71886,"Rockland Savings Bank, FSB",Rockland,28369,ME,44.1086059082805,01/01/1888
1,NM,1.1698335719373767,-86.1713350127318,12.75,Alabama,360613,6,1049,323063,AmeriFirst Bank,Montgomery,2838,AL,32.3392459993899,01/02/1916
1,SM,0.19098840083588164,-75.2306966368252,2.52,New York,1010347,19,466,922829,Adirondack Bank,Utica,28380,NY,43.101432818501,01/01/1898
1,SB,3.651584508191904,-90.4481970008687,3.97,Missouri,155568,1,1398,500,Edward Jones Trust Company,Saint Louis,28390,MO,38.6044750030173,01/01/1896
1,NM,1.5169268089370929,-80.602483032552,16.68,South Carolina,1078904,22,4049,972919,First Palmetto Bank,Camden,28396,SC,34.246308009255,01/01/1904
1,NM,1.625324951399279,-86.7115229328954,22.25,Kentucky,154764,3,626,140390,Auburn Banking Company,Auburn,284,KY,36.8699063412237,01/01/1929
1,NM,0.7201306413679429,-88.211527964199,8.79,Wisconsin,780209,9,1415,706433,Westbury Bank,Waukesha,28400,WI,43.053362017057,01/01/1926
1,SI,0.9499038268308788,-89.0950180259976,4.62,Illinois,439360,5,1034,324175,Eureka Savings Bank,La Salle,28401,IL,41.3300860167155,01/01/1885
1,NM,0.1472630757815027,-123.439515001811,1.73,Washington,2115202,14,774,1610758,First Fed Bank,Port Angeles,28405,WA,48.1134289959974,01/01/1923
1,SB,-0.053771224122598396,-87.7733700106728,-0.55,Illinois,193030,3,-26,169845,Central Federal Savings and Loan Association,Cicero,28425,IL,41.8505620126848,01/01/1892
1,SB,1.992296586418612,-88.2447550018526,15.56,Illinois,202015,2,997,174113,First Federal Savings Bank of Champaign Urbana,Champaign,28445,IL,40.1006489946044,01/01/1908
1,SI,1.4229552976924857,-123.886150998942,10.73,Washington,2046279,24,7207,1743622,Timberland Bank,Hoquiam,28453,WA,46.977808017739,01/01/1915
1,SL,0.3983402489626556,-82.6842509781403,2.45,Ohio,56597,2,57,47209,Liberty Bank,Ironton,28463,OH,38.5348490060004,01/01/1896
1,SI,0.916050365827142,-78.9859670395898,5.41,North Carolina,358491,2,811,289830,"Roxboro Savings Bank, SSB",Roxboro,28471,NC,36.3905309822366,01/01/1923
1,SI,-0.18900506018092939,-86.9360369941853,-4.08,Indiana,115965,4,-55,108354,Farmers and Mechanics Federal Savings Bank,Bloomfield,28478,IN,39.0265270038632,01/01/1892
1,SL,-3.5876953261859716,-87.9382179900716,-55.77,Wisconsin,21202,1,-192,19718,Columbia Savings and Loan Association,Milwaukee,28480,WI,43.0603259955814,01/01/1924
1,NM,1.38266173826845,-118.337868963526,11.58,Washington,16338071,147,56492,13928915,Banner Bank,Walla Walla,28489,WA,46.0664759977099,01/01/1890
1,NM,1.6403974901678224,-114.759509020839,10.9,Idaho,664795,6,2732,552422,Farmers Bank,Buhl,2850,ID,42.5995459978467,05/11/1917
1,SB,0.14109148371804278,-94.663968996454,1.23,Kansas,70526,2,25,55328,Argentine Federal Savings,Kansas City,28507,KS,39.0753320181162,01/01/1906
1,SI,1.0592830113320142,-88.0527990255751,7.06,Wisconsin,2252598,16,5974,1465485,"WaterStone Bank, SSB",Wauwatosa,28513,WI,43.0478470181338,01/01/1921
1,SI,0.2214689085069881,-97.2897675158429,24.44,Texas,382873,6,208,376879,"TrustTexas Bank, SSB",Cuero,28515,TX,29.0916532328162,01/01/1921
1,SI,0.9208314645361682,-90.165761984031,9.93,Wisconsin,1205618,15,2746,1001728,Forward Bank,Marshfield,28530,WI,44.676123994717,01/01/1919
1,NM,0.769378371552782,-86.511611112632,8.64,Indiana,1513612,26,2917,1111731,First Bank Midwest,Frankfort,28533,IN,40.280356998686,01/01/1887
1,NM,1.0164131607979958,-99.6420879939767,9.14,Nebraska,124900,2,319,99081,Custer Federal State Bank,Broken Bow,28543,NE,41.4029050159282,01/01/1925
1,SL,0.2671275507342001,-84.453111246439,1.32,Ohio,187507,3,125,147008,Valley Central Bank,Liberty Township,28555,OH,39.389352183505,01/01/1884
1,SB,0.6750201772335586,-77.659826407982,7.59,New York,123057,3,207,109440,"Maple City Savings Bank, FSB",Hornell,28585,NY,42.3267060808496,01/01/1905
1,NM,0.9017946429103951,-85.4180500215935,11.61,Michigan,1014059,17,2268,908429,Sturgis Bank & Trust Company,Sturgis,28593,MI,41.7990780164483,01/01/1905
1,SI,0.3358241602675583,-122.90202504159,2.91,Washington,1008303,9,854,731370,Olympia Federal Savings and Loan Association,Olympia,28599,WA,47.0442719836925,01/01/1906
1,SI,0.4481445721676716,-88.0470829867046,5.11,Wisconsin,326863,6,369,296086,"The Equitable Bank, S.S.B.",Wauwatosa,28614,WI,43.0595499989854,01/01/1927
1,NM,3.445422333981026,-94.805742015506,28.26,Kansas,109785,1,942,91435,First Federal Savings and Loan Bank,Olathe,28635,KS,38.8839010004345,01/01/1923
1,SB,0.12192299659631635,-76.852555506328,0.83,Pennsylvania,89614,1,27,68606,Milton Savings Bank,Milton,28637,PA,41.019976218706,01/01/1920
1,SB,1.4550722304937427,-98.4803189982103,6.88,Oklahoma,63470,1,226,49916,Fairview Savings and Loan Association,Fairview,28652,OK,36.2714339868498,01/01/1901
1,NM,0.08156976480717813,-84.4240930138268,0.42,Ohio,44332,2,9,35548,The Brookville Building and Savings Association,Brookville,28663,OH,39.839669009596,01/01/1903
1,SB,0.7453107531779223,-84.7526770293492,8.45,Michigan,73266,3,135,66494,Homestead Savings Bank,Albion,28667,MI,42.2423889964085,01/01/1889
1,SL,0.6820298256889157,-80.5575479849044,5.16,Ohio,76375,1,130,64424,Conneaut Savings Bank,Conneaut,28677,OH,41.9421350173383,01/01/1888
1,SI,0.98472611917001,-88.1078490186985,6.52,Wisconsin,2590607,44,6348,2163064,North Shore Bank,Brookfield,28679,WI,43.0369070000187,01/01/1923
1,SM,0.9433931738457185,-88.3584343622373,12.09,Kentucky,1370973,8,3280,1236368,Community Financial Services Bank,Benton,287,KY,36.8663907365416,01/01/1890
1,SI,0.5992764549778078,-75.2201520349924,5.1,Pennsylvania,516761,7,774,439866,Ambler Savings Bank,Ambler,28701,PA,40.1555399830246,01/01/1899
1,SL,1.246026700572155,-84.4642460180746,6.49,Ohio,62682,1,196,48455,Versailles Savings and Loan Company,Versailles,28703,OH,40.222534020535,12/13/1887
1,SB,0.47131761169164205,-80.18653822289,3.15,Pennsylvania,1039462,7,1208,877404,First Federal Savings and Loan Association of Greene Co,Waynesburg,28706,PA,39.8965244279935,01/01/1924
1,SI,-0.14923419295719334,-74.0115649970302,-2.01,New Jersey,156458,2,-57,125825,GSL Savings Bank,Guttenberg,28708,NJ,40.7956570018063,01/01/1907
1,SB,0.9869218576883544,-74.148634343477,7.76,New York,5735013,37,14171,4121345,Northfield Bank,Staten Island,28710,NY,40.538705275645,01/01/1887
1,SL,2.082081210957578,-74.4212958235917,5.68,New York,185930,1,957,111276,First Federal Savings of Middletown,Middletown,28712,NY,41.4458964935525,01/01/1888
1,SI,0.1430251116078711,-74.1329219630607,1.54,New Jersey,388195,5,137,311293,Ascendia Bank,Glen Rock,28729,NJ,40.9634860050695,01/01/1922
1,SB,0.9349834645937746,-99.3152163037653,8.87,Kansas,368035,3,857,287923,"Golden Belt Bank, FSA",Hays,28735,KS,38.8854227295656,01/01/1920
1,SI,0.04546680458264057,-87.7609060368319,0.18,Illinois,477752,7,55,345619,Hoyne Savings Bank,Chicago,28747,IL,41.967571998,01/01/1887
1,SI,0.5415666769096537,-74.1444376091712,5.74,New Jersey,7591561,40,10288,5755923,Kearny Bank,Kearny,28765,NJ,40.771905635227,01/01/1884
1,SB,0.8994918735810299,-84.9971990217442,3.8,Indiana,139819,1,312,106421,First Federal Savings Bank of Angola,Angola,28769,IN,41.6345679953855,01/01/1933
1,NM,0.32968778094661866,-74.540051033041,2.06,New Jersey,1143103,14,942,897531,Somerset Regal Bank,Bound Brook,28778,NJ,40.566980997364,01/01/1887
1,SB,0.06787492739340699,-76.6293519626508,0.48,Maryland,474117,5,78,361186,Arundel Bank,Glen Burnie,28780,MD,39.1560709938202,01/01/1906
1,SI,0.6779682218031828,-74.759931152109,8.17,New Jersey,1115178,13,1897,1000158,Sturdy Savings Bank,Stone Harbor,28788,NJ,39.055764465153,01/01/1922
1,SI,0.9675889665020273,-92.1034290045981,5.5,Wisconsin,93881,1,227,76900,Superior Savings Bank,Superior,28790,WI,46.7245050178489,01/01/1924
1,SI,0.2759856196966579,-75.3506860115336,2.82,Pennsylvania,170750,5,114,141482,Sharon Bank,Springfield,28793,PA,39.938951018238,01/01/1873
1,NM,1.3080041938251057,-83.555189785691,19.68,Kentucky,68731,1,223,55044,Farmers & Traders Bank of Campton,Campton,288,KY,37.7334844928165,01/01/1902
1,SB,-0.9730060005879538,-73.8696892158453,-8.18,New York,86061,1,-211,75747,Sunnyside Federal Savings and Loan Association of Irvington,Irvington,28805,NY,41.0392324677851,01/01/1929
1,SM,0.8088871584067286,-90.7876375926601,9.41,Arkansas,499538,13,992,454741,Armor Bank,Forrest City,28812,AR,35.0142492191001,01/01/1919
1,SI,0.3813436029097133,-74.8126700030699,4.45,New Jersey,579600,8,557,504602,Crest Savings Bank,Wildwood,28818,NJ,38.9900080156466,01/01/1919
1,SB,0.5356881336271326,-74.130994963521,5.32,New Jersey,11009182,69,14750,8453927,Columbia Bank,Fair Lawn,28834,NJ,40.945195979879,01/01/1926
1,SI,0.7421934325125625,-75.1743576672805,4.09,Pennsylvania,460385,6,843,337348,United Savings Bank,Philadelphia,28836,PA,39.9120137098166,01/01/1923
1,SM,0.6955744761282895,-72.5590319710593,6.93,Vermont,296396,5,506,262866,The Brattleboro Savings and Loan Association,Brattleboro,28837,VT,42.8554799933245,01/01/1912
1,SI,-0.3248444880397054,-87.7472909762279,-2.78,Illinois,408153,2,-332,359933,Community Savings Bank,Chicago,28841,IL,41.9385909810376,01/01/1925
1,SB,0.9833971725244284,-114.467552330251,10.78,Idaho,1437772,14,3534,1245285,First Federal Savings Bank of Twin Falls,Twin Falls,28845,ID,42.5578000157544,01/01/1916
1,SB,1.6914069632316933,-81.6599550012778,5.88,South Carolina,591032,7,2478,417346,First Piedmont Federal Savings and Loan Association of Gaffney,Gaffney,28859,SC,35.0848369975969,01/01/1933
1,SL,-0.04225900810184421,-104.503598960351,-0.3,Colorado,75783,1,-8,62325,Century Savings and Loan Association,Trinidad,28860,CO,37.1696559978508,01/01/1903
1,SB,1.2173168499529459,-93.397780346404,9.48,Minnesota,1043286,16,3174,841550,MidCountry Bank,Minneapolis,28865,MN,44.860862062714,01/01/1933
1,SI,0.8816110625862223,-95.4910930225118,7.79,Texas,429012,7,945,336361,Broadstreet Bank S S B,Mineola,28868,TX,32.6636189886665,04/01/1934
1,SB,0.6778911376578308,-74.183861806143,6.98,New York,475704,9,797,409089,Wallkill Valley Federal Savings and Loan Association,Wallkill,28870,NY,41.6051277758577,01/01/1913
1,SB,0.80261068003473,-86.3655199885208,8.97,Indiana,452935,8,914,387906,Security Federal Savings Bank,Logansport,28894,IN,40.7537080071651,04/01/1934
1,NM,0.4327946408084305,-82.9901582283702,6,Kentucky,268052,3,290,217191,Bank of Hindman,Hindman,289,KY,37.3481354439613,01/01/1903
1,SM,2.0479893524517823,-92.6619586510422,17.66,Arkansas,1950198,19,9848,1618669,First Financial Bank,El Dorado,28905,AR,33.2140348188935,04/01/1934
1,SI,0.1413544108465951,-75.4226159841859,1.79,Pennsylvania,212741,3,75,185808,Iron Workers Savings Bank,Aston,28908,PA,39.8665079892923,01/01/1879
1,SB,0.7849970490342112,-123.330743966312,6.11,Oregon,628107,6,1222,544962,Evergreen Federal Bank,Grants Pass,28914,OR,42.4313049821329,06/01/1934
1,SB,0.3356167369992705,-88.8429619599334,3.19,Illinois,425882,11,356,329401,First Federal Savings Bank,Ottawa,28924,IL,41.3466020120991,01/01/1889
1,SI,1.1311894561573703,-90.6458980174018,10.54,Illinois,250291,2,704,221642,Security Savings Bank,Monmouth,28925,IL,40.9123289868759,01/01/1882
1,SM,1.8728995256448955,-93.072256228455,17.32,Missouri,649717,8,3017,557209,Verimore Bank,Brookfield,28930,MO,39.774580472044,05/01/1934
1,N,0.8426966292134831,-75.6093377972065,5.62,New York,308056,4,645,254577,"Carthage Savings and Loan, National Association",Carthage,28942,NY,43.9784524701435,01/01/1888
1,SM,0.15732237320799985,-88.489831038047,1.22,Mississippi,77041,1,30,66801,"Amory First Savings And Loan Bank, Ssb",Amory,28949,MS,33.986683000804,06/01/1934
1,SB,0.6887608224234695,-91.1045290208908,8.57,Wisconsin,91880,1,160,70604,Ladysmith Federal Savings and Loan Association,Ladysmith,28983,WI,45.4649280130234,06/01/1934
1,NM,-0.05459332376482605,-93.8172060036181,-0.71,Iowa,226778,3,-31,176927,WCF Financial Bank,Webster City,28989,IA,42.4543620052069,06/01/1934
1,SI,0.4364437536029949,-87.7004280070311,1.85,Illinois,857594,5,935,646441,Liberty Bank for Savings,Chicago,29009,IL,41.9244670131823,01/01/1898
1,NM,0.6384495187453534,-82.5158690207246,8.08,Ohio,885494,10,1403,769876,Mechanics Bank,Mansfield,29011,OH,40.7583670042261,01/01/1886
1,NM,1.1516258647125588,-122.903074707325,8.66,Washington,8492771,69,22249,7258982,Heritage Bank,Olympia,29012,WA,47.043736044804,01/01/1927
1,SI,1.5112309389169978,-86.4854169946562,15.32,Indiana,285547,2,1079,245503,Bedford Federal Savings Bank,Bedford,29024,IN,38.8618749933605,07/01/1934
1,SB,1.0488460855128134,-80.5652259758512,5.66,West Virginia,496919,3,1284,391050,"Hancock County Savings Bank, F.S.B.",Chester,29035,WV,40.6119629836697,01/01/1899
1,SI,0.14806551288785208,-94.342888963568,1.39,Missouri,990770,9,364,689185,First Federal Bank of Kansas City,Lees Summit,29047,MO,38.901141988533,07/01/1934
1,NM,0.28852082400736506,-87.4899360386142,3.22,Indiana,578952,10,427,458027,First Federal Savings Bank,Evansville,29056,IN,38.0112719992228,07/01/1934
1,SB,0.11616548301079811,-103.725132971874,0.76,New Mexico,38880,1,11,29079,Tucumcari Federal Savings and Loan Association,Tucumcari,29059,NM,35.1767410036068,07/01/1934
1,SI,-0.1896858328393598,-77.5351949676569,-1.65,North Carolina,54568,1,-26,48219,"Tarboro Savings Bank, SSB",Tarboro,29061,NC,35.8986280140926,01/01/1906
1,SL,1.1219826092695564,-106.353014012032,11.6,Colorado,152294,2,425,123030,Del Norte Bank,Del Norte,29066,CO,37.6784590201818,01/01/1921
1,SL,0.8517088071267597,-111.892617927814,6.46,Arizona,915185,9,1926,782866,Southwest Heritage Bank,Scottsdale,29087,AZ,33.642562499103,08/01/1934
1,SB,0.7927428000036034,-83.1944975115455,9.41,Tennessee,280207,2,550,253749,Newport Federal Bank,Newport,29089,TN,35.9672344924907,08/01/1934
1,SB,0.47166055348959346,-82.4006219591948,3.55,Ohio,294801,6,348,253662,First Federal Savings and Loan Association,Newark,29090,OH,40.0585290091385,08/01/1934
1,SM,0.8451213240234077,-93.5540450054938,8.47,Missouri,102131,2,228,91080,Investors Community Bank,Chillicothe,29093,MO,39.7932009956768,08/01/1934
1,NM,1.8346764268981635,-83.9966296955499,6.46,Kentucky,170185,3,792,111915,Jackson County Bank,Mc Kee,291,KY,37.4301468378887,10/05/1904
1,SB,0.4808002608525822,-88.0008970238272,4.41,Wisconsin,595181,6,717,402723,"PyraMax Bank, FSB",Greenfield,29120,WI,42.9517210055849,01/01/1892
1,SI,0.39355147224527715,-89.6224119838432,5.06,Illinois,183311,4,179,167116,Union Savings Bank,Freeport,29121,IL,42.2971959981589,01/01/1883
1,SB,0.7689537513698932,-84.5934030155621,6.04,Ohio,194684,2,371,167285,First Federal Savings and Loan Association of Van Wert,Van Wert,29135,OH,40.8521130172778,01/01/1893
1,SB,0.8981083882909829,-96.7857239846074,10.2,North Dakota,764393,13,1737,620362,American Federal Bank,Fargo,29140,ND,46.8787697548414,01/01/1891
1,NM,1.078492073690728,-93.279157892465,6.09,Missouri,228669,1,577,186694,Arlo Bank,Springfield,29143,MO,37.140112597095,01/01/1923
1,SI,2.031645158403546,-73.7675423984265,12.16,New York,2019844,12,10358,1636252,NorthEast Community Bank,White Plains,29147,NY,41.0338531299652,09/01/1934
1,SB,0.8444162972345366,-83.280861016028,7.03,Georgia,277565,4,580,207255,First Federal Savings and Loan Association of Valdosta,Valdosta,29164,GA,30.8352439807892,09/01/1934
1,SI,0.5522539729831824,-74.2211310166033,6.91,New Jersey,383954,2,519,301438,United Roosevelt Savings Bank,Carteret,29170,NJ,40.5769109961469,01/01/1914
1,SB,0.9291824467746469,-84.024308670323,11.39,Ohio,329841,3,748,265495,New Carlisle Federal Savings Bank,New Carlisle,29173,OH,39.94104058479,01/01/1883
1,SM,1.0665757284194202,-89.6998580031562,10.92,Tennessee,615691,11,1642,535605,BankTennessee,Collierville,29177,TN,35.0459349923981,10/01/1934
1,SI,0.7263164485630205,-87.3350659605745,3.9,Tennessee,97445,1,174,77108,Lawrenceburg Federal Bank,Lawrenceburg,29186,TN,35.2426849981969,10/01/1934
1,SI,0.027969202800027966,-88.4452409895348,0.2,Wisconsin,383905,3,27,304022,Fox Valley Savings Bank,Fond Du Lac,29188,WI,43.7764400121646,10/01/1934
1,SM,0.9528136154594994,-84.8486300394165,11.02,Kentucky,1094102,21,2661,949413,The Monticello Banking Company,Monticello,292,KY,36.8297609811787,01/01/1895
1,SI,1.22438438017135,-98.5892089729147,10.97,Texas,156522,3,480,132361,"Graham Savings and Loan, SSB",Graham,29206,TX,33.1025539865263,11/27/1934
1,SI,-0.2956741922039523,-102.523537027893,-3.03,Texas,125498,2,-94,93817,"Dalhart Federal Savings & Loan Association, SSB",Dalhart,29208,TX,36.0609449940086,10/01/1934
1,NM,1.2748868717959732,-96.8023469749849,14.63,Texas,13442736,2,43633,10320176,NexBank,Dallas,29209,TX,32.79574301224,11/30/1934
1,SI,0.7138635936282806,-88.5439700021148,6.39,Illinois,605021,4,1063,519947,Washington Savings Bank,Effingham,29227,IL,39.1202449794487,01/01/1883
1,SB,0.17907808364065744,-75.2878027089023,2.22,Pennsylvania,89632,3,40,81513,County Savings Bank,Essington,29231,PA,39.8679795978834,01/01/1920
1,SB,0.31633848217592825,-82.0382659984931,0.94,South Carolina,101745,1,79,66628,Woodruff Federal Savings and Loan Association,Woodruff,29238,SC,34.7416869945553,12/14/1934
1,SB,0.9583565205201294,-94.7977129904543,3.76,Texas,118495,1,282,87682,Henderson Federal Savings Bank,Henderson,29241,TX,32.1546810176944,11/01/1934
1,SB,-0.33962510613284563,-90.1450330345635,-1.68,Louisiana,92130,1,-78,63636,Eureka Homestead,Metairie,29268,LA,30.001734998078,01/01/1884
1,SB,1.3434375085562003,-92.021233966584,14.26,Wisconsin,328621,2,1104,262145,"Cumberland Federal Bank, FSB",Cumberland,29293,WI,45.5352479897138,01/01/1934
1,SB,0.25908725968526924,-90.3365290119948,1.93,Wisconsin,1012360,9,645,757718,Prevail Bank,Medford,29294,WI,45.1418019994822,02/18/1935
1,NM,-4.341435775637918,-87.6745610347365,-47.61,Alabama,685065,10,-7691,582234,First Southern Bank,Florence,29332,AL,34.7988739958028,01/01/1934
1,SB,1.0837096213963182,-84.005545025694,6.94,Ohio,247265,6,663,207937,First Federal Savings and Loan Association,Delta,29345,OH,41.5736129933845,01/01/1934
1,SB,1.6394848967219835,-84.1533209961622,11.74,Georgia,159328,3,645,135949,Family Bank,Pelham,29357,GA,31.127958018858,01/01/1931
1,SB,1.8358842394331036,-102.976294999465,12.52,Nebraska,53329,1,239,44259,Sidney Federal Savings and Loan Association,Sidney,29379,NE,41.1430959827933,01/01/1899
1,SB,0.7015883712205392,-89.128799023632,4.56,Illinois,211123,2,367,175562,Peru Federal Savings Bank,Peru,29384,IL,41.327435994208,01/01/1887
1,SB,-0.7986773902417597,-87.616047974497,-5.48,Illinois,61515,1,-125,52547,GN Bank,Chicago,29399,IL,41.810556278476,01/01/1934
1,SB,0.6092667994174815,-95.596533508783,4.19,Minnesota,136240,3,205,112671,"Worthington Federal Savings Bank, FSB",Worthington,29426,MN,43.621801190833,05/03/1935
1,SI,-0.3359534047234318,-79.8094369749583,-4.62,Pennsylvania,54011,1,-46,48396,Compass Savings Bank,Wilmerding,29430,PA,40.3928159877624,01/01/1934
1,SB,-0.20768186913682224,-87.6680389920566,-2.41,Illinois,41945,1,-22,33709,North Side Federal Savings and Loan Association of Chicago,Chicago,29449,IL,41.9759979899861,01/01/1934
1,NM,2.398475619830159,-117.231278958372,17.49,Washington,222980,6,1361,185401,State Bank Northwest,Spokane Valley,2945,WA,47.6566109981651,01/01/1902
1,SI,0.13357334794291828,-79.5301620194363,1.08,Pennsylvania,96185,1,32,83882,Armstrong County Building and Loan Association,Ford City,29471,PA,40.7706070136142,01/01/1925
1,SB,0.8904216618097381,-98.339423983516,6.92,Nebraska,558609,8,1218,477072,Home Federal Savings and Loan Association of Grand Island,Grand Island,29476,NE,40.922301020903,06/01/1935
1,SB,-0.5508182829299295,-79.8305160365209,-3.94,South Carolina,38073,1,-52,32617,Kingstree Federal Savings and Loan Association,Kingstree,29486,SC,33.6653709987483,01/01/1926
1,SB,0.87597820283392,-81.799860616121,11.22,Ohio,2917042,21,6380,2180320,First Federal Savings and Loan Association of Lakewood,Lakewood,29488,OH,41.485221842995,07/19/1935
1,SB,0.23650271608588008,-81.768765012626,2.34,West Virginia,27131,1,16,24179,First Federal Savings & Loan Association of Ravenswood,Ravenswood,29490,WV,38.9565799799546,01/01/1934
1,SB,0.27230500231019217,-84.5951229820937,3.16,Ohio,387826,2,263,320110,GreenWay Bank,Van Wert,29495,OH,40.8599910004344,01/01/1889
1,N,0.09806574862692033,-76.333012458092,1.12,New York,315944,5,77,250821,"Seneca Savings Bank, National Association",Baldwinsville,29496,NY,43.159156219642,01/01/1928
1,N,1.0490037122682048,-83.857342439677,8.31,Georgia,924481,2,2368,742723,"Affinity Bank, National Association",Covington,29510,GA,33.602934096332,01/01/1928
1,SI,-0.7604939904442277,-112.735281499445,-5.01,Montana,121990,2,-230,95158,Pioneer State Bank,Deer Lodge,29517,MT,46.403318073788,01/01/1912
1,SI,1.0909865292103726,-80.2454749775331,7.93,Pennsylvania,1456256,10,3996,1221308,Washington Financial Bank,Washington,29520,PA,40.1694919961363,01/01/1899
1,SB,0.09144564128161066,-83.0671789790816,0.64,Ohio,131433,2,30,98859,Fidelity Federal Savings and Loan Association of Delaware,Delaware,29521,OH,40.3006800125822,01/01/1887
1,NM,0.45045413439622267,-87.5072360353112,5.27,Indiana,2014507,24,2272,1719631,Peoples Bank,Munster,29523,IN,41.5461089934903,01/01/1916
1,SI,0.47932616466706224,-88.9631509915754,5.72,Illinois,171245,2,207,155887,DeWitt Savings Bank,Clinton,29535,IL,40.1523839869315,01/01/1887
1,SB,0.5797978107967233,-106.949432020518,5.54,Wyoming,632450,3,901,564237,First Federal Bank & Trust,Sheridan,29537,WY,44.7909929905045,10/16/1935
1,NM,1.3086412363309097,-93.4166029996316,12.11,Missouri,5690468,108,18474,4507516,Great Southern Bank,Reeds Spring,29546,MO,36.6627879797773,01/01/1923
1,NM,1.184543310531764,-87.2764079772292,20.56,Alabama,386088,7,1110,357419,Pinnacle Bank,Jasper,29548,AL,33.8205939968212,11/01/1935
1,SB,-0.24568283141544084,-87.571589,-2.4,Indiana,6332519,22,-3878,5474638,"United Fidelity Bank, fsb",Evansville,29566,IN,37.9721,01/01/1931
1,NM,0.6554301362680217,-83.6071629745919,3.86,Ohio,247789,3,400,195777,"The Home Savings and Loan Company of Kenton, Ohio, DBA HSLC",Kenton,29571,OH,40.6468550025704,01/01/1888
1,SL,-6.90648808769119,-90.094338026873,-66.07,Louisiana,167949,1,-2996,149784,Heritage Bank of St Tammany,Covington,29577,LA,30.4748899957514,01/01/1924
1,SB,-0.5306224847841253,-84.1704189889927,-7.06,Ohio,142794,4,-193,126476,Monroe Federal Savings and Loan Association,Tipp City,29578,OH,39.9609939986658,01/01/1875
1,SB,0.9487541013849174,-79.3994840417986,4.77,South Carolina,38206,1,90,30617,Pee Dee Federal Savings Bank,Marion,29582,SC,34.1790050147935,12/11/1935
1,NM,1.431066952740168,-86.2676320161054,16.09,Kentucky,289238,3,1023,251062,Bank of Edmonson County,Brownsville,296,KY,37.1924240129033,01/01/1925
1,SL,0.11010275256881422,-76.463955555327,0.58,Maryland,1346484,15,367,1085352,Rosedale Bank,Nottingham,29613,MD,39.413351206767,01/01/1908
1,SB,0.19383149223327978,-81.575002149481,2.02,Ohio,110411,4,54,91333,"First Mutual Bank, FSB",Belpre,29617,OH,39.272550069388,01/01/1906
1,SL,0.4390460241860962,-123.198877015709,4.04,Oregon,678962,6,740,579831,First Federal Savings and Loan Association of McMinnville,Mcminnville,29624,OR,45.20978401192,01/01/1922
1,SB,0.6489426119940133,-75.1697499748178,3.97,Pennsylvania,43579,1,71,24159,Second Federal Savings and Loan Association of Philadelphia,Philadelphia,29627,PA,39.9518430139645,01/01/1924
1,SL,0.7071610874707721,-72.644566024022,7.78,Connecticut,882134,11,1553,725851,Windsor Federal Bank,Windsor,29632,CT,41.850695997407,01/01/1935
1,SB,0.5551313480421707,-69.8140429192288,3.64,Maine,186788,5,259,143425,First Federal Savings and Loan Association of Bath,Bath,29636,ME,43.9139448403911,01/01/1935
1,SB,0.7896211153146461,-108.0548369922,7.26,Wyoming,402135,6,784,336259,Big Horn Federal Savings Bank,Greybull,29637,WY,44.489726016526,01/01/1935
1,SI,1.3806867589042127,-88.794512967018,12.41,Illinois,226831,4,780,193302,"First Federal Savings and Loan Association of Central Illinois, S.B.",Shelbyville,29645,IL,39.40615199013,01/01/1906
1,SI,0.9933724210156172,-88.1109880414377,6.23,Wisconsin,1058168,8,2599,616915,"Great Midwest Bank, S.S.B.",Brookfield,29657,WI,43.036752018629,03/25/1936
1,SI,0.1564592158082547,-79.893398079972,1.55,Pennsylvania,752491,10,293,648281,CFSBANK,Charleroi,29672,PA,40.134392231765,01/01/1935
1,SL,0.9158063388624204,-89.8176700108767,5.96,Wisconsin,212977,3,488,174001,"Paper City Savings Bank, S.A.",Wisconsin Rapids,29676,WI,44.3570150082731,01/01/1933
1,SI,1.2916124974773193,-89.3816099638965,10.35,Illinois,108888,1,344,94997,Nashville Savings Bank,Nashville,29677,IL,38.3422270036965,01/01/1893
1,SB,0.6747997621281074,-91.23377503419,6.31,Louisiana,199075,4,339,164856,Anthem Bank & Trust,Plaquemine,29679,LA,30.285545988141,01/01/1915
1,SB,0.23821422835566072,-83.919266995005,1.43,Tennessee,2730496,23,1626,2163072,Home Federal Bank of Tennessee,Knoxville,29683,TN,35.9641410112214,06/15/1936
1,SB,0.34522616937658934,-79.873997326882,1.57,Virginia,32446,1,28,25198,Martinsville First Savings Bank,Martinsville,29685,VA,36.690843173624,01/01/1924
1,NM,1.1679072695958093,-85.4971880118815,12.25,Indiana,557483,9,1630,460419,First Federal Savings Bank,Huntington,29690,IN,40.8837399915251,01/01/1932
1,SI,0.3640257799291562,-89.8167719737705,4.76,Wisconsin,127080,2,116,95223,KeySavings Bank,Wisconsin Rapids,29691,WI,44.3884189819863,01/01/1920
1,SB,0.41439504797917665,-96.6055020022232,4,Nebraska,384458,13,400,324539,Lincoln FSB of Nebraska,Lincoln,29692,NE,40.7837570043205,01/01/1906
1,SL,2.2930305465179077,-81.8648109779995,19.6,Ohio,383160,5,2176,313648,THE HOME LOAN SAVINGS BANK,Coshocton,29695,OH,40.2733379929668,01/01/1882
1,SM,1.328684530623072,-106.700283971941,15.9,Wyoming,210278,3,695,184097,Buffalo Federal Bank,Buffalo,29696,WY,44.3485569974168,05/01/1936
1,SM,1.7760141941291891,-86.9558870172854,21.72,Kentucky,234794,5,1016,189547,Lewisburg Banking Company,Lewisburg,297,KY,36.9882519994808,02/10/1894
1,SB,1.627898660849976,-92.6382560341797,13.44,Louisiana,913280,7,3642,794377,Century Next Bank,Ruston,29700,LA,32.5329219841086,01/01/1905
1,SL,0.7986718968740366,-82.976052101225,10.36,Ohio,356244,6,706,286642,First Federal Community Bank of Bucyrus,Bucyrus,29705,OH,40.807987954844,01/01/1887
1,SB,1.2354185104347062,-94.5254520115095,8.83,Missouri,3155799,10,9454,1895482,"North American Savings Bank, F.S.B.",Grandview,29708,MO,38.8982799876939,01/01/1923
1,SI,0.5660568078439301,-87.1718409690875,5.46,Indiana,92818,1,133,75664,First Federal Savings Bank of Washington,Washington,29710,IN,38.6502349975753,01/01/1895
1,NM,1.1265463827542197,-86.0076920157334,8.37,Alabama,128192,4,363,102392,The Southern Bank Company,Gadsden,29731,AL,34.0131670069011,06/01/1936
1,SL,0.9035583735949275,-68.01073378325,8.99,Maine,204279,2,461,176697,Aroostook County Federal Savings and Loan Association,Caribou,29743,ME,46.86036376602,07/29/1936
1,SB,-0.3426611441448871,-70.8750720000244,-4.37,New Hampshire,588846,5,-509,478095,First Seacoast Bank,Dover,29744,NH,43.2050059843832,01/01/1890
1,SI,0.881930896602873,-89.6251390360413,5.84,Wisconsin,248552,5,547,181373,Marathon Bank,Wausau,29745,WI,44.9607144598666,01/01/1902
1,SB,0.5454673851900735,-83.5540330240289,4.05,Ohio,205627,8,280,176229,Southern Hills Community Bank,Leesburg,29749,OH,39.3456579928033,01/01/1884
1,SI,1.2778655349822772,-78.3215650070093,16.28,North Carolina,873103,12,2707,800025,"KS Bank, Inc.",Smithfield,29771,NC,35.5173559838521,01/01/1924
1,SB,-0.7289529857701532,-82.4123169772384,-6.1,Georgia,213615,2,-394,165330,Vidalia Federal Savings Bank,Vidalia,29772,GA,32.2153569861387,09/01/1936
1,SB,0.6641640196361537,-85.1330000186027,4.52,Kentucky,42592,1,69,36239,Carrollton Federal Bank,Carrollton,29774,KY,38.6573480063385,01/01/1890
1,SI,1.497730411290668,-87.3800089710299,14.27,Tennessee,1098087,17,4063,969666,First Federal Bank,Dickson,29782,TN,36.0721790073776,10/16/1936
1,SM,1.060251175849582,-106.014448993846,11.63,Colorado,524132,5,1401,438107,High Country Bank,Salida,29783,CO,38.5235890087316,01/01/1886
1,N,1.7559504596130302,-81.4958219982199,19.67,Ohio,937635,8,4012,824150,"First Federal Community Bank, National Association",Dover,29787,OH,40.5500200067414,01/01/1898
1,SI,0.32532719636888163,-88.0806000382083,1.34,Illinois,551827,4,446,392782,Lisle Savings Bank,Lisle,29800,IL,41.7862000185001,01/01/1917
1,SB,0.936088255703624,-92.0827329960106,3.6,Louisiana,285256,6,661,200648,Catalyst Bank,Opelousas,29804,LA,30.5360850135498,01/01/1922
1,SI,0.15987240372306633,-87.5474209746101,1.08,Illinois,796847,14,318,676765,First Savings Bank of Hegewisch,Chicago,29809,IL,41.6548470042901,01/01/1914
1,NM,0.36837756176947384,-82.9735999754507,1.91,Ohio,160648,2,146,129634,Peoples Savings and Loan Company,Bucyrus,29813,OH,40.8058439897401,01/01/1888
1,SB,0.28932373338044964,-71.5209310834859,2.67,Massachusetts,545467,4,393,445394,Milford Federal Bank,Milford,29835,MA,42.1387130264839,01/01/1937
1,SB,0.08418423720311902,-82.1848730287444,0.9,Ohio,567257,6,120,500238,First Federal Savings and Loan Association of Lorain,Lorain,29838,OH,41.4365400008096,01/01/1921
1,NM,1.1230415991356024,-85.8350359582505,13.24,Indiana,597966,7,1663,533357,Crossroads Bank,Wabash,29839,IN,40.8129979860098,01/01/1920
1,SM,0.32985395282220437,-71.1206012457239,2.44,Massachusetts,209384,2,171,138549,Commonwealth Co-operative Bank,Hyde Park,29842,MA,42.2560273167938,01/01/1886
1,SB,0.7199052477651838,-84.8362549975683,5.89,Michigan,534152,7,952,452047,Eaton Community Bank,Charlotte,29846,MI,42.5612889800972,01/01/1936
1,NM,1.3366418396301198,-81.939954991424,13.93,Ohio,1526447,21,5048,1363482,Main Street Bank Corp.,Wooster,29847,OH,40.799319013394,01/01/1899
1,SB,0.2135155332550443,-94.7087960013695,0.88,Kansas,28332,1,15,21453,"The Liberty Savings Association, FSA",Fort Scott,29857,KS,37.8411119886865,01/01/1919
1,NM,1.5140304940014238,-81.5279729671441,21.11,Ohio,289174,4,1082,259235,SSB Community Bank,Strasburg,29858,OH,40.5976210025128,01/01/1924
1,N,0.616346824322693,-118.339598988341,7.41,Washington,698667,7,1085,637117,Baker-Boyer National Bank,Walla Walla,2987,WA,46.0662719821866,11/10/1869
1,SB,0.13762139808351984,-83.2497599642955,0.52,Michigan,298604,5,101,189773,Dearborn Federal Savings Bank,Dearborn,29874,MI,42.3045480168911,01/01/1936
1,NM,1.166077598556134,-87.4713569634926,12.83,Indiana,376536,5,1104,339118,American Community Bank of Indiana,Saint John,29878,IN,41.4756269946115,01/01/1910
1,SB,0.6093712795641008,-86.4294989716399,6.91,Indiana,431685,6,659,368899,Home Bank SB,Martinsville,29881,IN,39.4265289834824,01/01/1890
1,SB,1.1732887077182925,-82.2145574345396,2.78,Tennessee,324184,5,943,186712,Elizabethton Federal Savings Bank,Elizabethton,29904,TN,36.3481697685345,06/15/1937
1,NM,0.8204889896549408,-86.3604009926135,9.89,Indiana,285519,2,565,246851,Logansport Savings Bank,Logansport,29907,IN,40.7545780068052,01/01/1925
1,SL,0.16065609877758846,-85.7739810020542,0.93,Indiana,77910,1,31,61413,Scottsburg Building and Loan Association,Scottsburg,29910,IN,38.6859149991935,01/01/1889
1,NM,-2.0677032109446367,-122.673275779315,-17.51,Washington,1461136,18,-7679,1259835,Riverview Bank,Vancouver,29922,WA,45.628399558192,01/01/1923
1,SB,0.9335805935400383,-85.1369509963025,9.41,Indiana,261643,4,606,234355,Union Savings and Loan Association,Connersville,29933,IN,39.6440050050821,08/01/1937
1,SB,0.6614366487209798,-84.8768759634704,6.29,Kentucky,287849,6,477,213752,First Federal Savings Bank of Kentucky,Frankfort,29937,KY,38.1983510070473,01/01/1934
1,SI,0.28846456746065674,-74.0066709714041,1.96,New Jersey,875154,8,641,607336,Bogota Savings Bank,Teaneck,29941,NJ,40.8844459992295,01/01/1893
1,N,1.0006267806094353,-75.5482659933848,7.57,Delaware,106094600,365,262968,85645960,"Santander Bank, N.A.",Wilmington,29950,DE,39.7440739906133,01/01/1907
1,NM,-3.07570532029174,-80.997190960216,-12.02,Ohio,8746,1,-68,6475,The Equitable Savings and Loan Company,Cadiz,29966,OH,40.2723959927784,01/01/1898
1,SL,0.7090142185798927,-83.7518419994748,8.48,Ohio,185360,2,324,166982,The Peoples Savings Bank,Urbana,29975,OH,40.1083460124714,01/01/1892
1,SL,-4.079933031402263,-87.798456041048,-46.27,Illinois,116268,4,-1188,105925,Midland Federal Savings and Loan Association,Bridgeview,29980,IL,41.72903401392,01/01/1914
1,SL,1.6428029199271146,-94.914358991624,7.3,Kansas,396924,6,1642,259733,Mutual Savings Association,Leavenworth,29988,KS,39.3187320089521,01/01/1888
1,SI,0.7094749484025236,-75.5303081849265,6.12,Pennsylvania,654399,7,1149,559081,Phoenixville Federal Bank and Trust,Phoenixville,29995,PA,40.1300545968721,01/01/1911
1,SB,0.5301757142516306,-81.6395729787832,5.38,Ohio,17468430,35,23166,10298906,Third Federal Savings and Loan Association of Cleveland,Cleveland,30012,OH,41.459411993371,08/04/1938
1,SI,0.3874312736803122,-78.0115660177598,1.7,Pennsylvania,17640,1,17,13567,Huntingdon Savings Bank,Huntingdon,30031,PA,40.4849509990238,01/01/1923
1,SI,-0.5441691692307995,-74.0285100201278,-6.24,New Jersey,1015565,9,-1381,888404,Haven Savings Bank,Hoboken,30039,NJ,40.7440539825447,01/01/1938
1,SI,0.789884216138651,-90.4334549933828,8.35,Illinois,78898,2,150,59836,Beardstown Savings s.b.,Beardstown,30043,IL,40.0165220117273,01/01/1911
1,SI,-0.9624643108262572,-74.1019960092856,-7.52,New Jersey,2134039,21,-5169,1544566,Blue Foundry Bank,Rutherford,30052,NJ,40.8279269937556,04/10/1939
1,SB,0.44916923863124414,-85.48321001487,3.81,Indiana,146054,3,167,128375,First Federal Savings and Loan Association of Greensburg,Greensburg,30058,IN,39.3380040160092,01/01/1883
1,SL,1.184527114565982,-86.763099975308,3.78,Indiana,42840,1,128,19835,"Peoples Community Bank SB of Monticello, Indiana",Monticello,30065,IN,40.74569398572,01/01/1899
1,SM,0.7635875295501715,-95.0367829739287,5.29,Iowa,45465,1,86,38111,Cornerstone Bank,Clarinda,30067,IA,40.7380279808948,01/01/1897
1,SI,0.20732364028002154,-74.1496730289188,1.46,New Jersey,149725,2,77,116641,Schuyler Savings Bank,Kearny,30072,NJ,40.754241012388,01/01/1924
1,SL,0.6236374826862098,-74.1253609834823,5.34,New Jersey,4025456,28,6286,3115631,"Spencer Savings Bank, SLA",Elmwood Park,30076,NJ,40.8996179983484,09/19/1939
1,NM,0.7962824852274684,-84.5378040077807,6.19,Ohio,174186,7,347,148741,Mercer Savings Bank,Celina,30084,OH,40.5585760020458,01/01/1888
1,SI,0.6887494015171814,-74.993863028937,5.04,New Jersey,113193,2,196,86722,Monroe Savings Bank,Williamstown,30103,NJ,39.6853430008913,01/01/1870
1,SB,0.7010506725930744,-82.953902000074,5.7,South Carolina,664716,8,1164,560612,Oconee Federal Savings and Loan Association,Seneca,30111,SC,34.687505995244,02/14/1924
1,SI,-0.11127812801471743,-78.402409971879,-0.96,Pennsylvania,663076,9,-186,520580,Reliance Savings Bank,Altoona,30117,PA,40.515085994506,01/01/1939
1,SI,0.38549011870021704,-78.4017870288351,3.1,Pennsylvania,242902,8,232,206702,PennCrest Bank,Altoona,30119,PA,40.5164700143582,01/01/1939
1,SI,0.36228636661682084,-78.3891399942288,1.74,Pennsylvania,105992,2,96,76435,Investment Savings Bank,Altoona,30121,PA,40.5021479821308,01/01/1939
1,SI,0.4036763380789331,-87.2740179613577,4.54,Indiana,69483,1,70,51325,Boonville Federal Savings Bank,Boonville,30128,IN,38.0502900099616,01/01/1917
1,SB,0.22121834942395485,-94.8991460049987,1.13,Kansas,188470,3,104,147442,Citizens Federal Savings Bank,Leavenworth,30150,KS,39.268371020103,01/01/1884
1,SI,0.23381557796288177,-87.6953299658817,1.92,Illinois,27361,1,16,23815,Milford Building and Loan Association,Milford,30152,IL,40.6285449865407,01/01/1883
1,SI,0.7444995692717863,-80.1796170231791,3.27,Pennsylvania,319972,3,592,226825,Sewickley Savings Bank,Sewickley,30154,PA,40.541002000934,01/01/1884
1,SB,1.1074133090264728,-75.106838007973,4.57,Pennsylvania,590545,4,1628,437922,"Hatboro Federal Savings, FA",Hatboro,30155,PA,40.1738999971067,06/30/1941
1,SB,0.6303815626862606,-86.842882031036,3.44,Alabama,459644,5,702,313217,Cullman Savings Bank,Cullman,30167,AL,34.174351004965,01/01/1937
1,SM,1.2807705910592189,-103.067938202558,13.3,Colorado,460523,9,1444,406265,High Plains Bank,Flagler,3017,CO,39.292209446101,01/01/1908
1,NM,0.25472298874973465,-84.1965469737521,2.11,Ohio,43355,1,27,35331,Home Savings Bank of Wapakoneta,Wapakoneta,30176,OH,40.5703560125876,11/24/1941
1,N,1.2347503407057123,-102.839262030478,9.42,Colorado,30825,1,94,26634,The First National Bank of Fleming,Fleming,3018,CO,40.6816590114877,01/01/1917
1,SM,0.8824302415044625,-112.016012031592,7.54,Montana,2089318,30,4625,1802962,Opportunity Bank of Montana,Helena,30182,MT,46.5916169838009,01/01/1922
1,SI,0.30047933608375266,-75.0396329979597,2.57,New Jersey,168009,2,126,147621,Millville Savings Bank,Millville,30183,NJ,39.4166989808049,12/01/1941
1,NM,1.5533353517004742,-105.117498014643,12.58,Colorado,124211,2,481,107830,Rocky Mountain Bank & Trust,Florence,3019,CO,38.3901709869458,05/31/1900
1,NM,0.038621144674405646,-81.3584560162194,0.5,Ohio,249716,5,24,198690,Hometown Bank,Kent,30219,OH,41.1544219875496,01/01/1898
1,N,1.0667163338822125,-89.8225712382695,17.65,Illinois,120068,3,315,112572,Chester National Bank,Chester,30220,IL,37.912672441491,01/01/1919
1,SI,0.4082053010514095,-73.8733082701794,3.26,New York,538165,6,545,458924,Cross County Savings Bank,Middle Village,30260,NY,40.7133597883924,01/01/1888
1,SI,1.3695231479184242,-89.8470769961584,10.18,Louisiana,326363,5,1104,280890,Citizens Savings Bank,Bogalusa,30270,LA,30.7573740048136,01/01/1945
1,SI,0.5900584098223864,-102.33720497337,3.38,Texas,68168,1,99,56025,"First Federal Bank Littlefield, Texas",Littlefield,30291,TX,33.9059490123326,06/01/1946
1,NM,1.914013910545034,-84.4703853726438,17.66,Kentucky,459477,7,2185,399198,United Cumberland Bank,Whitley City,303,KY,36.7227786811969,01/01/1906
1,SB,1.0837013876906483,-73.8955420227235,3.14,New York,2227906,8,5998,1417879,Maspeth Federal Savings and Loan Association,Maspeth,30303,NY,40.7263183783397,01/01/1947
1,NM,1.5060242746399313,-104.920486996379,18.39,Colorado,855903,21,3181,763605,Points West Community Bank,Windsor,3031,CO,40.4792549929019,01/01/1906
1,SI,-0.3928985830532494,-88.2726939806122,-8.7,Wisconsin,262951,4,-262,219780,East Wisconsin Savings Bank,Kaukauna,30313,WI,44.2780889963163,01/01/1887
1,SB,0.6514569336097978,-81.2533209664995,3.83,North Carolina,478394,4,778,383754,First Federal Savings Bank of Lincolnton,Lincolnton,30315,NC,35.4722079939545,01/01/1940
1,SI,0.2540220152413209,-92.1242349837554,0.86,Louisiana,66243,1,42,45378,Abbeville Building & Loan (A State-Chartered Savings Bank),Abbeville,30332,LA,29.971900996739,01/01/1890
1,SB,1.225525207496983,-93.2849799624109,10.48,Louisiana,103636,2,311,82381,Beauregard Federal Savings Bank,Deridder,30339,LA,30.8476579984872,06/23/1948
1,N,2.172339686725584,-103.220304019386,20.79,Colorado,626989,7,3433,530936,First National Bank Colorado,Las Animas,3034,CO,38.0671240147516,01/01/1901
1,SB,0.8347123489880746,-73.1966499673187,7.77,Vermont,650111,5,1343,490704,The Bank of Bennington,Bennington,30350,VT,42.8801159993187,01/01/1917
1,SI,-38.54308403623439,-88.8331640180355,-156.93,Illinois,136999,1,-14057,106677,Streator Home Savings Bank,Streator,30357,IL,41.1196479858456,01/01/1894
1,SB,0.3023567629828935,-79.2706650026472,1.26,North Carolina,55588,1,42,41495,First Savings and Loan Association,Mebane,30358,NC,36.097394999162,01/01/1909
1,SI,0.07427301966245566,-74.6923060411086,0.76,New Jersey,302255,3,56,239132,1st Bank of Sea Isle City,Sea Isle City,30367,NJ,39.1538759829262,01/01/1882
1,NM,1.7987382170926696,-66.0666599711714,18.09,Puerto Rico,19070727,74,85850,16654866,FirstBank Puerto Rico,Santurce,30387,PR,18.4450670138211,01/17/1949
1,SL,0.3360293830344235,-106.927372024826,2.61,Colorado,102789,1,86,83693,Gunnison Savings and Loan Association,Gunnison,30388,CO,38.546845018187,01/01/1911
1,SB,-0.6872676955765522,-73.9447907330211,-9.59,New York,676450,7,-1179,590003,Carver Federal Savings Bank,New York,30394,NY,40.8076593842393,01/01/1948
1,SB,0.08233378866413428,-96.1938829981693,0.39,Nebraska,53441,1,11,36720,Tecumseh Federal Bank,Tecumseh,30395,NE,40.3689770169412,01/01/1904
1,SB,0.3159074851010586,-76.2000600510277,2.1,New York,669477,1,522,497553,Geddes Federal Savings and Loan Association,Syracuse,30397,NY,43.0479095471315,01/01/1948
1,NM,0.6516608300320956,-88.9926469926688,4.22,Kentucky,71459,1,117,60097,Clinton Bank,Clinton,304,KY,36.6668280151984,09/01/1887
1,SI,0.6193615966382804,-75.0870029884796,5.68,Pennsylvania,3019439,22,4683,2428383,Penn Community Bank,Doylestown,30401,PA,40.3598730128072,01/01/1922
1,SI,0.55130697260433,-75.3074740317219,6.19,New Jersey,337448,8,463,305076,Franklin Bank,Pilesgrove,30402,NJ,39.649135987111,01/01/1861
1,SB,0.9363947719160924,-88.2023630236286,4.18,Wisconsin,278732,5,649,211664,First Federal Bank of Wisconsin,Waukesha,30422,WI,42.9963810010796,01/01/1922
1,SI,0.6572221976797266,-75.054903987355,6.86,New Jersey,640681,6,1060,497864,Century Savings Bank,Vineland,30428,NJ,39.4477610147781,01/01/1865
1,SB,0.9907664957128375,-74.8902514739382,6.72,New York,200570,2,496,149481,Massena Savings and Loan,Massena,30429,NY,44.9244405165894,01/01/1924
1,SI,1.0411983246172414,-80.0385400373668,14.46,Pennsylvania,434836,3,1045,383668,SSB Bank,Pittsburgh,30431,PA,40.5630930096671,01/01/1922
1,SI,0.19577513563430682,-81.689150008228,0.74,North Carolina,109151,1,53,72187,"Morganton Savings Bank, S.S.B.",Morganton,30434,NC,35.743941248275,01/01/1903
1,SL,0.3822907693212523,-93.220324056791,3.54,Louisiana,1175492,16,1105,1019371,First Federal Bank of Louisiana,Lake Charles,30441,LA,30.224333242618,10/31/1949
1,SL,-2.2414573323961835,-92.2685590350388,-8.02,Louisiana,51468,1,-291,36583,Rayne Building and Loan Association,Rayne,30447,LA,30.2371210093783,01/01/1900
1,SI,0.3854341450264238,-74.0896249907509,4.14,New Jersey,3459562,15,3317,2994712,Manasquan Bank,Manasquan,30470,NJ,40.1373839844658,01/01/1874
1,SI,1.2931172643060256,-89.7287619904283,10.57,Wisconsin,215458,2,706,186417,Crossbridge Community Bank,Tomahawk,30516,WI,45.4713729841036,01/01/1920
1,NM,1.0699054585604857,-79.330301154093,6.59,New York,721509,11,1938,587515,Lake Shore Bank,Dunkirk,30530,NY,42.4839636182803,01/01/1891
1,SI,0.5193497758089727,-80.084547381887,4.34,Pennsylvania,1410572,11,1803,1076065,Marquette Savings Bank,Erie,30544,PA,42.125399421028,01/01/1908
1,SB,-0.33130044362082783,-79.384156977471,-1.24,Pennsylvania,168438,1,-139,122953,Westmoreland Federal Savings and Loan Association,Latrobe,30551,PA,40.3169790004925,03/12/1952
1,SI,1.1688194148145274,-88.5439130051732,8.61,Wisconsin,77774,1,226,66988,Mayville Savings Bank,Mayville,30585,WI,43.4934859878819,01/01/1922
1,SM,0.8519425479352827,-91.3592529629167,9.45,Missouri,187866,3,394,170081,F&M Bank and Trust Company,Hannibal,30595,MO,39.7079559926446,01/01/1886
1,NM,0.9705219555393428,-91.1537551000499,10.41,Louisiana,422161,5,1011,372032,Bank of Zachary,Zachary,306,LA,30.6490297758249,01/01/1904
1,SI,0.8405561049386306,-82.376800003637,9.83,South Carolina,137645,2,289,113435,"Abbeville First Bank, SSB",Abbeville,30619,SC,34.1758279801234,01/01/1907
1,N,0.9770909627055697,-102.222710253209,8.46,Colorado,252579,2,613,212924,First Pioneer National Bank,Wray,3063,CO,40.0779964265343,07/01/1902
1,SI,0.581453780105017,-80.3871469946518,4.63,Pennsylvania,342060,3,499,259742,Greenville Savings Bank,Greenville,30637,PA,41.4055119973633,01/01/1911
1,SI,0.37930870987625054,-89.9976469902311,4.8,Illinois,63039,3,60,57847,North County Savings Bank,Red Bud,30656,IL,38.2120500124116,01/01/1887
1,SM,1.7664269431901616,-99.733097022275,15.53,Texas,15317679,83,67785,13408107,First Financial Bank,Abilene,3066,TX,32.452967009718,01/01/1889
1,N,2.2768907485318324,-99.2977569807776,22.41,Texas,1016278,6,5694,905116,"Clear Fork Bank, National Association",Albany,3067,TX,32.7245340089894,01/01/1883
1,SB,0.6373537604843444,-75.600866040029,3.75,Maryland,361581,7,574,299130,First Shore Federal Savings and Loan Association,Salisbury,30680,MD,38.3651300092997,12/18/1953
1,NM,0.47176423389065314,-84.314220009518,4.89,Ohio,101584,2,122,84942,Peoples First Savings Bank,Mason,30688,OH,39.3590949798744,01/01/1909
1,NM,0.6324871902194282,144.750458429087,5.32,Guam,187470,6,289,163248,"BankPacific, Ltd",Hagatna,30692,GU,13.475615424067,01/01/1953
1,NM,0.753104574515734,-91.0184949874033,7.69,Louisiana,233304,5,475,207924,Landmark Bank,Clinton,307,LA,30.865458981537,11/01/1897
1,SI,1.2343200824142528,-74.4610909905569,10.99,New Jersey,1067519,7,3259,884993,Magyar Bank,New Brunswick,30704,NJ,40.489839995508,01/01/1922
1,SL,0.14490763598968118,-103.207246020067,0.94,Colorado,171960,10,62,131643,Equitable Savings and Loan Association,Sterling,30707,CO,40.625959001773,01/01/1921
1,SB,0.38035478290767266,-117.889390037344,2.11,California,373408,5,354,278512,Universal Bank,West Covina,30722,CA,34.0183859989133,11/17/1954
1,N,1.1984233570266523,-95.9873789716453,10.64,Texas,223921,2,686,197446,The First National Bank of Anderson,Anderson,3075,TX,30.4874079909583,07/05/1904
1,N,4.000482386422866,-96.7883971411681,33.07,South Dakota,7113101,1,73394,5854146,"Pathward, National Association",Sioux Falls,30776,SD,43.4962068374717,01/01/1954
1,N,2.5360772333354116,-99.8959960415475,33.91,Texas,112634,1,661,104572,The First National Bank of Anson,Anson,3078,TX,32.7557749965953,01/01/1902
1,NM,1.1020305149701577,-114.328427237611,8.29,Montana,31717351,261,87712,24944633,Glacier Bank,Kalispell,30788,MT,48.219994920408,07/15/1955
1,N,1.0857397882661086,-100.228575961771,27.81,Texas,136438,1,371,130617,The First National Bank of Aspermont,Aspermont,3079,TX,33.138312987582,04/21/1901
1,SB,0.4322793221987058,-88.5548470302275,4.62,Mississippi,377630,6,409,270926,First Federal Savings and Loan Association,Pascagoula,30812,MS,30.3662050004891,10/28/1955
1,SI,0.3404488983458027,-88.947850246424,3.38,Illinois,293825,6,248,230819,Community Partners Savings Bank,Salem,30819,IL,38.626870652021,01/01/1910
1,N,1.5322885470880703,-99.9493289351332,15.22,Texas,275940,3,1054,246167,The First National Bank of Ballinger,Ballinger,3087,TX,31.7367694671129,06/29/1886
1,SL,0.39362523925034076,-68.2048057709843,3.37,Maine,101589,1,100,74030,Bar Harbor Savings and Loan Association,Bar Harbor,30878,ME,44.3890077687749,01/01/1902
1,SB,0.5015118143981,-117.395879001075,5.14,California,1217531,14,1533,901388,"Provident Savings Bank, F.S.B.",Riverside,30879,CA,33.9537909878203,07/02/1956
1,SL,0.5425592851414824,-83.7562590109912,6.1,Ohio,110671,2,148,78201,The Peoples Savings and Loan Company,West Liberty,30889,OH,40.2526740032494,01/01/1890
1,N,1.054495409664236,-97.3377469914675,10.89,Kansas,3345441,16,8823,2656355,"Fidelity Bank, National Association",Wichita,30895,KS,37.6839109871927,01/01/1956
1,N,1.6508288005992435,-97.3331279760847,18.25,Texas,1099263,7,4540,990765,The First National Bank of Bastrop,Bastrop,3091,TX,30.1083979849277,08/15/1889
1,N,0.6255746607890147,-95.1398300077486,3.46,Minnesota,116854,3,182,94941,Mid-Central National Bank,Wadena,30943,MN,46.436645987647,03/11/1957
1,SB,0.9385753160999714,-120.857071001482,7.04,California,2472114,35,5803,2126939,"El Dorado Savings Bank, F.S.B.",Placerville,30953,CA,38.7033820053113,01/01/1956
1,SM,0.8243276204508913,-89.8006689966659,8.43,Illinois,202890,3,414,182290,First FSB of Mascoutah,Mascoutah,30969,IL,38.4904320018787,01/01/1913
1,SL,0.6090164384519002,-75.4678236951436,3.85,New York,198537,4,305,161486,Gouverneur Savings and Loan Association,Gouverneur,30976,NY,44.3350446570362,01/01/1892
1,SM,0.236420074691231,-96.393142042865,2,Texas,228894,3,135,200615,Cendera Bank,Bells,3098,TX,33.606228918585,01/01/1904
1,SL,0.16762396357504666,-81.1936210287705,0.81,South Carolina,150344,3,63,119049,Spratt Savings Bank,Chester,30987,SC,34.6966819999258,01/01/1893
1,SB,-0.44406569586829525,-74.7971530048163,-2.53,New Jersey,864520,1,-979,510850,Cenlar FSB,Ewing,30996,NJ,40.2834520164334,01/01/1912
1,NM,0.7279982219122375,-93.643420903777,9.53,Minnesota,673088,11,1216,602879,HomeTown  Bank,Carver,31028,MN,44.773740477289,01/01/1924
1,N,1.7505498697814796,-101.472887006343,17.74,Texas,615649,3,2713,553259,The State National Bank of Big Spring,Big Spring,3103,TX,32.2462709957018,03/01/1909
1,NM,1.2929622991630252,-100.802345984058,20.61,Texas,292302,2,918,273639,Interstate Bank,Perryton,31043,TX,36.397217980771,01/01/1957
1,SB,0.18972262258434566,-78.6104170412805,2.85,North Carolina,272074,7,129,247852,First Federal Bank,Dunn,31077,NC,35.3054100066914,01/01/1958
1,N,1.9190533537490253,-97.8483649892026,20.12,Texas,1247150,15,5900,1114012,"Legend Bank, N.A.",Bowie,3108,TX,33.560449980926,03/01/1890
1,SL,0.07030089997272809,-76.4790419752146,0.6,Maryland,165246,1,29,145208,Jarrettsville Federal Savings and Loan Association,Jarrettsville,31083,MD,39.6040879933182,01/01/1876
1,SB,0.7155132588007023,-82.7059600235456,7.6,South Carolina,135963,2,242,115690,"Pickens Savings and Loan Association, FA",Pickens,31089,SC,34.8829369828491,01/01/1920
1,N,1.2562999385371851,-99.3337129984674,15.4,Texas,161483,1,511,147301,The Brady National Bank,Brady,3109,TX,31.1345630004697,07/10/1905
1,SB,0.2637171980047712,-84.2517940254192,1.64,Kentucky,57815,1,38,39954,Blue Grass Federal Savings and Loan Association,Paris,31090,KY,38.2110739816963,01/01/1914
1,N,2.9268317979220737,-99.3343409706533,32.22,Texas,397152,5,2822,339202,The Commercial National Bank of Brady,Brady,3110,TX,31.1332469997617,03/11/1907
1,NM,0.7850745913986678,-81.721225959119,8.39,South Carolina,1562169,19,3056,1377437,Security Federal Bank,Aiken,31100,SC,33.5616169933051,01/01/1922
1,SB,0.8323147332215243,-87.5352809613269,10.86,Alabama,178746,3,366,112028,"First Federal Bank, A FSB",Tuscaloosa,31127,AL,33.2296179808814,11/20/1959
1,N,1.2286911113589363,-96.3955619821304,12.99,Texas,505644,4,1570,453920,The Brenham National Bank,Brenham,3113,TX,30.1478609909061,04/22/1933
1,NM,1.5190173231661985,-85.7770460125883,13.64,Tennessee,378520,3,1443,331323,Security Federal Savings Bank of McMinnville,Mcminnville,31146,TN,35.6820299968505,01/01/1959
1,NM,1.903957469008521,-89.8101800260181,18.77,Mississippi,309019,6,1437,264193,First Southern Bank,Columbia,31158,MS,31.2432959821277,03/28/1960
1,SB,0.16355244880584308,-75.7011290247092,1.09,Pennsylvania,358923,6,146,304198,Citizens Savings Bank,Clarks Summit,31184,PA,41.4930030151703,01/01/1902
1,N,1.149703103042156,-73.8509777066535,7.33,New York,3289470,13,9347,2148171,"Ponce Bank, National Association",Bronx,31189,NY,40.8341332901428,03/31/1960
1,SB,0.8108497221342393,-83.1953120068753,3.89,Kentucky,87158,1,176,61042,First Federal Savings and Loan Association,Hazard,31197,KY,37.2483681878713,07/26/1960
1,SB,0.8731220202640317,-82.8318439716622,5.85,Tennessee,205587,3,448,157906,"Greeneville Federal Bank, FSB",Greeneville,31198,TN,36.1621250008057,08/02/1960
1,NM,1.7419068788054826,-98.571614017045,12.54,Texas,689430,9,2976,591377,First Bank,Burkburnett,3121,TX,34.0972449975541,01/01/1907
1,SM,1.0700244214280787,-81.491231984222,9.95,North Carolina,502996,4,1338,443391,LifeStore Bank,West Jefferson,31217,NC,36.400049094297,01/01/1939
1,NM,1.3406574112394498,-86.1313440306724,12.82,Indiana,1281783,17,4276,1139853,First Harrison Bank,Corydon,31223,IN,38.2328189854663,01/01/1891
1,SB,0.5831016622267517,-85.025737977133,2.59,Tennessee,78805,2,113,60131,Highland Federal Savings and Loan Association,Crossville,31232,TN,35.946591988181,02/16/1961
1,NM,0.7967585630455872,-83.7077445228726,8.73,Kentucky,591133,8,1157,530083,Hearthside Bank Corporation,Middlesboro,31236,KY,36.6078189192887,01/01/1920
1,N,1.7852769415419159,-96.9774440103105,16.23,Texas,666463,7,2934,586614,"Classic Bank, National Association",Cameron,3126,TX,30.8510750070452,08/22/1889
1,SI,0.2462575335363878,-83.226277727273,1.07,North Carolina,31181,1,19,23980,"Jackson Savings Bank, SSB",Sylva,31266,NC,35.373491093225,01/01/1955
1,SB,0.07252398579738611,-76.570512008188,0.28,Maryland,65563,1,12,48299,Homewood Federal Savings Bank,Baltimore,31267,MD,39.286726005043,01/01/1916
1,N,1.5864805834562419,-96.9777210322105,12.8,Texas,668018,13,2634,582102,Citizens National Bank,Cameron,3127,TX,30.8503469968449,07/01/1900
1,SM,0.7366846647844675,-88.3924285546594,7.81,Tennessee,361445,4,652,303358,Community Bank,Lexington,31272,TN,35.6490750977551,08/04/1961
1,SB,1.2201779836510507,-82.7086783495066,11.93,Florida,4382686,30,13259,3457456,First Federal Bank,Lake City,31313,FL,30.184327075934,01/01/1961
1,SL,0.6020293236766214,-91.8569370134999,2.87,Missouri,98911,1,149,75851,West Plains Savings and Loan Association,West Plains,31329,MO,36.7317090168277,01/01/1919
1,NM,1.2379295867570324,-96.196688002067,15.06,Texas,83716,1,258,76375,The First Bank of Celeste,Celeste,3133,TX,33.2940699967062,01/01/1900
1,SI,-0.3011670222110679,-76.4659500291878,-2.72,North Carolina,20416,1,-15,18195,"Hertford Savings Bank, SSB",Hertford,31345,NC,36.1893239832434,01/01/1923
1,SL,-2.8238689065237557,-97.356603256127,-7,Texas,527923,7,-4247,272762,"Colonial Savings, F.A.",Fort Worth,31361,TX,32.737016967841,01/01/1962
1,N,-0.0672502724021053,-81.395498999113,-0.59,Florida,774271,7,-131,679184,"Axiom Bank, National Association",Maitland,31390,FL,28.6285420081711,01/01/1962
1,NM,1.0361237726150079,-91.7927390112508,9.58,Louisiana,49577,1,129,43983,The Mer Rouge State Bank,Mer Rouge,314,LA,32.775805984985,01/01/1903
1,NM,2.168754119973632,-101.865594006081,22.19,Texas,303986,4,1645,268222,Citizens Bank,Amarillo,3140,TX,35.1692050020998,02/04/1904
1,SB,0.09613073780341264,-122.526771008282,0.52,California,219992,4,53,176372,First Federal Savings and Loan Association of San Rafael,San Rafael,31406,CA,37.973464000026,07/31/1963
1,SB,0.6206820113052794,-83.4366429613142,2.39,Kentucky,40842,1,63,29927,First Federal Savings and Loan Association,Morehead,31409,KY,38.1805550112298,08/12/1963
1,SL,0.629464073744972,-80.6744239854973,6.99,South Carolina,153066,2,232,135084,"1st Federal Savings Bank of SC, Inc.",Walterboro,31410,SC,32.9217570055843,01/01/1962
1,N,1.194133269142296,-100.865616947816,9.69,Texas,444315,4,1327,389073,The City National Bank of Colorado City,Colorado City,3144,TX,32.38903727028,01/01/1900
1,SI,1.6898066941207581,-75.3751859792393,17.19,Pennsylvania,958052,7,4010,708369,Harleysville Bank,Harleysville,31461,PA,40.2677540109808,01/01/1915
1,NM,1.7401471052954172,-66.0590640390567,16.07,Puerto Rico,11965833,45,52967,9856845,Oriental Bank,San Juan,31469,PR,18.4255129976317,03/25/1965
1,SM,0.9210298259900442,-98.3399229582119,8.85,Nebraska,517221,6,1189,453525,Equitable Bank,Grand Island,31485,NE,40.9242830057276,01/01/1890
1,SM,2.129395188202515,-91.5444900056089,22.5,Missouri,188235,6,1005,168410,Progressive Ozark Bank,Salem,31488,MO,37.6364969916812,06/02/1965
1,N,0.9724558915500278,-95.6889920195979,7.5,Texas,58164,1,138,50534,The First National Bank in Cooper,Cooper,3149,TX,33.3739380088513,01/15/1891
1,SB,0.8255401104973997,-86.2126759841166,9.29,Indiana,690336,6,1407,555382,First Federal Savings Bank,Rochester,31516,IN,41.0645339968915,01/01/1965
1,NM,0.8887719232287535,-83.8281739800368,6.2,Ohio,265141,2,591,225531,The Wilmington Savings Bank,Wilmington,31539,OH,39.4480739950426,01/01/1890
1,NM,0.9933346989584483,-88.2384229769178,9.21,Tennessee,164253,3,394,144947,Central Bank,Savannah,31545,TN,35.227645014053,06/30/1967
1,N,2.2902387599698244,-101.239782004263,13.65,Texas,77857,1,444,64299,Citizens National Bank of Crosbyton,Crosbyton,3158,TX,33.6602839798016,01/01/1907
1,N,1.2654460244990855,-94.7227549714608,13.09,Texas,943826,6,3008,797313,Texas Heritage National Bank,Daingerfield,3161,TX,33.0315889804771,01/01/1892
1,SM,1.7776706086358591,-118.141779032602,17.61,California,82474471,98,360281,69086073,East West Bank,Pasadena,31628,CA,34.1481879838501,01/01/1972
1,SI,0.8901887822942267,-84.3632249740712,8.83,Tennessee,396158,6,872,353724,Volunteer Federal Savings Bank,Madisonville,31694,TN,35.5206269796568,01/01/1973
1,NM,1.4532649553540238,-98.537893033837,11.04,Texas,255908,7,910,219760,Farmers and Merchants Bank,De Leon,3170,TX,32.107325988872,01/01/1905
1,NM,1.4349775784753362,-90.9716236363033,12.16,Arkansas,164754,4,586,142792,RiverBank,Pocahontas,31711,AR,36.2614624976467,07/25/1974
1,SB,-1.1285173361051302,-84.5467370210899,-9.98,Kentucky,27191,1,-76,19832,"Home Savings Bank, FSB",Ludlow,31723,KY,39.0942959902316,01/01/1941
1,NM,1.2200980994625759,-98.22445101022,11.61,Texas,180886,6,546,160147,Greater State Bank,Mcallen,31762,TX,26.233473986496,01/01/1974
1,SL,0.24029135326583484,-81.0350449760608,1.69,South Carolina,39553,1,24,33098,Home Federal Savings and Loan Association,Bamberg,31774,SC,33.2977709841438,01/01/1920
1,N,1.355144028089294,-96.32591474563,12.54,Texas,170691,3,577,151347,The First National Bank of Eagle Lake,Eagle Lake,3179,TX,29.580934523733,12/30/1904
1,SM,0.2694956432695299,-95.956399122233,2.39,Oklahoma,1010629,2,679,826262,MapleMark Bank,Tulsa,3182,OK,36.076093607618,01/01/1909
1,SB,0.554609198589708,-80.3435469891222,4.8,Florida,335839,5,455,290520,"Interamerican Bank, A FSB",Miami,31823,FL,25.7473255907782,08/23/1976
1,N,3.2325996242876465,-96.2687883340252,27.2,Texas,955986,9,7679,833246,NewFirst National Bank,El Campo,3183,TX,29.1973768151963,01/01/1902
1,N,3.5870418114561144,-100.59899555207,23.88,Texas,119895,2,1040,101409,"Lone Oak Bank, National Association",Eldorado,3184,TX,30.860709984305,01/01/1907
1,SM,1.0360950656017611,-89.8462460142776,10.6,Tennessee,1119899,1,2871,858567,Financial Federal Bank,Memphis,31840,TN,35.1017269935001,01/01/1973
1,SB,0.3033569698972378,-89.3560689638164,2.8,Mississippi,276336,1,210,243595,"Grand Bank for Savings, FSB",Hattiesburg,31864,MS,31.3282309804709,01/01/1968
1,N,2.307631682648102,-98.1513569588546,24.04,Texas,192983,3,1098,173635,The First National Bank of Evant,Evant,3190,TX,31.4756699984314,10/08/1912
1,SI,0.1572861758204387,-82.2257590304249,1.02,South Carolina,188370,2,74,122772,CBL State Savings Bank,Greer,31900,SC,34.9368000146639,01/01/1907
1,SI,0.603282747377529,-94.9599820258841,5.35,Texas,231905,5,346,185185,"Cypress Bank, SSB",Pittsburg,31905,TX,32.9938599807182,01/01/1976
1,SM,0.8111960733407465,-81.797636981028,8.4,Virginia,412742,9,828,361413,First Sentinel Bank,Richlands,31928,VA,37.0963189970219,06/20/1978
1,N,2.0091477769556736,-98.0167290093455,12.85,Texas,598089,3,2987,501209,The Falls City National Bank,Falls City,3193,TX,28.982032010789,03/23/1907
1,SI,1.8664834646939417,-96.8765099704622,19.34,Texas,533102,5,2401,480291,"Fayette Savings Bank, SSB",La Grange,31936,TX,29.9059329879964,01/01/1976
1,SB,1.017741586192771,-73.9338867989992,12.39,New York,6507414,134,16472,5652366,TrustCo Bank,Glenville,31945,NY,42.8357295472341,01/01/1925
1,N,2.4699636210787577,-101.335195974137,25.36,Texas,198033,2,1234,177398,First Texas National Bank,Floydada,3197,TX,33.984625997946,01/01/1890
1,SB,2.1594809986843497,-103.223600035172,13.03,South Dakota,65524,1,357,44039,First Western Federal Savings Bank,Rapid City,31972,SD,44.0808840208132,06/06/1979
1,SB,0.1044641765666848,-78.8865139982135,1.57,Pennsylvania,180992,5,47,168232,Slovenian Savings and Loan Association of Franklin-Conemaugh,Conemaugh,31994,PA,40.3469000059864,01/01/1915
1,SM,1.3053849568530271,-97.455923025243,8.81,Nebraska,603614,6,2007,486227,Madison County Bank,Madison,31999,NE,41.8277359948623,01/01/1888
1,SI,0.9750323741217971,-94.721528028474,8.8,Texas,84762,1,208,74817,"Angelina Savings Bank, SSB",Lufkin,32018,TX,31.3132109871661,01/01/1978
1,SM,1.1339686797850643,-94.1445993697944,11.17,Arkansas,319452,5,875,283991,United Bank,Springdale,32025,AR,36.1611189209675,01/01/1978
1,N,0.9355482614557037,-95.5015310065362,8.33,Texas,722189,9,1682,634525,"Texas Gulf Bank, National Association",Houston,3206,TX,29.7507529890867,07/13/1913
1,N,1.6460878805812262,-95.3893819802391,13.79,Minnesota,312925,3,1276,266930,"VIKING BANK, NATIONAL ASSOCIATION",Alexandria,32082,MN,45.8518830155264,04/07/1981
1,NM,2.143687967347514,-94.7697099739545,18.74,Oklahoma,1029895,15,5476,900312,Grand Savings Bank,Grove,32084,OK,36.5857009992868,04/10/1981
1,N,0.7655273311081346,-94.7938900044159,5.44,Texas,1507059,14,2942,1282742,The Moody National Bank,Galveston,3210,TX,29.304731008273,01/01/1907
1,SI,1.2405474245443626,-94.1787120393378,11.73,Texas,455240,6,1410,365423,"Shelby Savings Bank, SSB",Center,32135,TX,31.793725002461,01/01/1979
1,N,1.3565169662635015,-96.9369709849995,14.84,Texas,356696,2,1211,317356,First National Bank of Giddings,Giddings,3217,TX,30.1825039834634,01/01/1890
1,N,1.270785653533407,-94.9422090383909,14.45,Texas,602014,12,1933,546015,The First National Bank of East Texas,Gilmer,3218,TX,32.7302420012328,04/13/1900
1,SB,0.823306180769001,-112.109887000225,16.55,Arizona,109670000,5,224000,94938000,USAA Federal Savings Bank,Phoenix,32188,AZ,33.716959684955,12/30/1983
1,N,0.7272060291206094,-94.9434359813777,8.32,Texas,376055,2,674,342299,"Gilmer National Bank, Gilmer, Texas",Gilmer,3219,TX,32.736996013083,05/01/1901
1,NM,0.6694299647889437,-122.724658103066,6.57,California,995922,4,1674,879259,Summit State Bank,Santa Rosa,32203,CA,38.4699503604648,01/01/1982
1,SB,-0.11258056434593246,-83.7905870116272,-1.51,Ohio,1123388,6,-314,991223,"Liberty Savings Bank, F.S.B.",Wilmington,32242,OH,39.4533499839964,09/14/1984
1,SB,0.6018855254797286,-80.0001019705087,5.84,Pennsylvania,12480067,91,18804,10163816,"Dollar Bank, Federal Savings Bank",Pittsburgh,32245,PA,40.438645007293,09/21/1984
1,N,12.53902808736212,-98.0982679957982,119.38,Texas,890741,2,26812,783668,"Titan Bank, N.A.",Mineral Wells,3225,TX,32.8095270101025,01/01/1907
1,SB,0.23924122755933025,-73.9975810488675,1.34,New York,319256,5,190,257575,Abacus Federal Savings Bank,New York,32257,NY,40.7142938257727,11/29/1984
1,SM,1.7784989390805503,-98.5891580109434,15.92,Texas,969580,8,4324,848349,Ciera Bank,Graham,3226,TX,33.1050629835134,10/10/1889
1,NM,0.3523579957236552,-118.238348028734,2.04,California,124212,2,110,86621,Eastern International Bank,Los Angeles,32277,CA,34.0598019883315,02/26/1985
1,N,1.178293869299415,-97.7874260385462,11.41,Texas,944535,8,2853,837205,The First National Bank of Granbury,Granbury,3228,TX,32.4433320120179,01/01/1887
1,SB,1.7402362891554033,-118.388292571731,10.57,California,1442083,5,6257,940516,Malaga Bank F.S.B.,Palos Verdes Peninsula,32282,CA,33.800548526752,03/08/1985
1,NM,0.314539308375061,-84.084134001324,2.2,Ohio,111074,2,87,83503,Community Savings Bank,Bethel,32286,OH,38.9635769831778,04/06/1889
1,NM,1.0469082435581372,-81.1286570043902,12.71,Ohio,121834,3,310,111408,Woodsfield Savings Bank,Woodsfield,32292,OH,39.7674840175395,03/12/1887
1,NM,0.9280113289694705,-84.7050789672439,4.24,Ohio,131984,4,308,101281,Miami Savings Bank,Miamitown,32293,OH,39.2151849946078,12/27/1909
1,SL,2.238117974689453,-84.3179720008364,22.09,Ohio,4010571,39,22535,3485352,Union Savings Bank,Cincinnati,32296,OH,39.2880819874295,03/01/1904
1,NM,2.49445994511614,-97.1803319999857,21.97,Texas,703342,7,4345,616880,Grandview Bank,Grandview,3230,TX,32.2706440194839,08/07/1890
1,NM,0.4147672308596936,-82.808286968064,3.82,Ohio,79489,2,82,64343,Galion Building and Loan Bank,Galion,32307,OH,40.734979985624,02/13/1884
1,N,-0.6548303482684025,-97.4451753298962,-5.88,Texas,50327,1,-84,44084,The Granger National Bank,Granger,3232,TX,30.7176322586451,03/08/1920
1,SI,0.8555447371001321,-81.174123213242,12.79,North Carolina,222177,3,469,205532,"Taylorsville Savings Bank, SSB",Taylorsville,32348,NC,35.921798863412,04/01/1921
1,SB,2.360438779588755,-76.6598169955704,7.95,Maryland,354023,3,2126,225419,"Eastern Savings Bank, FSB",Hunt Valley,32360,MD,39.4929769819104,05/29/1905
1,SB,0.13429171701002762,-77.0919880071152,1.53,Maryland,1022009,11,349,907853,"Presidential Bank, FSB",Bethesda,32363,MD,38.9845949825759,04/15/1985
1,N,1.2020402196159967,-101.108133988971,10.22,Texas,60856,1,185,53425,State National Bank,Groom,3237,TX,35.2015140118084,05/01/1925
1,NM,2.329744606453016,-89.834918039774,18.8,Mississippi,486204,8,2785,423317,Citizens Bank,Columbia,324,MS,31.2541740160688,07/15/1914
1,N,2.202309972402985,-83.9153880178534,16.08,Ohio,520627,6,2828,429704,"United Midwest Savings Bank, National Association",Degraff,32441,OH,40.3106520046995,05/05/1889
1,SB,1.3435399499450207,-92.0937484945769,14.76,Louisiana,643229,5,2152,561201,Homeland Federal Savings Bank,Columbia,32459,LA,32.0810067656847,03/12/1986
1,N,1.2577524820703911,-98.6786560335563,9.76,Texas,99323,1,308,86182,The First National Bank of Hebbronville,Hebbronville,3248,TX,27.3090349823744,01/01/1913
1,N,1.5675583954385983,-94.8006840398538,13.72,Texas,4530899,43,17587,3975144,"VeraBank, National Association",Henderson,3250,TX,32.1516370038277,03/28/1930
1,N,1.2674593743991782,-157.862182780105,16.9,Hawaii,9042709,35,28553,8237415,"American Savings Bank, National Association",Honolulu,32526,HI,21.315025464313,01/23/1987
1,NM,0.4605948167567409,-76.4460509719542,2.58,Maryland,901609,12,1039,686638,BayVanguard Bank,Baltimore,32527,MD,39.2411269849358,09/01/1873
1,NM,1.8572329311771023,-81.9299670317815,20.93,Georgia,262487,5,1204,235038,South Georgia Bank,Glennville,32532,GA,31.9321170132291,04/07/1987
1,N,0.0955698952516637,-73.530212414232,1.03,New York,87128815,345,20863,66832203,"Flagstar Bank, National Association",Hicksville,32541,NY,40.765974880553,05/20/1987
1,N,1.088146386157037,-97.1281959755012,16.11,Texas,226082,2,625,208581,The Citizens National Bank of Hillsboro,Hillsboro,3255,TX,32.0104049947161,01/01/1893
1,N,1.7497766398162702,-111.881692033206,15.29,Utah,11845708,3,51001,10282601,"Happen Bank, National Association",Lehi,32551,UT,40.420936015631,08/26/1987
1,SI,1.760458471892775,-97.748901973362,20.45,Texas,2435028,6,10525,2077026,"Horizon Bank, SSB",Austin,3256,TX,30.26904801385,01/01/1905
1,NM,2.3854720606587385,-96.827180961532,7.47,Texas,3168602,6,20028,947311,Monet Bank,Plano,32574,TX,33.075846979896,03/10/1988
1,N,1.3855178765767702,-83.6122590040845,12.5,Ohio,4147953,1,14289,3543927,"NATIONAL COOPERATIVE BANK, N.A.",Hillsboro,32612,OH,39.2010829873388,09/16/1988
1,SB,2.573965565222837,-96.7745319645733,13.69,South Dakota,1588238,24,10070,1276081,First Savings Bank,Beresford,32629,SD,43.0818389882715,01/01/1989
1,NM,1.258747072199864,-95.145401961704,12.7,Iowa,2965709,22,9312,2611306,Northwest Bank,Spencer,32647,IA,43.144059992928,12/30/1988
1,N,2.372190703068677,-94.6267199863804,22.84,Texas,321576,17,1892,286961,The First National Bank of Hughes Springs,Hughes Springs,3268,TX,32.9978280155909,06/03/1903
1,N,1.6653466508888624,-95.5533239597237,12.68,Texas,586659,5,2447,505119,First National Bank of Huntsville,Huntsville,3269,TX,30.7244050040489,01/01/1890
1,NM,1.0051623323283254,-90.4230999902,6.09,Mississippi,207215,6,543,170685,Merchants and Planters Bank,Raymond,327,MS,32.259934000792,02/01/1906
1,NM,1.1086442704184662,-80.1905880124264,11.94,Florida,1163513,2,3189,1047178,Helm Bank USA,Miami,32718,FL,25.7638559843245,12/08/1989
1,N,1.4132082453062151,-98.1641709609722,17.58,Texas,291491,2,1036,265307,The Jacksboro National Bank,Jacksboro,3275,TX,33.2281609965619,01/01/1905
1,N,2.0412376251896127,-95.272898085077,13.64,Texas,3267608,39,16550,2744495,"Austin Bank, Texas National Association",Jacksonville,3276,TX,31.963984464278,10/01/1900
1,NM,0.8671409246650243,-71.053599999777,6.46,Massachusetts,30620358,134,66336,25311703,Eastern Bank,Boston,32773,MA,42.35517999267,10/19/1989
1,NM,0.969275615624197,-122.542580032043,9.33,California,3913468,29,9472,3458796,Bank of Marin,Novato,32779,CA,38.0736109791666,01/23/1990
1,N,0.44704611270025413,-97.898843260219,5.04,Texas,579700,3,631,528491,The Karnes County National Bank of Karnes City,Karnes City,3279,TX,28.88492687801,01/01/1900
1,N,1.1082428555692316,-97.73238065547,17.36,Texas,4679568,356,12727,4143046,First National Bank Texas,Killeen,3285,TX,31.09591815206,02/27/1901
1,N,1.1406903259801286,-97.8679039598759,11.93,Texas,743443,4,2108,662662,"Kleberg  Bank, N.A.",Kingsville,3286,TX,27.5170599890487,01/01/1926
1,N,0.3824761622144051,-96.8776921146621,4.51,Texas,245569,2,232,203907,National Bank & Trust,La Grange,3289,TX,29.906215256762,07/05/1888
1,NM,1.173570898292502,-117.822026022627,7.57,California,86207,1,247,71352,Tustin Community Bank,Tustin,32908,CA,33.7387390126189,04/23/1981
1,SM,1.42403444409412,-84.4162600414903,12.35,Kentucky,1931310,46,6820,1631125,Whitaker Bank,Lexington,32912,KY,38.0177240111016,04/19/1990
1,N,2.1529010751977915,-101.954378980191,18.9,Texas,441327,1,2363,389695,The Lamesa National Bank,Lamesa,3292,TX,32.731865994973,07/30/1927
1,NM,1.8753361277264833,-98.1781720082174,18.52,Texas,248881,2,1142,222013,First Texas Bank,Lampasas,3293,TX,31.0661999886232,10/02/1884
1,SM,2.2022452578605534,-106.490288966564,18.76,Texas,3174990,14,17408,2747219,WestStar Bank,El Paso,32941,TX,31.7619119918728,05/01/1990
1,NM,-5.518400504219335,-86.591888035923,-58,Alabama,87960,2,-1182,78651,Bank47,Huntsville,32968,AL,34.734613003551,05/18/1990
1,NM,0.9070830738548934,-90.0696509750884,10.64,Louisiana,3714223,40,8328,3236690,Gulf Coast Bank and Trust Company,New Orleans,32974,LA,29.9520179908499,06/08/1990
1,N,1.645536435881009,-111.890548603558,15.71,Utah,391305000,1,1326000,254345000,"Morgan Stanley Bank, National Association",Salt Lake City,32992,UT,40.764619652538,05/25/1990
1,NM,1.737284031101674,-89.9838569993078,21.28,Illinois,2607581,20,11299,2231190,FCB Banks,Collinsville,33005,IL,38.6902919871222,07/09/1990
1,NM,3.312404929801721,-75.106796014638,23.64,Delaware,684818,7,5591,567932,County Bank,Rehoboth Beach,33009,DE,38.7140559818195,07/09/1990
1,SM,1.2735038550136812,-94.796639771572,11.45,Texas,890047,11,2796,783659,First Liberty Bank,Liberty,3301,TX,30.0584515231,01/01/1913
1,NM,1.0601468716160283,-84.8551260143775,8.74,Georgia,417942,9,1143,354758,First Peoples Bank,Pine Mountain,33010,GA,32.8670779954954,07/09/1990
1,N,0.692416638981658,-118.104788293942,3.55,California,57005,1,99,45286,Asian Pacific National Bank,San Gabriel,33013,CA,34.0795500463346,07/25/1990
1,N,1.1872006374851671,-94.3647600311622,14.1,Texas,352752,7,1028,279893,"Texana Bank, National Association",Linden,3302,TX,33.0105929835749,01/01/1914
1,NM,1.6772255492865533,-81.3045049744213,15.64,Florida,222858,2,871,200384,Surety Bank,Deland,33026,FL,29.0443499940654,01/01/1926
1,N,1.007083403791594,-98.0462309615902,9.82,Texas,26714,1,67,23926,The First National Bank of Lipan,Lipan,3303,TX,32.5182619935452,01/01/1907
1,N,2.284670266566824,-94.9645759793765,16.04,Texas,468688,3,2601,399997,The First National Bank of Livingston,Livingston,3305,TX,30.7194909875838,03/17/1902
1,SB,-0.48994873819918244,-122.271378860935,-4.51,California,286530,2,-335,202316,"Gateway Bank, F.S.B.",Oakland,33103,CA,37.800353140477,06/08/1990
1,SB,0.2547384771113592,-104.89114899416,2.62,Colorado,2577832,1,1688,1506160,Colorado Federal Savings Bank,Greenwood Village,33111,CO,39.619492003517,06/29/1990
1,NM,0.9976388790275021,-84.692806016976,15.11,Kentucky,2004124,19,5111,1844106,"Heritage Bank, Inc.",Burlington,33119,KY,39.020592993601,09/04/1990
1,SM,1.1220148155784797,-74.0142375668577,12.12,New York,751776000,5,1959000,504823000,Goldman Sachs Bank USA,New York,33124,NY,40.7142562748465,08/30/1990
1,N,0.9550662401640467,-94.4611700225906,10.13,Minnesota,141184,2,340,119460,First Farmers & Merchants National Bank,Fairmont,33131,MN,43.6524549842125,09/07/1990
1,SM,1.1159315555576896,-76.9550800123043,14.6,Pennsylvania,633421,8,1743,569773,Woodlands Bank,Williamsport,33136,PA,41.2469379982198,10/10/1990
1,NM,2.3369213107673423,-122.51888397267,18.09,Washington,42384,1,257,36448,Sound Banking Company,Lakewood,33183,WA,47.1686859974492,11/01/1990
1,NM,0.5836152046955906,-73.9822466922841,4.43,New York,1972804,14,2823,1664812,Shinhan Bank America,New York,33188,NY,40.7453825561075,10/18/1990
1,N,1.5948459537339719,-104.019626026982,11.52,Texas,166149,2,669,142955,"Big Bend Banks, N.A.",Marfa,3320,TX,30.308469990412,05/02/1907
1,NM,2.0000198696268625,-92.8518853489551,19.8,Minnesota,699230,12,3523,628496,Premier Bank Minnesota,Hastings,33204,MN,44.7366969495717,10/05/1990
1,NM,1.9096488388483328,-149.885792978986,17.15,Alaska,3336853,21,15773,2885093,Northrim Bank,Anchorage,33216,AK,61.1920869821646,12/04/1990
1,N,2.5482643718320026,-97.2003449672835,22,Texas,1697242,7,10521,1483767,First National Bank of Central Texas,Waco,3325,TX,31.5328039841414,08/12/1901
1,SM,1.5523827585272683,-99.2315420411674,9.84,Texas,151267,1,573,127437,Mason Bank,Mason,3327,TX,30.7475510010252,01/15/1904
1,N,0.9871682699244514,-97.4058099730899,11.72,Texas,1047468,6,2540,947222,The First National Bank of McGregor,Mc Gregor,3330,TX,31.4381860017023,01/01/1889
1,SM,1.2178660087144098,-87.632826952093,6.99,Illinois,65130106,13,196546,50964108,CIBC Bank USA,Chicago,33306,IL,41.880310392883,02/06/1991
1,NM,1.3511876340676021,-100.536138750862,7.64,Texas,146286,3,474,120970,Bank19,Memphis,3335,TX,34.725488589483,03/01/1898
1,SM,2.1635748984403853,-99.7861650305736,24.46,Texas,89390,1,476,81276,Menard  Bank,Menard,3336,TX,30.9159710122812,01/01/1919
1,N,1.1289740499390573,-97.913945418742,11.87,Texas,1172965,13,3316,1028906,Texas National Bank,Mercedes,3337,TX,26.149592383834,11/26/1920
1,SM,0.8863658234779639,-96.118513008635,8.23,Nebraska,595682,4,1301,484137,Enterprise Bank,Omaha,33380,NE,41.264336985193,04/10/1991
1,N,1.6153518914657727,-100.817559976511,10.59,Texas,504922,3,2003,426672,The First National Bank of Mertzon,Mertzon,3339,TX,31.2566429894681,01/01/1910
1,N,0.6586316271597081,-72.3082440031265,9.05,Vermont,1042973,10,1731,881632,Ledyard National Bank,Norwich,33418,VT,43.7148069980157,05/22/1991
1,N,1.6898130581062962,-96.4823440166574,19.66,Texas,282454,6,1169,248494,"Incommons Bank, N.A.",Mexia,3342,TX,31.6817840150007,02/01/1882
1,NM,1.0252779774698668,-95.857287978687,11.85,Nebraska,711534,6,1756,631805,Arbor Bank,Nebraska City,33450,NE,40.6764059889486,07/01/1991
1,SM,1.1031136528415442,-120.847706990711,10.77,California,2009991,20,5561,1781504,Oak Valley Community Bank,Oakdale,33457,CA,37.7668339934977,05/28/1991
1,NM,0.7138529583218154,-93.712006832339,9.38,Arkansas,347596,11,623,294604,Today's Bank,Huntsville,33470,AR,36.112806511164,07/26/1991
1,NM,19.63060611286749,-90.14735079843,141.04,Louisiana,1006087,5,48518,832926,Crescent Bank,Metairie,33492,LA,30.003232592718,08/30/1991
1,SM,1.4982648770725078,-97.2092100033579,20.23,Texas,27441000,1,102000,25353000,"Charles Schwab Premier Bank, SSB",Westlake,33497,TX,32.9962919899245,08/30/1991
1,NM,1.8989671009341131,-74.902004997666,16.12,New Jersey,3016164,22,14177,2380431,Unity Bank,Clinton,33503,NJ,40.6373060031968,09/13/1991
1,N,1.3679980040684858,-82.8490120372032,15.58,Georgia,551563,5,1830,500937,First National Bank of Coffee County,Douglas,33506,GA,31.5042149887906,09/23/1991
1,N,0.25298795516904615,-97.3617889719837,1.46,Texas,53106,2,34,41574,The First National Bank of Moody,Moody,3351,TX,31.3081890117881,01/01/1893
1,NM,1.6330591708006252,-118.25928996236,15.97,California,7655086,17,31144,6432233,Preferred Bank,Los Angeles,33539,CA,34.0507950047268,12/23/1991
1,NM,0.9643599599180412,-93.8825349760626,12.46,Iowa,173919,2,403,160187,Boone Bank & Trust Co.,Boone,33552,IA,42.0634950008539,01/16/1992
1,N,1.4118767199052429,-81.727348268836,9.9,Florida,67870584,374,238343,55918390,"SouthState Bank, National Association",Winter Haven,33555,FL,28.010796037508,02/21/1992
1,N,1.3838296621005093,-80.138043034886,7.29,Florida,340637,2,1200,272370,"Desjardins Bank, National Association",Hallandale,33565,FL,25.9862240198936,02/28/1992
1,NM,-3.782223549318205,-75.157443999852,-22.22,Pennsylvania,49793,2,-475,41404,United Bank of Philadelphia,Philadelphia,33568,PA,39.976457017463,03/23/1992
1,SI,0.8997814961664359,-73.2493493395156,10.72,Massachusetts,578531,5,1327,511532,Lee Bank,Lee,33645,MA,42.3037450305669,07/01/1992
1,OI,0,-73.9737993264449,0,New York,3791183,1,0,3099758,The Bank of East Asia Ltd.,New York,33646,NY,40.7610901169298,01/01/1918
1,OI,0,-73.974992,0,New York,7183013,1,0,5407637,Bank of India,New York,33648,NY,40.75555,09/07/1906
1,OI,,-73.8277361978906,,New York,,1,,,Bank of China,Flushing,33652,NY,40.7545661883217,01/01/1912
1,OI,0,-73.9854515967823,0,New York,44448266,1,0,20172532,Bank of China,New York,33653,NY,40.7533286841369,01/01/1912
1,OI,0,-73.9752146107961,0,New York,34548,1,0,8535,Metropolitan Bank and Trust Company,New York,33656,NY,40.7599950631894,09/05/1962
1,OI,0,-118.254325025833,0,California,6838922,1,0,4382472,"Mizrahi Tefahot Bank, Ltd.",Los Angeles,33661,CA,34.0510659916564,06/01/1923
1,OI,0,-87.633041612633,0,Illinois,4426195,1,0,3355745,State Bank of India,Chicago,33664,IL,41.886079363472,07/05/1955
1,NM,0.6390334919864596,-96.1162156357089,5.47,Texas,173228,2,265,147438,Normangee State Bank,Normangee,3368,TX,31.0297369031113,01/01/1912
1,OI,0,-73.9818438580175,0,New York,15828371,1,0,9860167,Bank of Baroda,New York,33681,NY,40.7459852987649,01/01/1908
1,OI,0,-73.971070765504,0,New York,23463101,1,0,13509923,State Bank of India,New York,33682,NY,40.760470736195,07/05/1955
1,OI,0,-73.9832175681289,0,New York,10608090,1,0,7635672,Bank Hapoalim B.M.,New York,33686,NY,40.7557624954524,01/01/1921
1,NM,1.7117946174389078,-87.6594629640037,14.75,Illinois,986588,6,4176,865561,International Bank of Chicago,Chicago,33708,IL,41.9746510181458,10/26/1992
1,NM,1.7286166212923295,-86.0963070048468,14.3,Tennessee,356050,4,1558,307453,Citizens Community Bank,Winchester,33739,TN,35.1977939974506,11/19/1992
1,NM,0.6164675289739738,-89.7969409775906,6.72,Illinois,538565,4,825,450279,Citizens Community Bank,Mascoutah,33753,IL,38.4904859813352,12/21/1992
1,NM,1.104829509805719,-100.785763645911,13.3,North Dakota,2135629,16,5800,1853356,Starion Bank,Bismarck,33758,ND,46.8083014184648,01/01/1993
1,NM,0.5363022199760685,-101.201203959622,5.63,Texas,345802,7,451,277874,Ozona Bank,Ozona,3376,TX,30.7099880048586,06/01/1905
1,NM,0.5870425798976538,-93.3518409791178,8.5,Minnesota,410179,4,608,346830,Village Bank,Saint Francis,33761,MN,45.3867100204279,01/11/1993
1,N,3.235830545687144,-90.188911962411,44.45,Missouri,926133,2,7487,848404,"Stifel Trust Company, National Association",Saint Louis,33785,MO,38.629716014783,02/16/1993
1,SI,-1.1598197111934085,-75.1309049665606,-32.31,Pennsylvania,69034,1,-202,66027,Tioga-Franklin Savings Bank,Philadelphia,33802,PA,39.9697849806257,03/31/1873
1,N,1.5619339770409484,-88.1101070195949,16.87,Illinois,4462876,8,17457,3805887,"Wheaton Bank & Trust, National Association",Wheaton,33803,IL,41.8649619966117,05/17/1993
1,SM,0.7099227377533271,-87.9487029965728,12.36,Illinois,196132,2,351,184218,Community Bank of Elmhurst,Elmhurst,33805,IL,41.8649979968858,05/24/1993
1,N,1.0636515814788738,-88.4153020048585,8.68,Wisconsin,434410,1,1135,366383,American National Bank - Fox Cities,Appleton,33812,WI,44.2824140164454,06/14/1993
1,SB,1.8677771645510342,-94.1119500129074,17.71,Arkansas,150609,3,698,126635,Priority Bank,Fayetteville,33818,AR,36.0888449130994,07/03/1993
1,NM,5.109758774770548,-111.657092818831,37.13,Utah,1504994,8,18737,1282069,Quill Bank,Provo,33823,UT,40.277151255997,07/29/1993
1,N,1.5037248279901254,-95.5531659608489,13.12,Texas,450527,2,1717,395203,The Liberty National Bank in Paris,Paris,3384,TX,33.6617529921521,04/17/1931
1,N,1.4362503464409637,-87.9280609674417,13.68,Illinois,6503041,17,22659,5301167,"Hinsdale Bank & Trust Company, National Association",Hinsdale,33849,IL,41.8019269834282,10/28/1993
1,NM,2.82401709955308,-88.7507389805982,43.06,Tennessee,104464,2,763,91921,The Bank of Milan,Milan,33851,TN,35.9178060181056,11/12/1993
1,N,16.735685425503796,-81.8411979832878,17.38,Ohio,40601,1,1662,500,Credit First National Association,Brook Park,33855,OH,41.396584013196,10/19/1993
1,N,1.2256095190077125,-86.1558640311267,16.57,Indiana,3128951,13,9535,2868514,The National Bank of Indianapolis,Indianapolis,33860,IN,39.7687260060426,12/08/1993
1,SM,1.3378742867733464,-90.502793952126,12.65,Iowa,3092675,5,9673,2726533,Quad City Bank and Trust Company,Bettendorf,33867,IA,41.546032550533,01/07/1994
1,NM,1.3510933260184967,-101.865625019123,14.51,Texas,1862376,13,6280,1655769,FirstBank Southwest,Amarillo,3387,TX,35.1888899855264,01/01/1907
1,N,1.683732404017464,-100.802260991559,11.6,Texas,204770,1,860,173622,The Perryton National Bank,Perryton,3388,TX,36.3916549954525,01/01/1921
1,SM,0.8843671112938052,-96.9472809773624,11.8,Texas,1139913,10,2458,993000,Pointbank,Pilot Point,3389,TX,33.3945110130098,07/13/1892
1,SM,1.580669789847133,-82.6669759595147,21.83,Florida,45736982,1,176069,41632357,Raymond James Bank,Saint Petersburg,33893,FL,27.8887549824495,05/06/1994
1,SB,0.34951286644239593,-96.7270281988788,5.23,South Dakota,344791,5,300,314870,Frontier Bank,Sioux Falls,33922,SD,43.54689337944,06/24/1994
1,NM,2.0785476560663483,-85.2610859765024,21,Michigan,245318,7,1260,218423,Charlevoix State Bank,Charlevoix,33926,MI,45.3173159925813,08/16/1994
1,N,0.5182118869698793,-73.538070448459,5.8,Connecticut,1180511,8,1470,1061468,"Patriot Bank, National Association",Stamford,33928,CT,41.061838628287,08/31/1994
1,N,1.9826890219860684,-87.6317539846672,17.33,Illinois,9278678,38,46728,7928399,"Wintrust Bank, National Association",Chicago,33935,IL,41.8784799947769,09/14/1994
1,N,0.12125264566445845,-75.6560460364707,1.07,Delaware,32718396,1,10208,27662398,"TD Bank USA, National Association",Wilmington,33947,DE,39.7223379973892,10/13/1994
1,N,0.42320405407062395,-80.1599629689753,1.41,Florida,291932,4,302,203047,"Natbank, National Association",Hollywood,33959,FL,26.044413999675,12/06/1994
1,SM,1.9294187133927252,-99.7403649705184,22.27,Texas,107177,2,539,96792,First Capital Bank,Quanah,3399,TX,34.2981100148978,01/01/1907
1,NM,0.8065517141204651,-88.8865979802267,6.1,Mississippi,787851,18,1527,666427,"The Peoples Bank, Biloxi, Mississippi",Biloxi,340,MS,30.3959929851796,04/13/1896
1,N,1.77895174505344,-96.8067359909447,13.19,Texas,518795,6,2273,395971,"Texas Republic Bank, National Association",Frisco,3400,TX,33.1003010147718,05/21/1891
1,N,1.363744254795762,-101.054090164124,12.98,Texas,167945,3,553,148890,The First National Bank of Quitaque,Quitaque,3401,TX,34.3661872930554,08/20/1920
1,NM,1.0140078507317092,-118.015298963532,4.37,California,1114478,8,2817,839626,EverTrust Bank,City Of Industry,34010,CA,34.030211984194,05/03/1995
1,N,2.2814799586657624,-87.9860000349516,22.44,Illinois,3466631,8,19865,2828268,"Village Bank and Trust, National Association",Arlington Heights,34011,IL,42.0861379998206,05/08/1995
1,N,0.34761672406854033,-100.404618978689,4.88,Texas,141036,2,122,130556,Texas National Bank,Sweetwater,34014,TX,32.4715480126774,05/08/1995
1,SM,2.2724195636044606,-95.7471620085403,20.47,Kansas,181191,1,1049,156056,Community Bank,Topeka,34020,KS,39.0138150095073,05/22/1995
1,NM,0.6648901429056614,-84.2504309603248,7.7,Tennessee,310915,6,509,271809,TNBANK,Oak Ridge,34023,TN,36.005616009238,05/30/1995
1,NM,1.8665018541409149,-87.8324040061945,14.11,Illinois,730551,3,3322,628627,Time Bank,Park Ridge,34038,IL,41.997396988793,07/03/1995
1,SM,0.422431683779711,-104.890652031121,4.74,Colorado,281809,1,301,201421,First American State Bank,Greenwood Village,34040,CO,39.6219820154933,07/10/1995
1,NM,1.0898681423727734,-81.217301330165,12.01,South Carolina,2401075,23,6074,2053452,First Community Bank,Lexington,34047,SC,33.998275759629,08/17/1995
1,SM,1.6705567911401813,-98.489691642341,19.15,Texas,4934452,23,20612,4440313,Vantage Bank Texas,San Antonio,3405,TX,29.521193071046,11/06/1923
1,NM,1.1105844547097812,-88.1045889612774,11.25,Wisconsin,312693,3,864,259308,Bay Bank,Green Bay,34052,WI,44.4931850184189,08/21/1995
1,SI,0.47707453185221,-74.1590549769621,3.27,New Jersey,411285,4,486,347194,Lusitania Savings Bank,Newark,34058,NJ,40.7223689932015,09/01/1995
1,N,2.374487790053043,-83.9824350289919,23.94,Georgia,2095241,4,12413,1790859,Thomasville National Bank,Thomasville,34068,GA,30.8393089942817,10/02/1995
1,N,0.15767126845752338,-75.54643203297,0.18,Delaware,759503,38,302,4991,"Wilmington Trust, National Association",Wilmington,34069,DE,39.7467320178387,10/02/1995
1,N,1.4679872234745681,-87.9545583426741,15.99,Illinois,3154274,8,11542,2663441,"Libertyville Bank & Trust Company, National Association",Libertyville,34073,IL,42.2879834902882,10/10/1995
1,NM,1.1132477793911804,-89.5204339779543,10,Wisconsin,589397,3,1702,497652,Capitol Bank,Madison,34074,WI,43.0755969849767,10/09/1995
1,NM,0.8071198177137276,-87.851985976031,9.62,Illinois,539417,6,1091,488738,Pan American Bank & Trust,Melrose Park,34108,IL,41.9077340103256,12/22/1995
1,NM,1.9053039014293678,-83.7455930392005,13.28,Michigan,3329445,18,15886,2738030,Bank of Ann Arbor,Ann Arbor,34120,MI,42.2806150011162,01/16/1996
1,NM,1.3268730555413883,-94.6104490359362,13.83,Missouri,497359,5,1626,433655,People's Bank of Seneca,Seneca,34146,MO,36.836841007153,03/15/1996
1,SM,3.081157071759245,-110.934190969418,29.42,Wyoming,404469,3,3104,354574,Bank of Star Valley,Afton,34148,WY,42.7256589814674,03/25/1996
1,NM,1.389127393918983,-87.4973039829625,23.98,Kentucky,605623,7,2083,540641,First United Bank and Trust Company,Madisonville,34150,KY,37.3311999986559,03/29/1996
1,NM,1.6815934974873215,-83.2543209769085,15.16,Georgia,305535,3,1277,268958,Community Banking Company,Fitzgerald,34160,GA,31.7055389991522,04/19/1996
1,NM,2.9031037959212793,-88.5780669974992,15.64,Wisconsin,374108,1,2696,266044,West Pointe Bank,Oshkosh,34162,WI,44.0186529997823,04/22/1996
1,NM,1.0453163457362096,-92.522579903026,9.76,Minnesota,280327,5,722,230448,Eagle Rock Bank,Rochester,34171,MN,44.060490850387,05/09/1996
1,NM,2.8296778207486666,-75.5477660128604,17.5,Delaware,258108,2,1842,214380,Applied Bank,Wilmington,34193,DE,39.7908479859078,07/01/1996
1,SM,1.071335987289756,-114.146261994795,15.53,Montana,784823,11,2087,669186,Farmers State Bank,Victor,342,MT,46.4178050199606,01/01/1907
1,N,1.7968208984157825,-99.4297339857694,17.42,Oklahoma,1900140,26,8423,1678791,Great Plains National Bank,Elk City,34207,OK,35.4124459882325,07/17/1996
1,SM,1.2046817632342122,-103.646998965948,12.53,Nebraska,1229135,12,3615,1045360,Platte Valley Bank,Scottsbluff,34211,NE,41.867985474816,07/22/1996
1,N,1.194934830898983,-73.7096112937246,16.4,New York,241388000,1,741000,205802000,"Morgan Stanley Private Bank, National Association",Purchase,34221,NY,41.0166893391948,08/12/1996
1,NM,1.7872146037644174,-84.1409719382138,17.76,Georgia,622032,4,2768,556326,The Citizens Bank of Georgia,Cumming,34229,GA,34.1901966995514,02/03/1997
1,NM,0.6706706550834407,-80.362877361645,9.32,Florida,657265,1,4307,580762,Marine Bank & Trust Company,Vero Beach,34233,FL,27.653684172618,07/01/1997
1,NM,1.8305342852320943,-88.6297570209157,16.02,Wisconsin,378146,4,1749,307443,Wolf River Community Bank,Hortonville,34240,WI,44.3360799897164,10/16/1996
1,SM,0.616788874409784,-122.059412767207,4.89,California,1084528,1,1714,559752,Pacific Coast Bankers' Bank,Walnut Creek,34252,CA,37.927515789833,01/02/1997
1,NM,1.2537705350527075,-87.4900389683852,10.73,Kentucky,1932462,13,6083,1683788,"Planters Bank, Inc.",Hopkinsville,34254,KY,36.8631740132641,09/12/1996
1,NM,2.166380540934845,-74.2158189854658,8.46,New Jersey,643214,13,3445,457938,Crown Bank,Elizabeth,34259,NJ,40.6714780166147,04/13/1998
1,NM,1.5940026834633465,-76.6226750224003,14.25,Maryland,5731399,3,22856,4975559,CFG Bank,Lutherville,34294,MD,39.4294020065243,12/01/1997
1,SM,1.824991411419676,-122.528979975045,17.23,California,5827278,75,26807,4788155,Westamerica Bank,San Rafael,3430,CA,37.9744269968823,02/24/1884
1,NM,4.4762642427520944,-119.759063981361,20.19,Nevada,720327,1,8192,480537,Eaglemark Savings Bank,Reno,34313,NV,39.441217011512,08/25/1997
1,N,1.3035457878055232,-95.5508099755043,11.34,Texas,1386995,9,4504,1212908,Southwestern National Bank,Houston,34319,TX,29.7041709812843,11/03/1997
1,N,2.6114362899594776,-106.551493036818,3.14,New Mexico,4427,1,29,500,DSRM National Bank,Albuquerque,34331,NM,35.1437189873046,10/01/1996
1,NM,1.0408753425864912,-87.6601559797582,7.8,Illinois,117937,2,310,91196,American Metro Bank,Chicago,34334,IL,41.9712770087511,01/29/1997
1,N,0.3559361452866629,-77.0333306105031,2.63,District Of Columbia,1424577,4,1232,1142340,"City First Bank, National Association",Washington,34352,DC,38.9167940192469,11/24/1998
1,NM,0.6963070987511883,-96.1930210032468,7.62,Nebraska,1081951,5,1886,877890,Core Bank,Omaha,34363,NE,41.2568330025565,12/27/1996
1,SM,0.9614457970739158,-96.802883081512,8.63,Texas,33205747,10,77480,29118492,Texas Capital Bank,Dallas,34383,TX,32.790703518684,10/03/1997
1,NM,2.1523079184907044,-96.284176882489,21.34,Iowa,847906,6,4337,700012,Premier Bank,Rock Valley,34384,IA,43.200636875443,02/25/1997
1,NM,2.6419468958407304,-84.4714729788115,7.72,Ohio,115777,1,772,68034,Spring Valley Bank,Wyoming,34386,OH,39.2364549959248,09/02/1997
1,NM,1.634933610584211,-87.7274260333401,9.78,Illinois,126495,1,515,83767,1st Equity Bank,Skokie,34393,IL,42.0411470029695,06/09/1997
1,N,2.500513818147039,-96.4954709990395,18.92,South Dakota,253214,3,1536,196829,Security National Bank of South Dakota,Dakota Dunes,34394,SD,42.5023929926112,05/01/1997
1,N,1.1831095030135672,-88.135736029658,11.07,Illinois,4927099,9,14340,3842401,"Barrington Bank & Trust Company, National Association",Barrington,34395,IL,42.153136018735,12/19/1996
1,NM,1.2463463941700863,-121.822975036606,11.32,California,1924057,21,5974,1695551,First Northern Bank of Dixon,Dixon,3440,CA,38.4463929796808,01/02/1910
1,NM,0.7632150396697157,-104.904877126638,9.14,Colorado,1349328,3,2589,1076430,Fortis Bank,Denver,34401,CO,39.624439799052,05/13/1997
1,SM,0.9556284844228516,-122.214290975693,9.93,Washington,5659447,14,12420,5081519,Coastal Community Bank,Everett,34403,WA,47.9474590150395,04/01/1997
1,NM,4.544007055731969,-111.887581996567,27.71,Utah,2592134,1,31428,2016880,WebBank,Salt Lake City,34404,UT,40.7644709994851,05/15/1997
1,NM,1.2684152677143015,-94.813900960057,7.96,Iowa,214400,3,665,179570,NorthStar Bank,Estherville,34407,IA,43.3996950059197,04/01/1997
1,NM,1.8280821046124756,-92.654477028481,14.13,Louisiana,451392,8,2011,386123,The Bank,Jennings,34409,LA,30.2333030105724,02/26/1997
1,SB,2.073227014473559,-97.392564093941,23.3,Texas,1086417,1,5604,976611,First Command Bank,Fort Worth,34415,TX,32.686721753222,04/18/1997
1,SM,1.3052514908205421,-75.5464120002214,12.79,Pennsylvania,1084684,1,3527,903260,American Bank,Allentown,34422,PA,40.5931730198642,06/02/1997
1,NM,0.9647915525502994,-109.472962976188,10.1,Wyoming,112220,3,262,100928,State Bank,Green River,34441,WY,41.5088490031235,08/18/1997
1,SM,1.138982734467447,-75.5419562643124,12.99,Pennsylvania,25862378,7,72245,21707136,Customers Bank,Malvern,34444,PA,40.0741753820675,06/26/1997
1,N,0.6893274357541608,-100.4670820108,11.77,Texas,97619,1,165,91639,First National Bank,Rotan,34455,TX,32.8526949849225,04/01/1997
1,NM,0.7256603534553747,-86.5435449902637,9.34,Alabama,199901,2,358,182920,Millennial Bank,Leeds,34460,AL,33.5446640073995,12/30/1997
1,N,4.574512512448199,-80.880499445312,6.3,North Carolina,15522,1,178,2000,Cedar Hill National Bank,Charlotte,34478,NC,35.127362918634,02/02/1998
1,NM,1.1885669306833275,-91.6804599816354,11.3,Iowa,156669,3,453,132427,Hiawatha Bank and Trust Company,Hiawatha,34488,IA,42.0457570078065,09/15/1997
1,N,0.6602697502857149,-81.8724654996174,8.12,Florida,476934,4,746,422146,Edison National Bank,Fort Myers,34489,FL,26.5514587501769,08/29/1997
1,NM,1.232250526371274,-118.124491022026,5.47,California,871581,8,2630,670130,First Commercial Bank (USA),Alhambra,34496,CA,34.0958849918544,05/20/1997
1,SB,1.7105397390109978,-93.627666110931,33.27,Iowa,9604911,1,40493,9052863,Principal Bank,Des Moines,34507,IA,41.59006905816,02/12/1998
1,NM,1.4305869706402705,-84.3590780274752,14.91,Tennessee,456070,12,1597,409053,Peoples Bank of East Tennessee,Madisonville,34517,TN,35.5158619934301,09/22/1997
1,NM,3.3071032322132425,-111.902547968506,16.9,Utah,8933716,1,75176,7124154,Merrick Bank,South Jordan,34519,UT,40.5559649972971,09/22/1997
1,NM,0.672614419566965,-88.619205965018,8.36,Illinois,190953,5,319,174178,Prairie Community Bank,Marengo,34526,IL,42.249439015169,04/02/1998
1,NM,1.1869640200448217,-91.6406819837357,15.33,Arkansas,3501204,35,10273,2862785,First Community Bank,Batesville,34533,AR,35.7702120187554,08/04/1997
1,N,-1.0855783159037986,-82.5365959585349,-5.61,Florida,391166,1,-1067,295436,"TCM Bank, National Association",Tampa,34535,FL,27.957072019557,05/18/1998
1,N,0.5874564887637986,-116.941639025203,4.87,California,230154,1,335,187264,Neighborhood National Bank,El Cajon,34548,CA,32.7386000159842,09/19/1997
1,SM,0.3094103155070295,-92.448477341071,3.73,Arkansas,3588697,19,2790,3238304,ENCORE BANK,Little Rock,34562,AR,34.7720017399509,09/08/1997
1,NM,1.322507805426039,-89.5525459710288,10.41,Missouri,399949,5,1320,339346,Alliance Bank,Cape Girardeau,34566,MO,37.3095150093127,10/23/1997
1,SI,0.5455043054329322,-122.279506960083,5.42,Washington,318696,1,441,241359,Pacific Crest Bank,Lynnwood,34585,WA,47.827185996728,01/02/1998
1,SM,1.4363472413643639,-77.435954407526,9.35,Virginia,37228893,184,134167,30424485,Atlantic Union Bank,Richmond City,34589,VA,37.535545643203,11/04/1997
1,NM,1.5128281063827913,-85.6760559816268,13.13,Michigan,6356397,41,23824,5038602,Mercantile Bank,Grand Rapids,34598,MI,42.9844470149765,12/15/1997
1,NM,5.457075886317023,-111.887581996567,57.26,Utah,832686,1,11175,705380,"The Pitney Bowes Bank, Inc.",Salt Lake City,34599,UT,40.7644709994851,01/16/1998
1,NM,0.9987628557171884,-80.1464520116087,9.65,West Virginia,3277152,7,8169,2902406,"MVB Bank, Inc",Fairmont,34603,WV,39.4797419987059,01/04/1999
1,NM,0.32420038924344846,-86.0159020060747,4.25,Indiana,5683154,2,4552,4990694,First Internet Bank of Indiana,Fishers,34607,IN,39.9564419965988,12/28/1998
1,NM,1.474424887927087,-91.8741489127737,16.19,Missouri,310434,4,1131,265728,Community First Banking Company,West Plains,34610,MO,36.7142208613516,11/13/1997
1,N,1.9817547757647158,-86.047183614123,12.63,Michigan,3479542,28,17696,2879981,"Macatawa Bank, National Association",Holland,34618,MI,42.803016643698,11/25/1997
1,NM,4.051559360245707,-93.7129839946111,4.14,Iowa,30646,1,310,500,ITS Bank,Johnston,34619,IA,41.6680430116449,01/01/2000
1,NM,0.7579119806162956,-80.3356100247873,6.05,Florida,568901,3,1078,493636,Sunstate Bank,Miami,34643,FL,25.6394469997098,03/15/1999
1,NM,-1.8858212065006905,-93.0567720034424,-20.07,Minnesota,123778,1,-577,102024,Key Community Bank,Inver Grove Heights,34644,MN,44.8664265567746,05/20/1998
1,N,2.4043253923735133,-95.5553109736905,17.75,Texas,2864702,20,17279,2434036,American First National Bank,Houston,34656,TX,29.7040120184906,05/18/1998
1,NM,1.076513847598185,-100.923468005342,9.77,Kansas,177736,2,473,156887,The Community Bank,Liberal,34666,KS,37.0658639804767,04/06/1998
1,N,1.5022827019029656,-88.3177030404646,15.92,Illinois,2148686,6,7934,1802480,"Crystal Lake Bank and Trust Company, National Association",Crystal Lake,34681,IL,42.2430709899604,12/19/1997
1,NM,1.4464451760288064,-122.873539981839,10.04,Oregon,779278,11,2835,652726,People's Bank of Commerce,Medford,34685,OR,42.3448140091937,03/02/1998
1,NM,1.7600216672697688,-93.7372709781571,17.68,Iowa,227782,4,991,203197,Charter Bank,Johnston,34686,IA,41.6606810184478,06/15/1998
1,NM,3.9064112430765787,-111.88838598872,46.26,Utah,9525737,1,87775,7033218,WEX Bank,Sandy,34697,UT,40.5712789858558,06/01/1998
1,SM,1.526866585686544,-73.9785922663187,15.6,New York,8843485,11,32633,7794442,Metropolitan Commercial Bank,New York,34699,NY,40.7504406993978,06/21/1999
1,SB,20.526304730859398,-83.0027860137647,53.26,Ohio,166275,1,8548,500,"Nationwide Trust Company, FSB",Columbus,34710,OH,39.9681370146424,09/01/1998
1,SI,0.5849088558340114,-80.2858399601122,2.85,Pennsylvania,121929,1,177,95605,Farmers Building and Savings Bank,Rochester,34711,PA,40.7008850018964,06/30/1894
1,N,1.3899891578807317,-88.3626789917996,13.42,Wisconsin,4515383,25,15684,3719776,"Town Bank, National Association",Hartland,34717,WI,43.0769769815155,07/23/1998
1,NM,1.7460477813775264,-101.047612960007,15.96,Kansas,637080,5,2787,499937,Farmers & Merchants Bank of Colby,Colby,34719,KS,39.3966309863127,03/13/1998
1,NM,1.2638635493307202,-89.894258,11.36,Tennessee,1678841,12,5425,1426089,Independent Bank,Memphis,34728,TN,35.112245,04/20/1998
1,SM,0.6608162139797443,-77.095350323755,5.81,Maryland,9902571,14,16808,8596517,EagleBank,Bethesda,34742,MD,38.985072038595,07/20/1998
1,NM,0.9986268880289602,-89.4930079716691,9.69,Illinois,135143,2,340,104381,First Community Bank of Hillsboro,Hillsboro,34752,IL,39.1535319896198,05/29/1998
1,N,1.4044832109551149,-78.4802670397238,12.45,Virginia,1646148,16,5783,1427791,Virginia National Bank,Charlottesville,34755,VA,38.0301169902226,07/29/1998
1,SM,1.2684961140040811,-75.1567779738255,6.88,Pennsylvania,684822,3,2133,459194,Asian Bank,Philadelphia,34759,PA,39.9556999886202,06/09/1999
1,SM,1.0913851312555982,-81.2227799935372,11.03,Ohio,555115,4,1485,492580,Portage Community Bank,Ravenna,34760,OH,41.1576059791993,07/01/1998
1,N,0.9179892170234196,-81.662368989392,10.34,Florida,47232699,43,107022,37687611,"EverBank, National Association",Jacksonville,34775,FL,30.327652981657,10/01/1998
1,NM,1.0858622177477346,-87.8628299794452,12.13,Illinois,394326,5,1057,318056,First Trust Bank of Illinois,Kankakee,34778,IL,41.1205389821532,07/30/1998
1,NM,0.5926946501542172,-111.949804970971,5.43,Utah,1592347,1,2366,1384966,"Transportation Alliance Bank, Inc. d/b/a TAB Bank",Ogden,34781,UT,41.1868620064049,10/01/1998
1,NM,1.9837752479274984,-91.4925829747192,17.9,Louisiana,569558,9,2792,447760,Commercial Capital Bank,Delhi,34784,LA,32.4543920170769,02/22/1999
1,NM,0.8807424658987527,-79.9658069945713,10.74,Pennsylvania,507443,1,1100,398395,Enterprise Bank,Allison Park,34786,PA,40.5662010193645,10/23/1998
1,NM,1.4455546812546687,-118.253583981774,15.24,California,4371214,10,15861,3904079,American Business Bank,Los Angeles,34788,CA,34.0515609849485,09/28/1998
1,SB,6.508182710265582,-88.3870109861656,8.48,Wisconsin,15233,2,257,2000,Thrivent Trust Company,Appleton,34799,WI,44.3057579939746,11/02/1998
1,NM,1.8014967033973484,-90.1319570141528,14.49,Louisiana,935381,11,4229,801241,Resource Bank,Covington,34803,LA,30.458361008418,07/20/1998
1,SM,1.6347414100223088,-119.016773029704,14.41,California,1919385,8,7772,1684433,Mission Bank,Bakersfield,34805,CA,35.3741310096225,10/07/1998
1,SM,0.47991243000233846,-100.762940127875,5.43,Nebraska,1010651,6,1198,773280,Nebraskaland Bank,North Platte,34811,NE,41.1218223578653,05/14/1998
1,SM,1.8975929761884744,-93.1585879871429,28.77,Minnesota,1453536,6,6913,1137566,North American Banking Company,Roseville,34836,MN,45.0086389971006,07/21/1998
1,SM,1.7997257422990318,-86.5113090288412,18.45,Tennessee,490091,5,2177,427474,Southern Bank of Tennessee,Mount Juliet,34847,TN,36.1808479932048,03/22/1999
1,SM,1.0932097263032514,-90.7394399730207,13.61,Iowa,370747,3,1005,316416,Premier Bank,Dubuque,34849,IA,42.5211029930604,10/13/1998
1,NM,1.092152861972775,-91.9107759892525,8.38,Iowa,99434,1,277,78952,Community Bank of Oelwein,Oelwein,34857,IA,42.6767289930381,10/01/1998
1,NM,1.6393995614774837,-77.634483304636,10.91,North Carolina,238878,1,972,201389,New Republic Bank,Roanoke Rapids,34860,NC,36.440116896499,12/15/1998
1,N,0.16275872249543186,-73.4152260298912,1.2,Connecticut,533393,10,215,453188,"Connecticut Community Bank, National Association",Norwalk,34876,CT,41.1133409808918,12/28/1998
1,SM,0.9982584414762691,-96.816001785571,9.76,Texas,2901954,11,7218,2578238,Susser Bank,Dallas,34885,TX,32.806012130056,01/01/1959
1,NM,2.169642266783068,-75.1139219734417,14.16,New Jersey,2212532,8,12100,1701532,Parke Bank,Sewell,34888,NJ,39.745673006282,01/28/1999
1,SM,1.4013718613307735,-81.9691280377885,13.76,Virginia,940029,19,3241,828863,"New Peoples Bank, Inc.",Honaker,34890,VA,37.0159639963023,10/28/1998
1,NM,0.31445262201981594,-87.9914151235084,4.13,Illinois,74239,2,58,68421,Preferred Bank,Casey,34900,IL,39.30597215156,07/19/1999
1,NM,2.1100130964069295,-81.379503478007,23.04,Florida,2444828,10,12873,2150278,Cogent Bank,Orlando,34908,FL,28.538148337294,09/10/1999
1,N,2.123617521199589,-102.401486962289,20.01,Texas,362673,4,1959,319396,First National Bank of Hereford,Hereford,34918,TX,34.8153479978514,12/06/1999
1,NM,1.060767326799984,-87.3617039841421,10.97,Tennessee,939529,9,2438,833451,Legends Bank,Clarksville,34936,TN,36.5303700028594,11/12/1998
1,SM,2.5342770875612532,-88.5175029693719,25.03,Mississippi,164630,1,1024,145077,Commerce Bank,Corinth,34938,MS,34.9362970166543,01/19/1999
1,NM,1.341304181671423,-85.5896709978532,14.35,Michigan,7395660,1,24174,5023773,Northpointe Bank,Grand Rapids,34953,MI,42.970275018816,05/21/1999
1,N,0.6972623020590893,-90.5127949875373,8.48,Iowa,464917,8,813,399774,"American Bank and Trust Company, National Association",Davenport,34955,IA,41.5743630060807,01/05/1999
1,SM,1.1223464370418035,-79.9336036387522,12.14,South Carolina,1240094,4,3338,1047472,First Capital Bank,Charleston,34966,SC,32.7860050428594,09/27/1999
1,SM,0.9852531209621764,-74.0114339878836,7.01,New York,14953476,36,36965,12230655,Popular Bank,New York,34967,NY,40.7040426324606,01/02/1999
1,SM,1.3157129685773852,-66.0587196579213,20.87,Puerto Rico,60625000,165,198000,55950000,Banco Popular de Puerto Rico,San Juan,34968,PR,18.4269640240171,01/02/1999
1,SI,1.028652659804838,-73.6288278520241,10.32,New York,960143,10,2482,827268,First Central Savings Bank,Glen Cove,34969,NY,40.8636175565718,04/05/1999
1,NM,0.8469096754544403,-93.5562519605999,13.05,Iowa,652145,8,1300,582071,Peoples Savings Bank,Indianola,34973,IA,41.3697280182362,11/20/1998
1,NM,1.5705099878468631,-90.761221018974,11.65,Louisiana,1263618,10,4909,1078202,Synergy Bank,Houma,34978,LA,29.630022989414,03/10/1999
1,NM,1.465890824709963,-92.4765650147929,13.63,Louisiana,3345447,28,12268,2954518,Red River Bank,Alexandria,34980,LA,31.2804060202466,01/14/1999
1,NM,0.6122999317904221,-100.648097005043,5.66,Nebraska,124913,2,193,106620,First Central Bank McCook,Mccook,34995,NE,40.2065239987367,01/04/1999
1,N,-1.750869941447868,-82.6435229753347,-24.07,Florida,1194708,11,-5458,1086271,BayFirst National Bank,Saint Petersburg,34997,FL,27.7707920166528,02/12/1999
1,SM,0.87801156205065,-85.4796030304765,9.89,Alabama,1026359,7,2244,932742,AuburnBank,Auburn,35,AL,32.6067929959888,01/03/1907
1,NM,1.6624531005941932,-94.6266729639036,10.14,Kansas,1228036,4,5162,996563,nbkc bank,Leawood,35014,KS,38.9577500098188,03/30/1999
1,NM,1.2550711492970867,-91.115875100305,8.16,Louisiana,247962,4,768,209334,Currency Bank,Baton Rouge,35019,LA,30.433502965809,08/02/1999
1,NM,1.8625142898903269,-91.8194799645895,20.78,Louisiana,790220,9,3568,718518,Community First Bank,New Iberia,35020,LA,29.9855510098792,05/10/1999
1,NM,1.8369456787884284,-84.2205629703684,16.29,Georgia,271558,3,1266,238635,AB&T,Albany,35029,GA,31.6111870164104,04/28/1999
1,SM,1.2304974977921694,-93.8081330125258,13.4,Iowa,269712,2,836,199831,Freedom Financial Bank,West Des Moines,35031,IA,41.5884469922578,02/22/1999
1,NM,0.9346705518424925,-73.6207880981363,7.71,New York,324782,6,755,265385,American Community Bank,Glen Cove,35033,NY,40.8589639658383,01/10/2000
1,NM,0.7373701112846733,-83.4114830025525,12.08,Florida,209981,2,380,196343,Madison County Community Bank,Madison,35056,FL,30.4698559923423,05/05/1999
1,SM,1.587765544765967,-81.4506159636428,9.72,Ohio,140202,1,550,116944,The Settlers Bank,Marietta,35060,OH,39.4129300161325,07/19/1999
1,NM,11.458030787104269,-75.169704397168,16.63,Pennsylvania,27559,1,789,6270,The Philadelphia Trust Company,Philadelphia,35075,PA,39.9530726698182,04/01/1999
1,SM,1.936278480567923,-92.7409249603473,11.55,Arkansas,262036,2,1240,212520,Petit Jean State Bank,Morrilton,35084,AR,35.1586459833936,02/16/1999
1,NM,1.0253452529718992,-92.169804038559,7.64,Missouri,61450,1,160,52922,Community Bank of Memphis,Memphis,35094,MO,40.4592059834205,03/20/1999
1,NM,0.77994486473628,-76.392522964809,6.17,Virginia,22358708,81,40992,18592960,TowneBank,Portsmouth,35095,VA,36.860992413415,04/08/1999
1,N,1.1176461170292418,-80.8420450337427,12.16,North Carolina,2672192000,3824,7417000,2128004000,"Bank of America, National Association",Charlotte,3510,NC,35.2270149883009,10/17/1904
1,SM,0.6414107789487359,-82.153198990111,5.35,Ohio,245063,2,395,213980,Buckeye Community Bank,Elyria,35101,OH,41.417630008151,10/12/1999
1,NM,0.88895237215008,-116.206435978509,8.22,Idaho,232618,2,529,202954,Idaho Trust  Bank,Boise,35103,ID,43.6139890056169,08/30/1994
1,N,1.297656664123309,-96.72291695919,13.75,South Dakota,1852239000,4185,5961000,1516982000,"Wells Fargo Bank, National Association",Sioux Falls,3511,SD,43.580844403981,01/01/1870
1,NM,1.1017370127903265,-97.2056529751074,14.12,Kansas,126157,2,341,115588,"Community Bank of Wichita, Inc.",Wichita,35118,KS,37.7235920064727,08/16/1999
1,NM,0.7990641061873351,-89.6991961680815,10.12,Illinois,748534,11,1495,623411,Sauk Valley Bank & Trust Company,Sterling,35131,IL,41.7880338950958,07/09/1999
1,NM,0.6138508640975684,-85.06333383036,6.66,Tennessee,789073,14,1213,705656,Millennium Bank,Ooltewah,35138,TN,35.085404368623,06/21/1999
1,SI,1.3686849665270384,-122.334729033678,15.37,Washington,1054283,2,3575,946580,Seattle Bank,Seattle,35139,WA,47.6089569868562,08/02/1999
1,NM,2.2624998509373597,-111.81133098519,16.46,Utah,13013553,1,73045,8703345,BMW Bank of North America,Salt Lake City,35141,UT,40.6340280085029,11/12/1999
1,NM,1.1878545282959583,-73.9651935787542,8.83,New Jersey,924662,9,2788,789833,New Millennium Bank,Fort Lee,35151,NJ,40.852623986533,07/19/1999
1,N,-0.06201397111856577,-73.9697341034048,-0.12,New York,892459,1,-138,377575,"BTG Pactual Bank, National Association",New York,35154,NY,40.7625889269461,06/05/2000
1,SB,-0.034622164907397224,-119.758346993364,-0.37,Nevada,1081100,2,-94,930692,Farm Bureau Bank FSB,Reno,35157,NV,39.4319069801978,07/12/1999
1,SB,1.9949181243258876,-88.3148260360187,24.13,Kentucky,550930,3,2742,487583,The Murray Bank,Murray,35161,KY,36.6040349875596,06/15/1999
1,SB,81.42673890984281,-117.766380998197,123.23,California,226431,2,42530,500,Capital Bank and Trust Company,Irvine,35164,CA,33.6721709853374,07/01/2000
1,NM,1.5006496715041269,-104.274898983666,13.69,Montana,165140,1,615,145968,The Bank of Baker,Baker,352,MT,46.3671549811806,09/20/1924
1,SB,32.493632330378134,-71.5092049685815,33.85,New Hampshire,67862,2,5374,500,"Fidelity Personal Trust Company, FSB",Merrimack,35206,NH,42.8152849957418,05/15/2000
1,SM,0.9128823762186276,-79.1422040383994,12.04,Virginia,1052925,22,2379,959221,Bank of the James,Lynchburg,35207,VA,37.415264997359,07/22/1999
1,NM,0.7738370861031103,-80.6852320305469,9.34,Florida,252467,3,493,228931,Community Bank of the South,Merritt Island,35212,FL,28.3608319835555,11/29/1999
1,NM,1.3360346253225293,-79.8113039600716,13.39,South Carolina,1116792,11,3688,930785,First Reliance Bank,Florence,35214,SC,34.1857640138761,08/16/1999
1,SM,1.5313217807084707,-108.381480010404,19.51,Wyoming,256941,3,980,230448,Wyoming Community Bank,Riverton,35220,WY,43.0415840181716,06/14/1999
1,NM,2.24334244261112,-86.9547250340482,19.29,Indiana,583711,4,3260,504479,Freedom Bank,Huntingburg,35221,IN,38.309371996815,11/22/1999
1,NM,0.2838125357492812,-88.4437709713558,3.2,Illinois,528374,5,374,423854,First Secure Community Bank,Sugar Grove,35223,IL,41.7777589809977,02/07/2000
1,NM,1.1586646390035484,-88.9417460416172,7.47,Illinois,138319,5,400,116296,Southern Illinois Bank,Johnston City,35229,IL,37.8169309943062,09/10/1999
1,SB,5.085577856419818,-89.526177006553,22.56,Wisconsin,4106696,1,47703,1358969,"John Deere Financial, f.s.b.",Middleton,35237,WI,43.08863901677,12/24/2000
1,NM,1.317369483371345,-81.028651454606,10.61,South Carolina,785210,2,2574,660833,OPTUS Bank,Columbia,35241,SC,34.002913342612,03/26/1999
1,NM,0.6937182789665638,-122.924054073464,4.75,Washington,114575,1,170,99530,Increase Bank,Longview,35261,WA,46.145268836638,04/17/2000
1,N,0.19338384279657667,-79.873694321082,1.69,Virginia,2395630,27,1162,1974131,"Blue Ridge Bank,  National Association",Martinsville,35274,VA,36.688971620374,07/24/2000
1,NM,1.8543843700498923,-93.8709214627227,22.2,Missouri,841387,8,3812,757352,Freedom Bank of Southern Missouri,Cassville,35276,MO,36.67454903937,11/22/1999
1,N,1.1604557321598072,-77.181862963914,12.56,Maryland,3756419,8,10595,3314017,"Capital Bank, National Association",Rockville,35278,MD,39.102278998635,12/14/1999
1,NM,2.657631944368078,-95.2344917856317,19.99,Kansas,504353,5,3323,416894,Great American Bank,Lawrence,35292,KS,38.9678947529606,08/07/2000
1,NM,0.9147825088564484,-82.3397649644109,10.48,South Carolina,4581505,12,10278,3890994,Southern First Bank,Greenville,35295,SC,34.8195142797291,01/10/2000
1,NM,-5.955499186633213,-86.791238024268,-41.16,Alabama,17723,1,-270,14423,BHM Bank,Birmingham,35314,AL,33.500513002975,01/28/2000
1,NM,1.7213184399898038,-84.222459040686,12.99,Georgia,384887,8,1646,331508,Georgia Community Bank,Albany,35320,GA,31.614540993057,08/31/1999
1,NM,1.5407701589390352,-111.871018014788,8.98,Utah,889799,2,3577,708067,FinWise Bank,Murray,35323,UT,40.6308174881296,07/25/2000
1,N,-0.36542837651526355,-117.839024019353,-2.65,California,396466,4,-383,336353,"Liberty Bank, National Association",Irvine,35331,CA,33.679894992933,05/23/2001
1,NM,1.2620120867858209,-89.456576029517,11.61,Wisconsin,462129,1,1473,397575,Oak Bank,Fitchburg,35333,WI,43.0141239813595,08/14/2000
1,NM,1.6411426305318475,-121.24407403229,15.85,California,5031561,10,20071,4480237,Five Star Bank,Roseville,35361,CA,38.7435910006722,12/20/1999
1,SM,1.0081950111099434,-79.990158937867,8.29,North Carolina,655420,5,1655,545388,Bank of Oak Ridge,Oak Ridge,35365,NC,36.173740516498,04/10/2000
1,N,1.524508858026462,-117.714843022504,13.34,California,465786,5,1827,388102,"Chino Commercial Bank, N.A.",Chino,35366,CA,33.9947870019799,09/01/2000
1,NM,0.5608854104834501,-73.9756582649311,3.67,New York,224837,1,313,187686,Alpine Capital Bank,New York,35377,NY,40.7609749076706,03/01/2000
1,SB,50.45245081941163,-75.448398271614,55.31,Pennsylvania,230635,1,29766,500,SEI Private Trust Company,Oaks,35388,PA,40.1402031054891,01/02/2001
1,SB,0.877402794387889,-87.7972069698373,9.35,Illinois,172224,1,376,122512,United Trust Bank,Palos Heights,35393,IL,41.6672860000596,11/24/2000
1,SB,5.967907804312695,-72.545486564071,20.84,Massachusetts,92381,1,1371,50500,"MassMutual Private Wealth & Trust, FSB",Springfield,35394,MA,42.116165329756,01/12/2000
1,NM,1.2249741607012978,-94.1940500001395,12.81,Minnesota,646727,3,1960,533043,BankVista,Sartell,35406,MN,45.5949499810091,02/15/2000
1,NM,1.9722117352732202,-106.825597028632,23.97,Colorado,684997,2,3376,622305,Yampa Valley Bank,Steamboat Springs,35407,CO,40.4744019966919,03/27/2000
1,NM,1.4482938940617445,-88.4242859801391,14.46,Illinois,1173282,5,4189,1011466,American Community Bank & Trust,Woodstock,35412,IL,42.2951239916939,03/13/2000
1,NM,0.8141072955414106,-87.3775850084506,9.98,Tennessee,555155,7,1114,479617,TriStar Bank,Dickson,35417,TN,36.0722440090367,01/01/2000
1,NM,1.452414663896193,-93.258854995137,16.21,Missouri,409956,6,1481,367507,Branson Bank,Branson,35420,MO,36.660615013289,03/22/2000
1,N,0.9174384888350217,-84.2075550110115,6.17,Georgia,316638,1,721,262311,United National Bank,Cairo,35427,GA,30.8844809983319,05/26/2000
1,NM,1.704218150007332,-80.1073090266936,16.45,Florida,1268490,4,5070,1094131,OptimumBank,Fort Lauderdale,35430,FL,26.1906380188608,11/01/2000
1,NM,1.3234142984740909,-90.4492070202014,12.24,Mississippi,266481,1,839,235065,Bank of Brookhaven,Brookhaven,35439,MS,31.5796610021869,01/31/2000
1,NM,2.312761373716893,-108.211026968533,25.92,New Mexico,632322,6,3650,544751,Four Corners Community Bank,Farmington,35441,NM,36.7293270056738,03/01/2000
1,NM,1.9031549824199203,-85.3719389929306,16.41,Kentucky,94787,1,454,81505,"Citizens Bank of Cumberland County, Inc.",Burkesville,35442,KY,36.7827810006136,07/01/2000
1,N,2.871009023309259,-96.723418448457,31.71,South Dakota,9899655,1,69079,8441102,"The Bancorp Bank, National Association",Sioux Falls,35444,SD,43.550696961372,07/28/2000
1,NM,2.0879808142140277,-84.9006479628853,23.28,Kentucky,204272,2,1060,185275,"Century Bank of Kentucky, Inc.",Lawrenceburg,35450,KY,38.0357280038463,07/05/2000
1,NM,0.7493831806966922,-84.1042860243955,11.33,Kentucky,298031,7,560,265029,"Hometown Bank of Corbin, Inc.",Corbin,35455,KY,36.9302680049698,04/03/2000
1,NM,1.0264645837711162,-90.220811977154,16.23,Iowa,359325,3,922,288929,Citizens First Bank,Clinton,35477,IA,41.8182219899344,03/14/2000
1,NM,0.31632518954586036,-93.3303579936411,4.3,Minnesota,438242,2,349,363675,Crown Bank,Edina,35480,MN,44.8819630010435,05/22/2000
1,SI,0.335641118460413,-75.0446175311811,3.27,Pennsylvania,643632,3,554,570047,Quaint Oak Bank,Southampton,35497,PA,40.171320824564,01/01/1926
1,NM,1.2985291552816696,-80.6715950093566,10.16,Florida,221102,5,698,185248,Cypress Bank & Trust,Melbourne,35506,FL,28.2110720166057,10/23/1996
1,SB,8.493183737483411,-111.302777701664,10.89,Montana,12234,13,264,500,Davidson Trust Co.,Great Falls,35510,MT,47.505773621381,01/01/2001
1,NM,2.284755999533466,-84.4495600017018,17.12,Georgia,639338,2,3624,548297,Community Bank of Pickens County,Jasper,35513,GA,34.464630980261,10/02/2000
1,SB,-0.1677040259379812,-87.729685040065,-1.12,Illinois,1069980,2,-463,760001,The Federal Savings Bank,Chicago,35518,IL,41.93245999605,07/03/2000
1,SM,0.7703884745829526,-78.620222778348,8.99,North Carolina,1457821,7,2736,1223947,North State Bank,Raleigh,35519,NC,35.867802768884,06/01/2000
1,SM,0.8857971210653628,-86.8135440288175,9.07,Tennessee,1077643,3,2356,924426,InsBank,Nashville,35521,TN,36.1089660069481,11/20/2000
1,NM,0.8304410322434289,-77.8489860137221,6.84,North Carolina,3418297,9,6992,2971311,First Carolina Bank,Rocky Mount,35530,NC,35.9656839938675,11/29/2000
1,NM,6.6793715159035525,-111.854565009407,15.82,Utah,429317,1,7610,207326,First Electronic Bank,Salt Lake City,35533,UT,40.7241630138476,10/05/2000
1,NM,0.701619011529151,-74.1073190207162,6.58,New Jersey,3268333,27,5742,2672925,BCB Community Bank,Bayonne,35541,NJ,40.6765049792251,11/01/2000
1,NM,0.7212919269110236,-91.0031339763678,8.1,Missouri,416446,6,744,349565,Bank of Franklin County,Washington,35543,MO,38.5498799795983,08/28/2000
1,SB,2.176596690450001,-117.211154008848,22.72,California,28237712,3,150846,22684696,Axos Bank,San Diego,35546,CA,32.874026006495,07/04/2000
1,SM,0.4491405867618691,-82.4659279652247,5,Florida,103622,1,117,89802,Century Bank of Florida,Tampa,35558,FL,28.068895995649,09/11/2000
1,NM,1.0087484832285383,-86.4062047945117,10.98,Kentucky,892157,6,2229,765949,"American Bank & Trust Company, Inc.",Bowling Green,35568,KY,36.9663469901289,07/05/2000
1,SM,1.0247394647363235,-86.785616281808,8.63,Tennessee,122628191,429,230906,101064128,Pinnacle Bank,Nashville,35583,TN,36.159922488108,10/27/2000
1,N,1.6963519107275604,-96.6039657459781,15.7,Kansas,366993,2,1546,320851,Community First National Bank,Manhattan,35585,KS,39.17527644765,02/01/2001
1,SM,1.0265631757448843,-90.5279079780578,11.54,Missouri,180258,3,451,163812,NEW FRONTIER BANK,Saint Charles,35597,MO,38.7747650168719,10/16/2000
1,SB,19.972331813290978,-88.9412744757446,24.1,Illinois,40310,1,1949,791,Country Trust Bank,Bloomington,35602,IL,40.50134989922,05/01/2000
1,N,0.8617562189887759,-81.6444670044093,8.47,Florida,354872,3,772,315699,The First National Bank of Mount Dora,Mount Dora,3579,FL,28.8026029983548,09/01/1925
1,N,1.7661927942954299,-90.3719881694077,21.3,Illinois,157639,3,683,143368,The First National Bank of Arenzville,Arenzville,3599,IL,39.8774594161081,01/01/1882
1,N,0.8934027265639815,-89.0498320241691,9.04,Illinois,24164,1,53,21765,The First National Bank of Assumption,Assumption,3600,IL,39.5201830051468,01/01/1900
1,N,0.6426469019273131,-89.2299459638214,5.92,Illinois,83007,3,128,70649,The Atlanta National Bank,Atlanta,3601,IL,40.2610680182749,08/02/1887
1,N,1.6086362717769476,-88.318258173912,12.05,Illinois,6846609,57,27641,5600748,Old Second National Bank,Aurora,3603,IL,41.758494014739,11/21/1887
1,N,0.8691719601440122,-90.0375129981141,8.52,Illinois,662189,6,1415,590726,MidAmerica National Bank,Canton,3612,IL,40.5551630168013,11/22/1933
1,NM,1.7458380396063788,-87.9930063259815,16.8,Illinois,506410,6,2162,451772,Casey State Bank,Casey,3614,IL,39.3021554741436,01/01/1880
1,SM,0.9935802505028772,-113.994735038837,10.64,Montana,536281,10,1367,425932,"First Montana Bank, Inc.",Missoula,363,MT,46.8715310175305,01/01/1913
1,N,1.0802066414531897,-88.9779319749111,211.54,Illinois,383823,4,1040,364530,First National Bank & Trust Company,Clinton,3639,IL,40.1471550204545,06/01/1872
1,NM,1.5091069511295316,-87.9611409865139,17.91,Illinois,8221637,58,30815,5245762,First American Bank,Elk Grove Village,3657,IL,42.0156520195378,03/26/1901
1,N,2.2366379200691955,-88.2837740184198,22.56,Illinois,409070,2,2198,364994,Union National Bank and Trust Company of Elgin,Elgin,3661,IL,42.0369930155748,05/21/1904
1,N,1.1785441406600494,-89.6510660227626,12.3,Illinois,2542843,14,7454,2281891,"INB, National Association",Springfield,3664,IL,39.7980800176962,01/01/1905
1,N,1.6259511688525585,-88.143413014777,12.31,Illinois,427470,2,1777,365687,Grand Ridge National Bank,Wheaton,3674,IL,41.859728000993,04/06/1903
1,N,1.3054567672530915,-90.0646140380132,11.88,Illinois,341050,6,1087,240692,The Havana National Bank,Havana,3677,IL,40.2991490160577,03/30/1875
1,N,0.8588502829340526,-89.4101250308613,10.43,Illinois,93109,1,203,85297,The First National Bank of Lacon,Lacon,3688,IL,41.0244599920811,04/11/1864
1,N,0.9392361192642024,-89.0997723740529,9.06,Illinois,319553,3,750,278573,Hometown National Bank,La Salle,3691,IL,41.3295316368138,12/16/1880
1,NM,0.9833760963431568,-89.3589380054543,8.62,Illinois,148930,4,355,127111,First Security Bank,Mackinaw,3698,IL,40.5367929863449,01/01/1934
1,N,1.270572104851149,-88.7269990000534,17.34,Illinois,865346,15,2743,799699,"Resource Bank, National Association",Dekalb,3701,IL,41.9667499847555,10/01/1901
1,SM,1.0583566073790973,-87.985876988613,11.25,Illinois,263263,3,693,237548,First Bank of Manhattan,Manhattan,3702,IL,41.4227850043321,01/01/1907
1,N,1.2042350680366234,-88.373406738217,10.38,Illinois,8200993,87,24239,6741271,"First Mid Bank & Trust, National Association",Mattoon,3705,IL,39.481213357989,02/08/1865
1,SM,1.0120914779365906,-90.646592960994,11.91,Illinois,702788,8,1779,538634,Midwest Bank,Monmouth,3711,IL,40.9123040088044,09/09/1870
1,SM,3.3379798312531217,-88.4234740251785,23.65,Illinois,374740,4,3116,319722,Grundy Bank,Morris,3713,IL,41.3575439999614,09/16/1864
1,N,1.2293162333931478,-88.8430979982219,13.9,Illinois,2035262,11,6253,1827517,"American Commercial Bank & Trust, National Association",Ottawa,3719,IL,41.3470949937343,06/01/1865
1,N,1.780121392438247,-89.0824050219182,17.36,Illinois,405122,6,1774,361436,First National Bank of Pana,Pana,3720,IL,39.3858860150845,01/01/1930
1,NM,0.17366367183954987,-87.6956459636314,2.84,Illinois,701422,11,299,592622,Prospect Bank,Paris,3722,IL,39.6124890072329,03/23/1873
1,N,1.0723884213772745,-89.9370277253618,7.81,Illinois,913916,4,2434,638783,Farmers National Bank,Prophetstown,3732,IL,41.6715549033468,07/01/1902
1,NM,1.2247738343771746,-88.6079499910623,17.02,Illinois,123696,3,374,113811,First Community Bank of Moultrie County,Sullivan,3745,IL,39.5991580093276,04/05/1905
1,N,1.364879595475372,-88.2452870012472,12.97,Illinois,739816,10,2487,608960,"First Neighbor Bank, National Association",Toledo,3747,IL,39.2741609873596,01/01/1933
1,N,0.8068879654971344,-89.490801016563,8.4,Illinois,196293,4,384,175024,The First National Bank in Tremont,Tremont,3749,IL,40.5266679825851,11/18/1931
1,N,1.0714013692949569,-89.2472859944884,8.72,Illinois,237143,3,633,207208,Anna-Jonesboro National Bank,Anna,3759,IL,37.46008906818,01/01/1900
1,N,1.0407341812912574,-89.4972819450568,9.49,Illinois,78665,1,202,69875,The First National Bank of Ava,Ava,3761,IL,37.8883139534533,01/01/1917
1,NM,1.8258791150955942,-91.0406119800362,16.74,Illinois,196243,4,889,174162,Great Rivers Bank,Barry,3762,IL,39.6947660202602,01/01/1901
1,N,1.2758290733860331,-88.9540139627429,12.66,Illinois,58495,1,185,52245,The First National Bank of Brownstown,Brownstown,3770,IL,38.9963200078329,06/01/1913
1,N,1.1417025809731347,-88.1599879768491,9.61,Illinois,632355,12,1763,555935,The First National Bank of Carmi,Carmi,3777,IL,38.0904080197636,12/20/1893
1,SM,0.9546416918785544,-88.53779203656,11,Illinois,1550080,17,3721,1330899,Dieterich Bank,Effingham,3787,IL,39.13337200374,01/01/1909
1,N,0.6626916892481312,-88.3586155799769,6.37,Illinois,627517,3,1036,423894,The Fairfield National Bank,Fairfield,3792,IL,38.379530276887,02/03/1903
1,N,1.4758487384000798,-89.411284667166,16.67,Illinois,740219,10,2575,617314,The Bradford National Bank of Greenville,Greenville,3799,IL,38.892534193067,01/01/1867
1,SM,2.109944113189154,-88.8493000198385,15.16,Illinois,76177,1,395,65388,Kinmundy Bank,Kinmundy,3805,IL,38.7721339793746,02/02/1902
1,N,1.295669985233173,-89.6550729915756,12.02,Illinois,151073,2,476,132966,The First National Bank of Litchfield,Litchfield,3807,IL,39.1770340079335,01/01/1860
1,N,0.8533996460652129,-89.6549930282193,11.19,Illinois,142916,2,302,123855,The Litchfield National Bank,Litchfield,3808,IL,39.1767840176713,05/01/1907
1,N,1.6454720289241724,-88.9414530102822,18.61,Illinois,2005305,25,8233,1817252,"Peoples National Bank , N.A.",Mount Vernon,3809,IL,38.3111969885934,03/01/1909
1,N,0.7046802513359562,-88.7323129590285,6.58,Illinois,442017,2,780,348863,The City National Bank of Metropolis,Metropolis,3814,IL,37.1510050059999,07/01/1908
1,NM,0.47717167335429994,-89.3382102481973,6.1,Illinois,82696,1,99,75824,The First Bank and Trust Company of Murphysboro,Murphysboro,3818,IL,37.764272729954,01/01/1889
1,N,1.5498985612181257,-89.3831420081589,16,Illinois,279954,8,1081,252113,The Farmers and Merchants National Bank of Nashville,Nashville,3821,IL,38.3434880191197,05/10/1906
1,N,0.523590333716916,-89.5492300063135,4.95,Illinois,71387,1,91,63748,The First National Bank of Okawville,Okawville,3826,IL,38.4340779941688,06/26/1920
1,N,1.176077230486724,-89.5504928014763,14.23,Illinois,92081,1,277,80727,The Old Exchange National Bank of Okawville,Okawville,3827,IL,38.4345073206398,01/01/1910
1,N,1.4161118399025188,-89.5713110405818,18.78,Illinois,184679,5,645,169920,The First National Bank of Raymond,Raymond,3830,IL,39.3196660044229,10/01/1903
1,N,1.3521781685960255,-87.57532968602,11.96,Indiana,72614322,361,244045,56500217,Old National Bank,Evansville,3832,IN,37.969350451471,08/27/1907
1,N,0.08607169606759939,-89.1205629655721,1.21,Illinois,120622,2,26,108468,Midwest National Bank,Sandoval,3834,IL,38.6149049823242,06/01/1910
1,N,1.6122901768745967,-89.7020150021194,15.13,Illinois,114175,1,456,101493,The First National Bank of Sparta,Sparta,3837,IL,38.1232250147142,10/02/1885
1,SM,1.0168230223987094,-82.2053439832317,10.08,Ohio,1663062,16,4106,1429085,The Ohio Valley Bank Company,Gallipolis,384,OH,38.8097830157772,01/01/1872
1,SM,1.131381126413593,-89.0952030146007,11.51,Illinois,492423,7,1395,433356,The FNB Community Bank,Vandalia,3840,IL,38.9602569951491,01/01/1865
1,N,0.8896057404908483,-90.149631011369,9.44,Illinois,948812,16,2089,788732,First National Bank of Waterloo,Waterloo,3842,IL,38.334337998337,06/12/1912
1,SM,2.2093917823771503,-88.9041920140871,21.33,Illinois,270115,4,1479,241960,Community First Bank of the Heartland,Mount Vernon,3846,IL,38.3182959995783,11/05/1906
1,SM,1.6636726458589595,-88.6370009969161,17.7,Illinois,56959,2,235,48539,"First Community Bank, Xenia-Flora",Xenia,3850,IL,38.6354090034195,01/01/1922
1,SM,1.8719088932203416,-93.5673219401237,17.21,Arkansas,334697,12,1557,294333,Bank of 1889,Berryville,3854,AR,36.3642077410427,02/18/1889
1,N,1.068384539147671,-90.785625935898,9.8,Arkansas,614947,15,1617,542785,First National Bank of Eastern Arkansas,Forrest City,3863,AR,35.0093717896423,11/01/1886
1,N,2.010882438044048,-94.4252614464728,16.22,Arkansas,2297413,26,11493,1992828,The First National Bank of Fort Smith,Fort Smith,3864,AR,35.3869679781548,02/29/1872
1,SM,1.900719236504777,-93.434390403998,20.41,Arkansas,1177237,14,5511,1057222,Anstaff Bank,Green Forest,3869,AR,36.335263059631,05/04/1931
1,SM,1.147826854733682,-92.3949151357612,8.65,Arkansas,498566,13,1430,427763,Eagle Bank and Trust Company,Little Rock,3873,AR,34.7475058793777,01/01/1919
1,N,1.1109154967502666,-90.4878086179904,9.78,Arkansas,2554094,23,7091,2117947,First National Bank,Paragould,3887,AR,36.0561151737609,03/22/1889
1,NM,0.1971799862313975,-82.3961610265058,2.01,Ohio,59214,2,29,53222,The Peoples Bank,Gambier,389,OH,40.3761769879498,06/01/1920
1,SM,1.2420828045707872,-92.003239864485,9.54,Arkansas,24649062,229,76307,20406548,Simmons Bank,Pine Bluff,3890,AR,34.224640831456,03/23/1903
1,N,1.3876567928277967,-90.95674378289,16.82,Arkansas,308386,6,1050,281779,First National Bank Of Commerce,Walnut Ridge,3896,AR,36.069117902464,03/27/1919
1,NM,2.1298943001798585,-87.8371800146239,20.65,Alabama,475203,8,2512,413964,Robertson Banking Company,Demopolis,39,AL,32.5181259971662,01/01/1870
1,N,1.3462249511614974,-100.446334034412,10.16,North Dakota,179838,1,578,155452,First National Bank and Trust Co. of Bottineau,Bottineau,3902,ND,48.8275350019464,01/01/1906
1,NM,0.45819625184810264,-98.711377,5.18,North Dakota,77594,2,86,70449,Heartland State Bank,Edgeley,3919,ND,46.358899,01/01/1921
1,N,1.8140484072925738,-97.031467974666,16.77,North Dakota,5277526,27,23785,4393268,"Alerus Financial, National Association",Grand Forks,3931,ND,47.924008000607,09/30/1933
1,NM,1.0596536859090142,-96.8617465891232,9.34,North Dakota,61946,2,165,50876,Aspire Bank,Fargo,3934,ND,46.8046121237821,09/19/1905
1,NM,1.303295537985746,-96.7958929933588,11.72,South Dakota,4868698,22,15584,4257105,First Bank & Trust,Brookings,3973,SD,44.3111040137294,11/02/1925
1,N,2.083932407517042,-96.6830129812858,31.38,South Dakota,119632,2,616,109886,DNB NATIONAL BANK,Clear Lake,3977,SD,44.7559410029817,01/01/1926
1,N,0.18969448244414044,-98.5060459927218,1.58,South Dakota,28637,1,13,25128,The First National Bank of Frederick,Frederick,3985,SD,45.83251398794,05/18/1882
1,NM,1.04479561185843,-97.9580828099604,7.76,Oklahoma,34324,2,90,29579,First Summit Bank,Ryan,399,OK,34.0200359151606,06/01/1894
1,N,2.2746170971808697,-101.664996036172,21.59,South Dakota,465664,2,2756,409091,First National Bank in Philip,Philip,3999,SD,44.038489989023,12/04/1906
1,NM,0.6470124990097016,-100.355035998093,7.92,South Dakota,1919735,22,3083,1638131,"BankWest, Inc.",Pierre,4009,SD,44.3651079872461,08/30/1889
1,N,1.0815683599758656,-96.726387402381,11.77,South Dakota,2105071,19,5669,1758940,The First National Bank in Sioux Falls,Sioux Falls,4016,SD,43.5470378834508,09/08/1885
1,NM,2.0756341262180102,-97.8080369708166,17.1,Oklahoma,339288,7,1739,295956,Sooner State Bank,Tuttle,402,OK,35.2904429870147,01/01/1903
1,N,1.490181580331878,-97.395764010677,15.54,South Dakota,3296280,17,12183,2957664,First Dakota National Bank,Yankton,4028,SD,42.8694190144862,12/07/1872
1,SM,1.4330539322364353,-96.6784190277934,19.43,Oklahoma,991793,10,3495,830856,Vision Bank,Ada,4029,OK,34.7741410111888,11/01/1924
1,SM,0.702668561503237,-99.3336480387178,6.91,Oklahoma,364370,6,623,327561,Frazer Bank,Altus,4031,OK,34.6376799813647,01/01/1902
1,N,1.5116783526240352,-97.1331620016755,15.03,Oklahoma,708374,12,2609,599741,First National Bank and Trust Company of Ardmore,Ardmore,4037,OK,34.1742109852723,01/01/1889
1,SM,1.5462701871315048,-95.3688134677004,31.81,Oklahoma,198602,4,754,186958,The Farmers State Bank,Quinton,404,OK,35.1231236320165,03/08/1908
1,NM,0.6690880960338208,-100.51971074153,7.97,Oklahoma,304336,3,493,267405,The First Security Bank,Beaver,4041,OK,36.8182420494499,01/16/1916
1,NM,0.34427930913831256,-98.3555816446402,3.97,Oklahoma,694019,10,583,631652,Legacy Bank,Hinton,4042,OK,35.4713638753956,01/01/1902
1,NM,1.2073106047481081,-95.9394410233663,13.45,Oklahoma,939588,6,2831,847210,SpiritBank,Tulsa,4048,OK,36.0923029929829,05/05/1916
1,NM,-1.2684347878861444,-97.5303750287417,-12.08,Oklahoma,197565,6,-627,176304,First Enterprise Bank,Oklahoma City,4049,OK,35.5653549942958,01/01/1907
1,N,2.509921738131742,-95.7898139934008,16.86,Oklahoma,270466,2,1721,226386,The First National Bank and Trust Company of Broken Arrow,Broken Arrow,4050,OK,36.0521629806851,01/29/1904
1,SM,1.284407030052927,-98.1180190286217,15.68,Oklahoma,86667,2,263,79000,AllNations Bank,Calumet,4051,OK,35.6006910026077,01/01/1901
1,NM,0.9395539635335617,-98.6046600055903,7.94,Oklahoma,123047,2,280,104749,The Farmers Bank,Carnegie,4054,OK,35.1063289936196,10/27/1905
1,N,1.3465805635732393,-95.5235839614289,8.33,Oklahoma,172543,3,575,139762,The Peoples National Bank of Checotah,Checotah,4059,OK,35.4699929922214,01/01/1911
1,NM,1.7258869756665882,-98.4415200066015,10.77,Oklahoma,114686,4,487,96231,Cleo State Bank,Cleo Springs,406,OK,36.4066420059682,10/25/1900
1,NM,1.8497980706857227,-98.3574699695955,15.95,Oklahoma,143781,3,663,114612,ACB Bank,Cherokee,4061,OK,36.7549320015846,01/29/1908
1,N,2.035608071037183,-97.9356699706687,15.88,Oklahoma,1068072,9,5403,895738,"The First National Bank and Trust Co., Chickasha, Oklahoma",Chickasha,4062,OK,35.0514760171303,08/21/1892
1,SB,1.3855452991695443,-97.5210919871559,14.48,Oklahoma,42109827,93,144577,24689384,MidFirst Bank,Oklahoma City,4063,OK,35.5291049813522,02/28/1911
1,NM,1.4108289345725662,-98.9674649848451,11.08,Oklahoma,204623,4,729,176156,Oklahoma Bank and Trust Company,Clinton,4067,OK,35.5151250145934,03/02/1908
1,SM,2.2286895610461035,-95.6506207058856,25.61,Oklahoma,124804,2,694,113512,FNB Coweta,Coweta,4071,OK,35.9508366912626,01/01/1903
1,SM,1.360981886568346,-98.6988300172141,10.09,Oklahoma,82911,1,275,72141,Southwest Bank of Weatherford,Weatherford,4076,OK,35.5256570016619,06/04/1907
1,SM,-0.3741260576233432,-97.4809590156567,-5.04,Oklahoma,439954,2,-401,401036,The Citizens Bank of Edmond,Edmond,4084,OK,35.6543659864247,01/01/1912
1,N,2.088417615496467,-99.4379350074744,21.94,Oklahoma,293745,3,1535,263937,The First National Bank & Trust,Elk City,4086,OK,35.4107219983874,04/19/1901
1,SM,2.303035908046323,-99.4030090418658,27.35,Oklahoma,466922,6,2677,423139,Bank of Western Oklahoma,Elk City,4087,OK,35.4110830069571,04/01/1908
1,N,2.006791081897842,-97.8821958544725,28.72,Oklahoma,5644142,11,26339,5222208,"Stride Bank, National Association",Enid,4091,OK,36.3967173350847,01/01/1913
1,NM,2.8425556615846017,-99.8669123105918,19.48,Oklahoma,117309,4,808,99927,First Bank,Erick,4092,OK,35.2149227045659,12/12/1902
1,SM,-0.06321255220679535,-95.5827470382595,-0.57,Oklahoma,85254,2,-14,74948,Bank of Eufaula,Eufaula,4094,OK,35.2866699990289,03/07/1911
1,N,0.7557363354594924,-98.4794969849659,13.41,Oklahoma,125060,1,242,108568,The Farmers and Merchants National Bank of Fairview,Fairview,4097,OK,36.2717240006997,01/01/1907
1,N,0.8859161480365884,-98.2434470012055,9.8,Oklahoma,23000,2,50,20927,The First National Bank of Fletcher,Fletcher,4098,OK,34.8232859954346,11/13/1902
1,NM,0.8009890473454179,-85.0039140158351,35.46,Alabama,343760,4,690,327418,Phenix-Girard Bank,Phenix City,41,AL,32.4702980194568,05/04/1904
1,N,1.6082006551568044,-94.6007707211715,16.86,Oklahoma,103917,3,413,93352,First National Bank,Heavener,4111,OK,34.8895134352084,01/01/1910
1,SM,1.321328210127889,-96.3944419922281,16.81,Oklahoma,44523,1,144,41019,1st Bank in Hominy,Hominy,4122,OK,36.4162809850724,04/12/1906
1,N,1.407622053478641,-101.213394775794,9.01,Oklahoma,92416,1,320,77521,The First National Bank of Hooker,Hooker,4123,OK,36.8603221597739,06/23/1914
1,N,1.4610867457747705,-98.3964809706252,11.09,Oklahoma,445116,39,1607,373615,"The City National Bank and Trust Company of Lawton, Oklahoma",Lawton,4132,OK,34.6034326930659,03/23/1901
1,NM,1.8899390401362144,-99.3922539704443,10.68,Oklahoma,309845,3,1418,253349,The Stock Exchange Bank,Woodward,414,OK,36.4351409796789,01/03/1903
1,NM,1.6497771470386058,-97.4086522499471,15.93,Oklahoma,22333,1,93,19981,Farmers and Merchants Bank,Maysville,4144,OK,34.8178727055165,01/01/1908
1,N,1.8834232604176628,-95.7669077225914,16.93,Oklahoma,575618,6,2683,504906,First National Bank & Trust Company of McAlester,Mcalester,4145,OK,34.9315954960099,12/12/1896
1,N,1.3564497056228844,-95.767032,15.85,Oklahoma,482448,6,1626,439744,"The Bank, National Association",Mcalester,4146,OK,34.932645,05/17/1927
1,SM,2.4585474634966573,-97.5294059969156,18.88,Oklahoma,1944068,12,12006,1671420,Bank 7,Oklahoma City,4147,OK,35.5373979944444,05/06/1901
1,N,2.070017870831852,-94.8772129951405,16.12,Oklahoma,206413,3,1070,178010,The First National Bank and Trust Company of Miami,Miami,4148,OK,36.8748319832956,01/01/1900
1,NM,0.6914934780603865,-95.9229259919016,6.98,Oklahoma,2072897,7,3496,1809952,Regent Bank,Tulsa,4160,OK,36.0594689827689,01/01/1898
1,N,1.022412767496072,-95.9642125849242,10.34,Oklahoma,301964,5,767,261086,"Patrons Bank, National Association",Okmulgee,4170,OK,35.6213016716788,04/02/1917
1,N,1.0140271855315355,-97.2203209703883,16.09,Oklahoma,351216,6,887,323031,The Pauls Valley National Bank,Pauls Valley,4173,OK,34.7407279791034,01/01/1905
1,SM,2.1631514536774676,-95.8559909629896,18.58,Oklahoma,915660,1,4905,804011,Security Bank,Tulsa,4178,OK,36.0905639995311,01/01/1902
1,NM,1.8911948913176961,-98.317971675805,17.77,Oklahoma,211748,3,1001,186598,High Plains Bank,Okeene,418,OK,36.117288985344,02/11/1930
1,SM,1.205437243426553,-95.3148950242041,11.98,Oklahoma,540106,3,1604,484554,First Pryority Bank,Pryor,4185,OK,36.3069359987541,01/01/1900
1,NM,1.6917815836298933,-97.3606689820814,16.24,Oklahoma,293501,4,1217,262197,McClain Bank,Purcell,4187,OK,35.0133379804964,03/08/1922
1,SM,0.9243138093027625,-96.1146180220482,10.26,Oklahoma,1494982,24,3395,1166890,American Heritage Bank,Sapulpa,4190,OK,35.9983810018741,06/15/1905
1,NM,2.1622983236142423,-98.9249249822111,23.61,Oklahoma,200690,2,1073,181485,THE SEILING STATE BANK,Seiling,4193,OK,36.148502983222,01/01/1901
1,N,0.4619739573504435,-99.8818430303977,4.08,Oklahoma,129053,2,153,109924,"SNB Bank, National Association",Shattuck,4196,OK,36.271841012068,08/01/1909
1,NM,-0.7234581298607343,-99.2993499614761,-11.44,Oklahoma,31702,1,-55,29778,Bank of Vici,Vici,420,OK,36.1500250111101,01/01/1902
1,SM,1.8821466259513964,-101.783526840093,19.36,Oklahoma,389424,4,1846,338926,Anchor D Bank,Texhoma,4208,OK,36.5049235253253,02/23/1906
1,SM,1.1971969819165904,-98.7505170231455,8.84,Oklahoma,58370,1,167,51047,First  Bank of Thomas,Thomas,4209,OK,35.7442240117789,05/28/1904
1,NM,1.852767367479113,-99.6730478153493,18.41,Oklahoma,287587,3,1307,256631,Security State Bank,Cheyenne,421,OK,35.6139017479092,06/22/1912
1,N,2.274334772991781,-97.5828080240557,22.03,Oklahoma,909962,4,5181,784763,First National Bank of Oklahoma,Oklahoma City,4211,OK,35.5810990163968,01/01/1917
1,N,1.1592201401086746,-95.991013525479,11.03,Oklahoma,53492601,115,152869,38855031,"BOKF, National Association",Tulsa,4214,OK,36.1545763166208,02/10/1910
1,NM,1.8956493048785974,-98.0882300237256,16.77,Oklahoma,72450,3,316,64421,COMMUNITY BANK OF OKLAHOMA,Verden,4217,OK,35.0832873148187,08/01/1907
1,N,1.6110691561851687,-97.9979090383267,11.06,Oklahoma,57976,1,232,49332,The First Farmers National Bank of Waurika,Waurika,4222,OK,34.1645119917414,03/26/1906
1,SM,1.149092425488538,-97.6270740281917,19.77,Oklahoma,312971,3,868,265138,First Bethany Bank & Trust,Bethany,4228,OK,35.5108049816968,01/01/1923
1,NM,3.0016252612026935,-97.1698500109696,21.87,Oklahoma,114014,1,808,98588,The State Bank of Wynnewood,Wynnewood,4232,OK,34.6422290078561,08/01/1910
1,NM,0.5086646397151477,-97.7493410174499,6.51,Oklahoma,270117,5,330,249328,YNB,Yukon,4235,OK,35.5070570136919,04/19/1912
1,N,1.6034914733694334,-96.2184820399706,19.3,Oklahoma,503740,8,1984,458121,"Shamrock Bank, N.A.",Coalgate,4236,OK,34.5396980059052,01/01/1924
1,SM,0.8800326346047385,-96.39114103112,9.13,Oklahoma,16403712,85,35946,13273997,First United Bank and Trust Company,Durant,4239,OK,33.995143987236,01/01/1900
1,N,0.8375883641843727,-94.8144297191236,5.71,Oklahoma,250821,1,528,209311,The Idabel National Bank,Idabel,4241,OK,33.8955921028009,02/14/1921
1,N,1.3089740433131372,-69.064700356249,12.48,Maine,6951638,74,22774,5622263,The Camden National Bank,Camden,4255,ME,44.209554029726,01/01/1875
1,N,1.1833943582598399,-69.5302683066252,14.54,Maine,3165021,18,9313,2665385,First National Bank,Damariscotta,4256,ME,44.0319262882843,04/19/1864
1,NM,2.083405399261715,-95.9875057533834,15.43,Oklahoma,104916,3,527,90528,American Exchange Bank,Henryetta,428,OK,35.4398673479518,01/01/1933
1,N,1.533596837944664,-92.3827260045254,14.03,Louisiana,629160,5,2328,555561,First National Bank of Louisiana,Crowley,4288,LA,30.2300789953349,01/01/1924
1,N,2.196413176587774,-91.6667709926454,23.6,Louisiana,638074,10,3484,575691,The First National Bank of Jeanerette,Jeanerette,4290,LA,29.9143899930242,06/05/1905
1,N,1.3931874396906776,-77.21312302035,9.51,Virginia,672010000,252,2317000,520795000,"Capital One, National Association",Mclean,4297,VA,38.924111588357,05/22/1933
1,N,0.926478818177193,-87.1273840251972,12.39,Indiana,381038,5,865,344623,The Riddell National Bank,Brazil,4318,IN,39.5228670162721,06/15/1885
1,N,0.9724293881945161,-85.0125280139095,12.47,Indiana,797557,6,1933,696753,"FCN Bank, National Association",Brookville,4319,IN,39.4197880054916,01/01/1900
1,N,2.0996924222730673,-95.5130670198766,21.75,Oklahoma,140048,2,733,125029,Security First National Bank of Hugo,Hugo,432,OK,34.0096899839163,01/07/1930
1,N,0.3839983353766742,-86.7946890214433,5.08,Indiana,420165,7,406,384807,First National Bank,Cloverdale,4324,IN,39.5079880065788,01/01/1913
1,NM,1.791603437524461,-86.9021689923956,15,Indiana,6540325,79,29011,5498253,Horizon Bank,Michigan City,4360,IN,41.7169160031327,04/21/1873
1,N,1.0886344860143986,-86.4819120180243,9.68,Indiana,429586,4,1153,378330,The First National Bank of Monterey,Monterey,4364,IN,41.1571029811898,08/01/1910
1,NM,0.6645796580841603,-85.385107130457,5.14,Indiana,21048883,135,33279,16514770,First Merchants Bank,Muncie,4365,IN,40.193077456296,03/13/1893
1,N,1.367464348587842,-87.409534723811,12.68,Indiana,6121994,83,20293,4862591,"First Financial Bank, National Association",Terre Haute,4382,IN,39.466461893252,08/03/1863
1,NM,1.4078868531848068,-87.298303017066,15.78,Indiana,184828,4,655,165517,LNB Community Bank,Lynnville,4398,IN,38.1982849995598,09/01/1907
1,NM,1.8628478286179997,-86.6141160049541,16.06,Indiana,644211,6,3000,561279,Springs Valley Bank & Trust Company,French Lick,4419,IN,38.5581960010147,01/01/1902
1,SB,0.9339368064617669,-93.753094586429,6.66,Iowa,490003,13,1146,399959,"Midwest Heritage Bank, FSB",West Des Moines,4432,IA,41.569395219707,04/01/1930
1,SM,1.9214907649800974,-93.2395310202798,17.15,Iowa,1822778,7,8774,1599511,First Citizens Bank,Mason City,4433,IA,43.1475309809425,01/09/1892
1,N,0.6933226033406626,-90.1899980056053,6.63,Iowa,431853,8,728,375677,The Clinton National Bank,Clinton,4439,IA,41.8397289895638,05/01/1865
1,NM,1.9255513824363257,-76.2569279951309,18.93,Pennsylvania,662457,11,3137,578824,PS Bank,Wyalusing,444,PA,41.6643700197639,11/25/1914
1,NM,1.0667031351499197,-80.0823759660508,13.52,Pennsylvania,601730,12,1599,527393,Mercer County State Bank,Sandy Lake,445,PA,41.349896016228,06/20/1911
1,SM,1.853116573142483,-95.3845160339887,19.3,Iowa,72111,2,329,59922,First Heritage Bank,Shenandoah,4457,IA,40.7589739797446,01/01/1903
1,SM,1.910103537758165,-93.2102205107036,17.79,Iowa,252571,2,1186,222526,First Bank Hampton,Hampton,4464,IA,42.7428360156449,01/01/1933
1,N,1.3719366089244,-95.8206879793763,13.12,Iowa,631356,10,2165,542904,"Midstates Bank, National Association",Council Bluffs,4465,IA,41.2405659916068,01/01/1913
1,SM,1.1945411722280448,-95.7868150322637,13.53,Iowa,90541,2,265,82258,Logan State Bank,Logan,4476,IA,41.6431809876315,12/01/1888
1,N,0.9659950236619993,-95.0654780003547,6.48,Iowa,83878,1,198,70672,The First National Bank of Manning,Manning,4477,IA,41.9079280094746,01/01/1886
1,SM,1.1943644550953754,-93.0538130239834,13.56,Iowa,104648,1,309,84892,FNNB Bank,Newton,4482,IA,41.7007400196515,03/28/1932
1,N,0.7746055007458195,-95.62682008547,5.75,Iowa,37940,1,74,30915,The First National Bank of Primghar,Primghar,4494,IA,43.0871299285693,11/11/1889
1,N,1.7636977676150134,-96.405366964827,14.96,Iowa,1736177,10,7528,1382516,"The Security National Bank of Sioux City, Iowa",Sioux City,4506,IA,42.496608012587,01/01/1884
1,N,2.6680231998601567,-95.2008399531249,17.95,Iowa,248920,3,1698,206041,The Citizens First National Bank of Storm Lake,Storm Lake,4511,IA,42.644420025239,02/01/1902
1,NM,0.8431917203649131,-92.5777319877305,8.71,Iowa,144869,2,299,130292,The State Bank of Toledo,Toledo,4514,IA,41.9953360045307,01/01/1927
1,SM,1.457318204157229,-92.4661860393668,11.64,Iowa,747696,8,2691,622841,First Bank,Waverly,4519,IA,42.725246005098,01/01/1864
1,NM,2.8121729799790707,-93.7955039990114,27.28,Missouri,376945,2,2647,313487,Pony Express Bank,Braymer,4526,MO,39.5879499798585,10/02/1890
1,SM,1.095934793288456,-93.0021609705883,9.56,Missouri,568584,10,1556,481790,Farmers Bank of Northern Missouri,Unionville,4539,MO,40.4771049928279,06/01/1901
1,N,2.557557261861349,-91.355641452296,21.1,Missouri,995437,17,6277,868372,HNB National Bank,Hannibal,4540,MO,39.710055240295,01/01/1888
1,NM,1.3727235784770848,-90.3176279879723,18.91,Missouri,852685,6,2922,732893,CNB St Louis Bank,Maplewood,4549,MO,38.6135839943837,01/01/1915
1,SM,0.831892641344722,-91.999921971932,6.55,Missouri,115949,2,243,95950,TPNB Bank,Paris,4556,MO,39.4812890046655,10/01/1865
1,N,0.7737478411053541,-94.3568030066587,5.52,Missouri,116939,1,224,99857,"The First National Bank of Nevada, Missouri",Nevada,4598,MO,37.8396700079738,01/01/1889
1,N,1.5207710820960598,-99.3179159608287,7.6,Kansas,176121,5,654,140787,Farmers National Bank,Phillipsburg,4611,KS,39.7562059991789,02/26/1921
1,NM,1.636680716166989,-95.1207470126081,13.46,Kansas,627375,10,2575,542432,Exchange Bank & Trust,Atchison,4619,KS,39.5616189854041,01/01/1856
1,NM,1.1686932609856553,-101.041800026336,16.55,Kansas,158054,4,476,145921,Farmers Bank & Trust,Atwood,4621,KS,39.8073729918373,01/01/1914
1,SM,1.147704068275826,-94.7357090351804,12.9,Kansas,187243,3,548,169877,American Bank of Baxter Springs,Baxter Springs,4624,KS,37.0233849980977,01/01/1917
1,NM,1.4819231503595942,-96.1297399812051,21.75,Kansas,300448,5,1106,276127,First Heritage Bank,Centralia,4636,KS,39.7244709821998,04/18/1882
1,N,2.1131456788838325,-100.348539017303,35.87,Kansas,145791,2,812,134208,The First National Bank in Cimarron,Cimarron,4638,KS,37.8076570051758,05/21/1929
1,NM,1.0773774365032487,-98.4325050182792,11.94,Kansas,44137,1,114,40134,NINNESCAH VALLEY BANK,Cunningham,4652,KS,37.6450319903181,07/23/1925
1,N,1.294348216302682,-100.466552023062,8.38,Kansas,83566,1,265,67779,The First National Bank of Dighton,Dighton,4654,KS,38.482311991268,05/02/1888
1,SM,1.3949892250242644,-95.7071010375894,13.13,Kansas,245282,4,848,217181,FirstOak Bank,Independence,4660,KS,37.2238050202019,01/01/1881
1,NM,2.208028448334815,-96.2945400161178,27.69,Kansas,180623,6,1009,164641,Home Bank and Trust Company,Eureka,4664,KS,37.8207660083756,08/04/1904
1,N,1.7370104709336989,-94.9234120337867,13.84,Kansas,1439702,15,6220,1237168,"Armed Forces Bank, National Association",Fort Leavenworth,4666,KS,39.3385640109603,01/01/1907
1,N,0.7916615971123818,-96.4189960232093,12.94,Kansas,61698,1,122,57608,First National Bank in Frankfort,Frankfort,4668,KS,39.7019789832188,03/02/1921
1,N,1.3354602766556494,-94.8432070272245,11.1,Kansas,1068527,15,3491,870634,"GNBank, National Association",Girard,4673,KS,37.5110950029973,07/01/1929
1,N,0.7627062923269117,-96.9767860607412,10.06,Kansas,232022,7,435,214337,The Citizens National Bank,Greenleaf,4678,KS,39.7272265320004,01/01/1915
1,N,-0.5547850208044383,-95.9604550413603,-3.37,Kansas,43747,1,-74,34732,Ventura National Bank & Trust,Harveyville,4683,KS,38.7915470119526,09/20/1920
1,N,0.6165896881083828,-97.0780410138322,6.97,Kansas,85556,3,135,73119,The First National Bank of Hope,Hope,4690,KS,38.6897140129887,01/01/1923
1,NM,2.5898427336153116,-96.2639410403855,30.27,Kansas,79373,4,535,70840,"The Howard State Bank, Howard, Kansas",Howard,4693,KS,37.468829004778,08/30/1877
1,N,1.3817048283068873,-97.9323179637698,13.84,Kansas,1225665,8,4284,1026973,The First National Bank of Hutchinson,Hutchinson,4697,KS,38.0524610067031,05/02/1876
1,N,1.298420348519958,-96.8298100292821,13.45,Kansas,1376153,35,4524,1189316,Central National Bank,Junction City,4702,KS,39.0305700148598,01/01/1884
1,NM,1.3916814067317314,-94.6272529916033,12.05,Kansas,3821766,34,13223,3178244,Security Bank of Kansas City,Kansas City,4705,KS,39.1150319804973,10/13/1933
1,SM,0.9459406491303057,-98.112787966669,15.78,Kansas,543934,11,1267,497478,Citizens Bank of Kansas,Kingman,4707,KS,37.6444090053646,05/14/1886
1,N,1.7105138887431395,-94.6893870340145,16.97,Kansas,195637,3,815,163162,The First National Bank of Louisburg,Louisburg,4722,KS,38.6201800073591,08/10/1920
1,N,1.4881743289928249,-97.0198739585559,9.73,Kansas,34912,1,126,29348,The Marion National Bank,Marion,4728,KS,38.3484369881211,01/01/1905
1,NM,1.2356745873039954,-99.0241829767004,18.44,Kansas,182900,2,560,166267,Southwind Bank,Natoma,4735,KS,39.189596008132,01/01/1909
1,SM,1.5093256277674973,-94.9511500145081,23.86,Kansas,786352,10,3023,681943,First Option Bank,Osawatomie,4746,KS,38.4985549880651,09/06/1923
1,NM,0.7759456838021339,-95.556403638588,9.37,Kansas,116706,8,217,102764,The First Security Bank,Overbrook,4752,KS,38.778125950498,04/03/1897
1,N,1.7652025582375341,-99.3256470092226,13,Kansas,319340,6,1419,266651,First National Bank and Trust,Phillipsburg,4756,KS,39.7561479964089,01/01/1884
1,NM,0.42545414430864525,-98.760685864259,4.9,Kansas,292454,8,323,255195,SJN Bank of Kansas,Saint John,4766,KS,38.001191251912,01/01/1905
1,N,1.1055120551980773,-96.769561412171,8.38,Texas,8553297,103,23529,7151046,"Sunflower Bank, National Association",Dallas,4767,TX,32.861201862274,05/24/1892
1,N,1.8130869034337966,-100.907258997162,14.32,Kansas,172871,1,774,149156,The First National Bank of Scott City,Scott City,4769,KS,38.4822060021023,01/01/1902
1,N,0.3896325278221977,-96.1871310398854,3.13,Kansas,63096,2,60,55251,"Elevate Bank, National Association",Sedan,4770,KS,37.1266039866612,03/13/1874
1,NM,2.115953596543135,-97.3720780095887,11.32,Kansas,181502,3,961,145738,The Solomon State Bank,Solomon,4773,KS,38.9163209865411,07/01/1905
1,N,1.4518251714345085,-99.7559633301976,13.27,Kansas,58430,1,262,50196,The First National Bank of Spearville,Spearville,4774,KS,37.8489717351522,02/18/1908
1,N,1.5149929404330524,-97.6190790336668,15.95,Nebraska,261777,12,959,236421,Western National Bank,Chester,4778,NE,40.0099739851476,04/07/1917
1,N,1.1185457615957004,-101.752543003183,11.26,Kansas,943759,13,2603,834737,"Dream First Bank, National Association",Syracuse,4779,KS,37.980025018556,02/10/1906
1,NM,1.5204974304230525,-97.3359720396511,20.28,Kansas,2773623,32,10501,2501889,Emprise Bank,Wichita,4789,KS,37.6893210027783,05/21/1910
1,SM,1.5438928265561969,-96.3060689886594,19.35,Kansas,523099,8,1992,469923,Bank of the Flint Hills,Wamego,4791,KS,39.2023989880469,01/01/1875
1,SM,1.9921345034261277,-97.0515909963528,7.78,Kansas,88093,1,435,56647,FNB Washington,Washington,4792,KS,39.819356012074,01/01/1883
1,N,0.6836752542542293,-95.7389100248641,16.48,Kansas,101700,3,171,90787,First National Bank of Kansas,Burlington,4794,KS,38.1994569991713,01/14/1902
1,NM,0.5669142542190493,-97.3997210233471,9.61,Kansas,112614,4,162,104148,Bank of Commerce and Trust Company,Wellington,4796,KS,37.2659589942852,10/06/1906
1,N,1.3096866177649913,-97.338585014147,19.13,Kansas,6783388,40,22517,6043120,"Intrust Bank, National Association",Wichita,4799,KS,37.6863590058341,11/01/1876
1,N,1.0633444705989,-97.3340530029191,10.96,Kansas,501718,9,1349,418756,Southwest National Bank,Wichita,4801,KS,37.6863839839056,01/01/1915
1,N,1.220208596830772,-76.075636984816,11.61,Maryland,6203118,40,18996,5490602,"Shore United Bank, National Association",Easton,4832,MD,38.774207997496,06/01/1876
1,NM,0.9253377344299161,-97.8630429589483,10.54,South Dakota,321873,6,752,246127,Security Bank Midwest,Tyndall,485,SD,42.9914350076539,11/01/1932
1,NM,1.3515198707002785,-79.4076299943997,13.14,Maryland,2012851,23,6882,1758118,First United Bank & Trust,Oakland,4857,MD,39.4102199791978,01/01/1900
1,NM,0.5261821189249735,-86.9557903047511,4.52,Alabama,76245,1,101,67039,Bank of Evergreen,Evergreen,49,AL,31.4331529260798,09/01/1932
1,NM,0.8910721425715428,-101.078833034764,9.9,South Dakota,89193,2,195,80902,Western Dakota Bank,Timber Lake,492,SD,45.4314850156342,01/01/1919
1,NM,3.1316682541516183,-84.1231749784775,27.17,Tennessee,231440,3,1796,189280,Peoples Bank of the South,La Follette,4945,TN,36.3809399895281,01/01/1917
1,N,1.0469698889670969,-85.7714719631576,10.93,Tennessee,940511,10,2458,829455,The First National Bank of Middle Tennessee,Mcminnville,4952,TN,35.6807970188934,10/30/1874
1,N,1.9112530121810671,-84.512606937662,20.55,Tennessee,367909,4,1733,329938,The First National Bank of Oneida,Oneida,4958,TN,36.509335860584,01/01/1904
1,NM,1.250450068834057,-96.480605023206,13.33,South Dakota,357835,3,1107,302906,BankStar Financial,Elkton,496,SD,44.236421004979,03/20/1926
1,NM,0.7650489631336406,-85.1885120222291,7.79,Tennessee,223819,4,425,200431,First Farmers & Commercial Bank,Pikeville,4960,TN,35.6064530162171,09/30/1913
1,SM,1.3987669031452095,-90.0508620171113,12.59,Tennessee,83823830,416,292686,67203642,First Horizon Bank,Memphis,4977,TN,35.1440849831067,01/01/1864
1,SM,1.2567717051416092,-90.184203009207,10.75,Mississippi,18984962,181,59552,15860550,Trustmark Bank,Jackson,4988,MS,32.30026101335,12/19/1889
1,N,1.4628862556404074,-88.698827004386,14.28,Mississippi,1879784,29,6719,1630652,The Citizens National Bank of Meridian,Meridian,4993,MS,32.36396201065,01/01/1888
1,NM,1.280629358383138,-88.1452732205171,15.91,Alabama,225114,6,713,202916,Community Spirit Bank,Red Bay,50,AL,34.4417496163182,03/17/1908
1,SM,0.8216330064570062,-89.5182779848195,7.36,Mississippi,931179,7,1892,791789,FNB Oxford Bank,Oxford,5005,MS,34.3670129889469,10/10/1910
1,SM,-0.23676326744477152,-88.9994029742663,-2.85,Mississippi,558741,6,-318,509869,First Choice Bank,Pontotoc,5006,MS,34.2482449832597,01/01/1900
1,NM,2.6049742603733796,-98.4855580229711,26.07,South Dakota,172888,2,1155,140795,Farmers and Merchants State Bank,Plankinton,501,SD,43.7141530000205,04/06/1910
1,NM,1.9469527411180572,-85.005611015952,14.18,Michigan,494988,11,2365,419736,Century Bank and Trust,Coldwater,5015,MI,41.9418160021034,01/01/1909
1,N,0.7307960135676473,-84.4768420068905,16.54,Michigan,463876,10,854,435232,Citizens National Bank of Cheboygan,Cheboygan,5018,MI,45.645267006776,01/24/1931
1,NM,0.8498987402318784,-85.0025879191584,9.57,Michigan,1704832,21,3607,1436463,Southern Michigan Bank & Trust,Coldwater,5019,MI,41.9395244903324,01/16/1872
1,NM,1.0457340847613037,-84.4451979754703,12.63,Michigan,1368016,4,3661,1057843,The Dart Bank,Mason,5033,MI,42.5797059911209,05/01/1925
1,NM,2.422498364944408,-99.6201070396323,14,South Dakota,151313,3,926,121046,Great Plains Bank,Eureka,505,SD,45.7693570180653,10/23/1920
1,N,1.078433110272564,-88.5827209654184,9.61,Michigan,1052628,10,2814,886579,Superior National Bank,Hancock,5058,MI,47.1269810000094,03/06/1890
1,N,0.8310722211930681,-88.0651090238546,9.64,Michigan,413807,7,858,356212,First National Bank & Trust Co.,Iron Mountain,5062,MI,45.8208069837749,01/01/1887
1,NM,1.326355643294648,-87.3927904123701,12.94,Michigan,619781,9,2045,538792,Range Bank,Marquette,5072,MI,46.5432533732154,06/04/1887
1,N,0.6346706540027457,-84.724598994816,12.02,Michigan,334449,7,538,315028,The First National Bank of St. Ignace,St. Ignace,5074,MI,45.8678139959778,05/17/1888
1,N,0.6173071856062031,-89.9413999775152,6.79,Michigan,53275,2,82,48352,The First National Bank of Wakefield,Wakefield,5076,MI,46.4745210001592,01/01/1910
1,N,1.1608420836799955,-95.3974379950191,17.04,Minnesota,125567,2,368,116239,The First National Bank of Bagley,Bagley,5087,MN,47.5220620061839,06/02/1903
1,N,1.1631813342500879,-94.9032259801883,14.78,Minnesota,1030296,3,2969,835550,The First National Bank of Bemidji,Bemidji,5093,MN,47.4928869900726,11/27/1897
1,NM,-0.2082985265049026,-94.0010769637307,-2.2,Minnesota,456716,11,-240,396701,Star Bank,Maple Lake,5095,MN,45.2324990114348,08/15/1904
1,SM,0.06340740188170789,-94.1026549852,0.89,Minnesota,321164,1,51,281756,First Bank Blue Earth,Blue Earth,5097,MN,43.6362450121139,01/01/1869
1,NM,1.8625944772791492,-88.1086386988861,11.48,Alabama,427698,5,1961,356502,The Bank of Vernon,Vernon,51,AL,33.7605550204508,11/11/1911
1,N,-1.6805466261979878,-111.837256798445,-10.15,Utah,61988,3,-281,50881,B2 Bank National Association,Holladay,5105,UT,40.664538429428,02/01/1902
1,NM,2.0402327359310894,-96.2764510308748,14.99,Minnesota,86016,2,437,73889,First Security Bank - Canby,Canby,5107,MN,44.709011020469,06/10/1890
1,N,1.4550630659127752,-94.6063559849776,14.39,Minnesota,37387,1,138,33374,Western National Bank,Cass Lake,5110,MN,47.3790169914155,07/01/1902
1,N,1.35423613111468,-94.1897489941631,18.62,Minnesota,128035,1,429,118338,The First National Bank of Cokato,Cokato,5115,MN,45.0757640018481,11/02/1916
1,NM,1.1719948280854455,-94.4257154148955,13.6,Minnesota,346878,2,1022,297419,Granite Bank,Cold Spring,5116,MN,45.4525447816924,01/01/1902
1,N,0.4960214942647515,-93.4317630126289,8.57,Minnesota,112687,2,138,106016,The First National Bank of Coleraine,Coleraine,5117,MN,47.2829659969001,01/01/1906
1,NM,1.7736339706758382,-94.2248420111019,20.29,Minnesota,1557977,14,6621,1421790,Deerwood Bank,Waite Park,5123,MN,45.5506129821532,03/21/1910
1,N,-0.16554272517321017,-92.166911024678,-1.56,Minnesota,135279,3,-56,107978,Western National Bank,Duluth,5131,MN,46.7367519842166,01/04/1904
1,NM,0.46478394292629405,-93.5692439943409,5.49,Minnesota,362488,4,422,271984,First Bank Elk River,Elk River,5136,MN,45.3036770016438,01/01/1907
1,N,1.0563914719661631,-92.5403310137523,11.36,Minnesota,98188,1,261,86168,The Miners National Bank of Eveleth,Eveleth,5141,MN,47.4635199864691,10/10/1903
1,N,1.3377738431488273,-94.7189599809791,3.53,Minnesota,34885,1,119,21284,The First National Bank of Fairfax,Fairfax,5142,MN,44.5284670053648,01/01/1910
1,N,1.6922776505886146,-95.3819869623436,6.11,Texas,2700336,1,11667,1786130,"Wells Fargo Bank South Central, National Association",Houston,5146,TX,29.77540898592,06/18/1894
1,N,0.44032955190674283,-92.4667000176696,6.29,Minnesota,87422,2,95,77505,The First National Bank of Gilbert,Gilbert,5150,MN,47.4875799880771,10/26/1908
1,N,1.3658213002742856,-95.5787920372462,17.44,Minnesota,420541,5,1431,385111,"My Kind of Bank, National Association",Ottertail,5162,MN,46.4273699868598,08/01/1903
1,SM,0.9973067765014656,-95.116644993013,10.23,Iowa,1317428,11,3323,1121570,Bank Midwest,Spirit Lake,5170,IA,43.422127996302,01/01/1887
1,NM,0.7311404921271836,-93.7120049883202,9.61,Minnesota,111309,1,210,100294,Global Innovations Bank,Kiester,5175,MN,43.5371380176102,01/01/1889
1,N,1.7014873873287835,-93.4196459657604,19.69,Minnesota,175254,2,752,143898,The First National Bank of Le Center,Lonsdale,5180,MN,44.4798359994217,01/01/1903
1,N,1.1364351247744886,-96.2063000333525,11.38,Minnesota,248954,2,700,221384,First Farmers & Merchants National Bank,Luverne,5186,MN,43.654428000401,01/01/1931
1,SM,1.6293215014092126,-93.9556550113278,16.55,Minnesota,885027,6,3629,765895,Pioneer Bank,Mapleton,5193,MN,43.9284980035985,01/01/1903
1,N,1.570018849096352,-95.8887709937472,7.61,Minnesota,46330,1,177,36864,The First National Bank of McIntosh,Mcintosh,5196,MN,47.6355859998779,08/22/1889
1,NM,1.998848040676081,-95.097058999863,16.26,Minnesota,126422,2,629,108610,COMMUNITY FIRST BANK,Menahga,5197,MN,46.754573000015,09/01/1898
1,N,1.885901551866681,-93.6531839769581,18.46,Minnesota,285828,4,1343,256073,The First National Bank of Milaca,Milaca,5198,MN,45.7537399817974,08/24/1897
1,NM,0.4870325873096041,-87.8142848461,5.27,Alabama,293444,1,358,219430,The Citizens Bank of Winfield,Winfield,52,AL,33.929685682026,05/22/1920
1,N,2.059382258246827,-92.7620859969231,15.6,Minnesota,135495,2,706,112924,The First National Bank of Moose Lake,Moose Lake,5214,MN,46.4539660170926,06/21/1926
1,SM,1.641174660205988,-93.184525283605,14.54,Minnesota,575584,4,2293,488974,Community Resource Bank,Northfield,5219,MN,44.43661538625,09/18/1878
1,N,1.122686936243694,-95.1518710307553,11.9,Minnesota,96561,1,269,79665,The First National Bank of Osakis,Osakis,5221,MN,45.8677360023687,06/08/1903
1,N,2.0918301792070064,-95.0626129820303,17.38,Minnesota,380050,1,1974,330981,The Citizens National Bank of Park Rapids,Park Rapids,5223,MN,46.9215690097406,01/01/1933
1,NM,1.0973445487476932,-92.1681709923633,11.77,Minnesota,425932,3,1164,343692,Foresight Bank,Plainview,5229,MN,44.1652459903458,06/07/1902
1,N,0.5910730583684645,-92.2229619846786,7.25,Minnesota,34506,1,51,31639,The First National Bank of Proctor,Proctor,5232,MN,46.7441579824053,01/01/1902
1,N,1.3891085574329058,-93.9584740130037,14.28,Minnesota,434031,4,1537,370436,First National Bank Minnesota,Saint Peter,5247,MN,44.3243509830555,01/01/1857
1,N,1.5434386538554792,-94.9465500260454,15.04,Minnesota,285947,3,1114,250514,Minnesota National Bank,Sauk Centre,5249,MN,45.7226839827945,09/11/1902
1,NM,1.41260303500378,-94.7225819689793,9.89,Minnesota,189134,5,675,160852,First Security Bank - Sleepy Eye,Sleepy Eye,5252,MN,44.2975000172376,01/01/1882
1,SM,0.8140152185453902,-104.06787402186,7.11,Wyoming,35509,1,69,31175,Farmers State Bank,Pine Bluffs,526,WY,41.1831290000971,04/30/1915
1,N,2.505533805306164,-94.5837295938658,21.43,Minnesota,840051,10,5279,734961,First National Bank North,Walker,5269,MN,47.1017333593175,12/01/1902
1,N,1.9742413771439344,-93.5078140317964,23.81,Minnesota,198453,3,982,178755,"Keen Bank, National Association",Waseca,5270,MN,44.0778019950156,12/18/1902
1,NM,1.3471502590673576,-94.1661209958448,12.04,Minnesota,56960,1,195,48362,First Financial Bank in Winnebago,Winnebago,5278,MN,43.7676100124454,01/01/1913
1,N,0.8131897436963076,-91.6380450369967,7.99,Minnesota,569960,7,1174,499935,"WNB FINANCIAL, N.A.",Winona,5280,MN,44.0513870138914,01/01/1874
1,NM,1.5942269906717284,-88.9526260033961,13.33,Wisconsin,722966,10,2925,583932,Fortifi Bank,Berlin,5286,WI,43.9678830159679,01/01/1876
1,NM,2.0277916967111937,-108.731025992302,24.24,Wyoming,207011,5,1037,189450,Central Bank and Trust,Lander,529,WY,42.8327579949204,01/31/1890
1,NM,1.0340030567243648,-88.8365239877424,12.5,Wisconsin,585975,7,1507,456623,PremierBank,Fort Atkinson,5295,WI,42.9286270183179,10/27/1863
1,N,1.072704346698892,-88.013534754521,10.1,Wisconsin,45537550,218,121595,35800709,"Associated Bank, National Association",Green Bay,5296,WI,44.514950054937,01/01/1874
1,NM,1.0204920229396315,-88.3802838383151,10.26,Wisconsin,407402,4,1071,346227,FORTE BANK,Hartford,5297,WI,43.3179610563991,01/01/1907
1,N,1.5597804656687335,-87.658130660494,11.78,Wisconsin,6064567,38,20604,5133172,"Bank First, N.A.",Manitowoc,5304,WI,44.095870696053,01/01/1894
1,N,1.6035218241004507,-87.6316220401111,18.16,Wisconsin,684088,7,2761,595960,The Stephenson National Bank and Trust,Marinette,5306,WI,45.0998796135303,10/30/1874
1,N,0.5748099177942168,-87.7504460084021,8.25,Wisconsin,299354,6,433,257112,The Peshtigo National Bank,Peshtigo,5317,WI,45.0548729882831,02/04/1901
1,SM,3.899377036855916,-89.8246030182692,42.09,Wisconsin,707460,7,6678,574444,WOODTRUST BANK,Wisconsin Rapids,5335,WI,44.3909490175503,08/11/1891
1,SM,0.9833608154699445,-92.3746419941888,13.22,Wisconsin,266827,7,656,194972,Pillar Bank,Baldwin,5336,WI,44.9670710018682,09/23/1883
1,N,3.3590633049048857,-90.9941990352209,11.38,Wisconsin,359371,5,3112,223904,The First National Bank of Bangor,Bangor,5337,WI,43.8926489809028,07/01/1903
1,N,1.3014754425794095,-92.5372270273684,16.63,Wisconsin,336799,5,1067,304143,First National Community Bank,New Richmond,5357,WI,45.1219500066349,01/01/1919
1,N,1.2965440512650783,-92.6268610044508,18.03,Wisconsin,325888,3,1043,287909,The First National Bank of River Falls,River Falls,5364,WI,44.856016987402,01/04/1904
1,SM,1.2773842919819232,-99.8621209989591,8.7,Nebraska,135875,2,436,109182,West Plains Bank,Ainsworth,5369,NE,42.5470609928235,10/01/1913
1,SM,1.3307114002431373,-96.3703049609299,13.92,Nebraska,146228,4,483,122619,Farmers and Merchants Bank of Ashland,Ashland,5377,NE,41.0388600179175,11/15/1883
1,SM,0.9295488831428512,-96.81213653498,9.55,Nebraska,335354,5,781,300467,First Community Bank,Beemer,5384,NE,41.928998311949,04/07/1903
1,NM,1.6557264622318018,-99.9862829688873,15.8,Nebraska,405220,8,1690,333402,Waypoint Bank,Cozad,5394,NE,40.8593540177026,01/01/1883
1,NM,1.4474907343691523,-96.6776059831854,13.51,Nebraska,328228,5,1199,291015,City Bank & Trust Co.,Lincoln,5396,NE,40.7402770131548,04/18/1910
1,NM,1.1774566327178524,-86.3258907030408,9,Alabama,395319,5,1159,340899,The Exchange Bank of Alabama,Altoona,54,AL,34.0254848020175,03/10/1909
1,NM,1.2949269764190854,-95.6032690385372,11.42,Nebraska,142282,2,440,122374,F&M Bank,Falls City,5401,NE,40.0618940079873,01/01/1882
1,SM,0.8944691380653439,-97.9691300252309,6.93,Nebraska,107079,2,244,83153,First Bank and Trust of Fullerton,Fullerton,5405,NE,41.3635500107722,10/01/1881
1,NM,1.3156495665303287,-97.730907703625,11.15,Nebraska,70484,1,232,60070,Genoa Community Bank,Genoa,5408,NE,41.448857291345,01/01/1903
1,N,3.025875413269951,-102.203639010994,22.39,Nebraska,372974,1,2788,322578,The First National Bank of Gordon,Gordon,5410,NE,42.8045670142419,01/01/1889
1,NM,0.6699395505837544,-96.6450599751645,7.72,Nebraska,2139871,37,3634,1874585,Security First Bank,Lincoln,5415,NE,40.7380359856123,07/01/1924
1,N,0.4633651896901245,-95.998321965336,2.97,Nebraska,96593,2,110,79460,The First National Bank of Johnson,Johnson,5422,NE,40.4105020130102,05/06/1906
1,SM,1.0228830869733014,-97.0892949761307,8.91,Nebraska,315961,5,815,277891,Security Bank,Laurel,5424,NE,42.4299529811507,03/06/1928
1,NM,0.5680823587307984,-102.143885009989,5.05,Nebraska,154033,2,215,135392,Legends West Bank,Lewellen,5425,NE,41.331022987762,10/05/1905
1,SM,1.2628667278410173,-96.4739746928553,9.7,Nebraska,501170,8,1550,362808,First Northeast Bank of Nebraska,Lyons,5432,NE,41.9376231527566,04/01/1902
1,SM,1.0398770993149935,-100.626305984625,9.49,Nebraska,593636,7,1545,496283,MNB BANK,Mccook,5434,NE,40.1992659830485,10/01/1907
1,SM,0.963736198727567,-98.9486730093829,9.78,Nebraska,92370,1,224,68604,First Bank and Trust Company,Minden,5438,NE,40.4982739922117,09/04/1883
1,NM,1.3937318042711302,-98.947714417681,7.24,Nebraska,199144,1,678,151094,Minden Exchange Bank & Trust Company,Minden,5439,NE,40.4989776675774,09/01/1883
1,SM,2.0990149680238037,-104.184112997811,22.57,Wyoming,803561,6,4163,686357,Platte Valley Bank,Torrington,5442,WY,42.0663319817122,01/01/1925
1,N,1.7125247615934531,-95.9372162430781,15.57,Nebraska,34725218,139,148345,28560248,First National Bank of Omaha,Omaha,5452,NE,41.2606126906746,01/01/1857
1,N,2.175042981088321,-98.9272969769907,19.3,Nebraska,165392,3,884,146523,First National Bank in Ord,Ord,5460,NE,41.6018439976507,01/01/1882
1,NM,0.9210618621791036,-98.458391017494,9.63,Nebraska,232944,3,558,195438,Citizens Bank & Trust Company,Saint Paul,5469,NE,41.2131520133527,01/01/1888
1,NM,2.0769522198852024,-97.0975690042123,18.23,Nebraska,416305,4,2186,358002,Cattle Bank and Trust,Seward,5472,NE,40.9074440137052,06/01/1873
1,SM,1.3607171044424988,-97.099482005974,16.62,Nebraska,438351,3,1459,369509,JONES BANK,Seward,5473,NE,40.9066569949066,10/01/1883
1,SM,1.3432739893309338,-97.2235190017258,14.41,Nebraska,63079,2,209,56840,Stanton State Bank,Stanton,5478,NE,41.9506569821158,01/01/1882
1,SM,1.704763465126235,-96.618359003504,18.45,Nebraska,470290,4,2016,376033,FirstBank of Nebraska,Wahoo,5486,NE,41.2097249884204,07/15/1882
1,NM,1.2768471328013138,-97.0181890283796,13.75,Nebraska,249384,2,797,200757,State Nebraska Bank & Trust,Wayne,5490,NE,42.2300880086748,01/01/1892
1,SM,1.194451549981723,-96.9141899779971,14.17,Nebraska,653531,17,1932,597695,Citizens State Bank,Wisner,5495,NE,41.9868600144921,10/19/1888
1,SM,1.140501660211061,-97.593337454644,12.63,Nebraska,2646823,50,7709,2383220,Cornerstone Bank,York,5496,NE,40.866737300934,04/22/1882
1,SM,1.3144761903035171,-98.4956639998107,15.35,Texas,52769892,222,174000,43235075,Frost  Bank,San Antonio,5510,TX,29.4268790164156,02/20/1899
1,N,1.990749546250057,-88.381039718343,13.88,Illinois,1717890,8,6751,1243007,"Servbank, National Association",Oswego,55130,IL,41.688125716377,01/03/1994
1,N,0.8581075316000537,-98.7197799974679,7.23,Texas,82633,1,176,72878,The City National Bank of San Saba,San Saba,5518,TX,31.1970300139845,01/01/1883
1,N,0.6476403118641626,-100.645886026624,8.51,Texas,704745,9,1124,623665,The First National Bank of Sonora,Sonora,5531,TX,30.5708160160905,01/01/1900
1,N,2.506017522838366,-101.790127037927,16.92,Texas,414063,2,2664,349192,The First National Bank of Stanton,Stanton,5536,TX,32.1297990028419,01/01/1906
1,N,1.6810220931500333,-100.987307010678,19.59,Texas,259133,3,1060,237026,The First National Bank of Sterling City,Sterling City,5538,TX,31.8367680031046,08/02/1910
1,N,2.322724210260558,-95.6019560134047,23.97,Texas,1373215,17,7912,1231540,The City National Bank of Sulphur Springs,Sulphur Springs,5544,TX,33.1385310008836,01/01/1889
1,N,1.2764187806494913,-97.4104569840294,10.96,Texas,246357,1,775,217075,The City National Bank of Taylor,Taylor,5548,TX,30.5698734710784,01/01/1900
1,N,0.8051331259225232,-97.370396683631,9.53,Texas,2495690,16,5004,2029341,"Extraco Banks, National Association",Temple,5551,TX,31.065104222421,09/20/1933
1,N,0.9188681215411925,-96.4845412566991,7.48,Texas,147231,4,341,127855,The First National Bank of Tom Bean,Tom Bean,5557,TX,33.520231153873,09/22/1906
1,N,0.7963583612625681,-95.37436496251,13.07,Texas,102577,3,199,95668,The First National Bank of Trinity,Trinity,5559,TX,30.9443899807261,09/11/1911
1,N,2.031876123854802,-97.4716589588074,16.76,Texas,186236,4,952,162682,First National Bank of Bosque County,Valley Mills,5564,TX,31.6586909916525,08/01/1908
1,NM,0.4685685035339515,-101.864306964848,4.04,Texas,528406,12,595,465196,Herring Bank,Amarillo,5568,TX,35.1906620036767,01/01/1899
1,N,2.256983112603583,-99.285249001945,17.83,Texas,357206,2,1976,311110,The Waggoner National Bank of Vernon,Vernon,5569,TX,34.1549189873761,07/03/1899
1,N,2.156393735496356,-96.8480260003582,17.7,Texas,2109952,12,11331,1807591,Citizens National Bank of Texas,Waxahachie,5574,TX,32.3871000029087,07/01/1868
1,N,0.4872001933987254,-97.8000070237555,5.03,Texas,965376,16,1184,868296,First National Bank and Trust Company of Weatherford,Weatherford,5575,TX,32.7593010118042,05/15/1880
1,NM,2.0383315141843856,-96.1777129658394,30.77,Texas,152974,2,768,140947,Fannin Bank,Bonham,5589,TX,33.5751960117254,04/22/1925
1,N,1.761510232207817,-95.2901900351468,8.5,Texas,156164,3,687,120796,The First National Bank of Winnsboro,Winnsboro,5590,TX,32.958745003193,01/01/1893
1,NM,1.2726750711246837,-97.151995132282,15.33,Texas,381955,5,1219,348097,Yoakum Bank,Yoakum,5595,TX,29.290159488698,01/01/1890
1,NM,1.2466448987540777,-85.9604940218667,10.27,Alabama,1560774,13,4961,1350331,Troy Bank & Trust Company,Troy,5598,AL,31.7851229905082,01/01/1906
1,NM,0.45327713202644754,-86.2849308054891,8.69,Alabama,205400,8,239,189243,Union State Bank,Pell City,5602,AL,33.5868063303874,01/01/1903
1,NM,0.991214237440865,-87.0722180265338,5.36,Alabama,50745,2,121,41615,Bank of Brewton,Brewton,5605,AL,31.1045940085801,08/01/1889
1,SM,1.869501608277561,-93.3932553956275,14.56,Arkansas,1570169,26,7239,1313242,Chambers Bank,Danville,5615,AR,35.0528967418577,10/07/1930
1,NM,0.6360161830784361,-93.6570989962933,5.99,Arkansas,88671,2,135,79312,COMMUNITY STATE BANK,Bradley,5619,AR,33.0983062894541,01/01/1933
1,NM,1.1838674068504327,-92.7257136501026,11.71,Arkansas,248680,4,740,207475,Smackover State Bank,Smackover,5623,AR,33.3642438768243,04/18/1928
1,NM,1.2303301372430848,-93.4977339550377,12.18,Arkansas,250988,3,763,224910,Bodcaw Bank,Stamps,5624,AR,33.3617612828322,01/01/1903
1,NM,1.291809261107375,-93.5364543243947,7.87,Arkansas,117295,2,377,97853,Logan County Bank,Scranton,5632,AR,35.3611238884559,04/04/1926
1,SM,1.7913427579120105,-91.7373477908491,12.91,Arkansas,8404781,81,37541,6669908,First Security Bank,Searcy,5633,AR,35.2506539669124,02/06/1932
1,SM,2.033909077908252,-91.843683334039,16.8,Arkansas,128062,5,640,111988,Connect Bank,Star City,5634,AR,33.943883190207,04/07/1925
1,SM,2.019500355015597,-93.739953690087,17.18,Arkansas,620995,8,3118,480361,CS Bank,Eureka Springs,5635,AR,36.40012327414,05/01/1912
1,NM,1.460423767801651,-81.5303169663671,37.71,Florida,1476326,17,5337,1396341,Citizens Bank and Trust,Frostproof,5673,FL,27.745763989047,05/13/1920
1,NM,1.9213419575821522,-82.324842010776,57.25,Florida,1021832,12,5026,983073,Brannen Bank,Inverness,5676,FL,28.8310329890023,07/01/1926
1,NM,1.741830947880097,-81.4329849655894,14.41,Georgia,620808,11,2709,541430,Southeastern Bank,Darien,5685,GA,31.3769499963973,01/01/1889
1,NM,1.268763191717665,-84.7379330102065,22.98,Georgia,84922,1,269,79833,The Bank of Edison,Edison,5686,GA,31.5577479831678,10/01/1904
1,NM,1.871020936189242,-82.2446850325189,17.12,Georgia,1538347,8,7029,1306022,PrimeSouth Bank,Blackshear,5694,GA,31.303708004441,01/01/1891
1,NM,1.1063733706177108,-103.20575596914,11.58,New Mexico,465870,7,1274,393425,The Bank of Clovis,Clovis,57022,NM,34.400988991559,10/16/2000
1,NM,1.8180338100018993,-103.197134008257,17.9,New Mexico,148982,2,670,133594,American Heritage Bank,Clovis,57025,NM,34.4322440188528,12/05/2000
1,NM,-1.189827429609446,-104.794947041569,-3.18,Colorado,41751,2,-131,25126,Champion Bank,Parker,57031,CO,39.5362770136149,06/17/2002
1,NM,0.40703584164346285,-123.037328237219,2.41,Oregon,445855,4,457,335707,Willamette Valley Bank,Salem,57033,OR,44.939844191512,10/31/2000
1,N,0.6127190004382113,-88.016008840881,4.33,Wisconsin,15548303,117,18932,13114848,Nicolet National Bank,Green Bay,57038,WI,44.515176953056,10/31/2000
1,NM,1.524914122685426,-81.5015914351587,17.34,Georgia,331214,4,1228,299724,Bank of Newington,Newington,5704,GA,32.5903175527601,08/14/1919
1,N,1.4233298177618359,-117.239129029791,9.61,California,4046537,14,14371,3402697,"California Bank of Commerce, National Association",San Diego,57044,CA,32.940441986053,12/18/2001
1,NM,3.2905298677485337,-111.88868203754,18.48,Utah,4965251,1,40135,3559989,Celtic Bank,Salt Lake City,57056,UT,40.7633169790559,03/01/2001
1,SM,1.79557475748114,-92.3984090482809,14.15,Arkansas,303722,3,1332,263322,PEOPLES BANK,Sheridan,57058,AR,34.2924979535362,09/13/2000
1,N,1.0075532361504094,-88.0442100055722,10.21,Illinois,1020137,5,2583,913520,Cornerstone National Bank & Trust Company,Palatine,57061,IL,42.1208700081896,10/16/2000
1,NM,0.8338687211854258,-90.150443636882,7.9,Mississippi,957007,7,2028,837224,Story Bank DBA Story Financial Partners,Jackson,57069,MS,32.352274075315,10/12/2000
1,NM,1.2522383014702254,-84.394075574537,12.83,Georgia,2675774,10,8405,2244675,Georgia Banking Company,Atlanta,57071,GA,33.802849340161,11/01/2001
1,NM,1.0140657247943627,-120.435045026445,10.65,California,405124,2,1057,357053,Community Bank of Santa Maria,Santa Maria,57073,CA,34.9097910080616,03/01/2001
1,NM,0.7956065027795766,-116.792263033237,6.14,Idaho,232818,7,473,199725,bankcda,Coeur D Alene,57074,ID,47.6813579805574,05/17/2001
1,N,1.3234275826603186,-87.8211460205825,16.31,Illinois,6810323,7,20945,5830953,"Northbrook Bank and Trust Company, National Association",Northbrook,57082,IL,42.1326719793178,11/22/2000
1,NM,0.4967789571152949,-80.186868961987,2.38,Florida,5853462,7,7216,4381010,Emigrant Bank,Miami,57083,FL,25.771894019922,09/14/2001
1,NM,0.950645120187913,-83.1824719734408,11.71,Georgia,177458,1,429,161889,The Farmers Bank,Greensboro,5709,GA,33.5745210170627,09/06/1911
1,NM,0.872466697178833,-87.6773869933921,9.29,Tennessee,339382,5,722,301172,Traditions First Bank,Erin,57092,TN,36.3199279905855,11/30/2000
1,SB,38.763590509805034,-87.9022179673902,63.71,Wisconsin,521260,1,47802,50500,Northwestern Mutual Wealth Management,Milwaukee,57093,WI,43.0394610078258,04/06/2001
1,SM,1.2816410623751004,-83.0178030314938,15.04,Michigan,1134884,11,3650,979874,Northstar Bank,Bad Axe,57097,MI,43.8012110087095,02/01/2001
1,NM,0.5461923513489345,-118.366744787603,5.15,California,772560,4,1046,632141,Mission Valley Bank,Sun Valley,57101,CA,34.229485529582,07/12/2001
1,N,1.885996053378629,-88.0507059805331,18.52,Illinois,2394258,7,11070,2052032,"Schaumburg Bank & Trust Company, National Association",Schaumburg,57103,IL,42.0407030135583,01/22/2001
1,SB,22.418214799524613,-85.8320911468982,27.36,Indiana,17443,1,896,500,Everence Trust Company,Goshen,57109,IN,41.6027086009896,06/01/2001
1,N,2.0731192720681952,-83.4578129665264,14.55,Georgia,862361,2,4784,698766,"First Century Bank, National Association",Commerce,57123,GA,34.2032800122179,03/25/2002
1,NM,2.4538340793462656,-86.2048689956799,38.53,Alabama,697822,9,4213,644396,First Community Bank of Central Alabama,Wetumpka,57124,AL,32.5284059823157,08/28/2001
1,NM,1.5811656062924486,-83.3031940103058,18.31,Georgia,601137,5,2356,534627,Guardian Bank,Valdosta,57127,GA,30.8791390018906,05/01/2001
1,SB,-1.0994739364735435,-73.8549511478538,-10.24,New York,848607,1,-2357,737551,Community Federal Savings Bank,Woodhaven,57129,NY,40.692686788129,07/16/2001
1,N,0.7011691724931753,-71.1401755880286,6.53,Massachusetts,5078040,7,8861,4043768,"Leader Bank, National Association",Arlington,57134,MA,42.4044126516229,05/08/2002
1,NM,0.5999364197815992,-114.020750035541,8.78,Arizona,182236,3,276,168446,Mission Bank,Kingman,57137,AZ,35.1918270043991,04/30/2001
1,NM,1.7791496522083963,-93.962516018172,13.22,Missouri,95464,2,415,82428,Community Bank of Missouri,Richmond,57141,MO,39.2648409815807,05/07/2001
1,NM,1.5938231679792945,-83.0749969948667,17.98,Georgia,800620,6,3116,713937,Farmers and Merchants Bank,Lakeland,5716,GA,31.0411623402309,01/01/1907
1,N,11.291845943960542,-94.608759411894,14.03,Kansas,19658,1,538,500,National Advisors Trust Company,Leawood,57160,KS,38.928776117474,10/01/2001
1,SM,1.1747029895267622,-117.847749999653,11.5,California,1243344,1,4007,1092294,Commerce West Bank,Irvine,57176,CA,33.679763983786,09/24/2001
1,SM,0.5958445889107122,-77.3105779836469,6.16,Virginia,1051579,6,1576,917869,The Freedom Bank of Virginia,Fairfax,57184,VA,38.847182983927,07/23/2001
1,N,1.0432410837745365,-112.202408040037,9.68,Arizona,1061418,13,2817,938240,BNC National Bank,Glendale,57197,AZ,33.6658499826053,07/09/2001
1,NM,1.3749058465325001,-75.5573740208323,10.02,Delaware,46648000,1,162000,37458000,Barclays Bank Delaware,Wilmington,57203,DE,39.738586987247,05/23/2001
1,NM,1.0300759614650707,-88.1581830178193,10.07,Illinois,151942,6,388,125987,Philo Exchange Bank,Philo,5722,IL,40.0071740103919,01/01/1883
1,NM,0.8531099353224779,-75.3842370097452,12.35,Pennsylvania,1843103,10,3886,1682340,Embassy Bank for the Lehigh Valley,Bethlehem,57228,PA,40.6660459985333,11/06/2001
1,N,3.503927288022457,-82.848877004743,36.76,Georgia,331550,1,2874,301091,Douglas National Bank,Douglas,57230,GA,31.5091950127432,11/19/2001
1,SM,2.43009206610634,-91.6653465720198,14.74,Iowa,2866781,9,17429,1979936,Cedar Rapids Bank and Trust Company,Cedar Rapids,57244,IA,41.9809729428873,09/14/2001
1,NM,1.6549001901092133,-94.6927490153782,18.89,Kansas,477432,1,2025,327362,Cornerstone Bank,Overland Park,57250,KS,38.8842729892974,10/26/2001
1,N,1.033692519814431,-91.4676510037238,8.64,Wisconsin,1820156,22,4651,1588094,CCFBank National Association,Altoona,57265,WI,44.8068129945578,12/10/2001
1,N,1.4401899233073363,-83.6529799660915,11.77,Ohio,1282436,2,4659,1118590,"Signature Bank, National Association",Toledo,57269,OH,41.6907860067165,04/02/2002
1,NM,1.6174931015502176,-96.6466399639131,14.09,Kansas,140168,2,562,123717,First Commerce Bank,Marysville,57273,KS,39.8419630107665,08/21/2002
1,SM,1.5037928750716556,-105.281230027453,19.38,Colorado,358938,3,1351,325902,FlatIrons Bank,Boulder,57280,CO,40.0158059876486,12/22/2001
1,N,2.358004564721226,-105.28005899176,15.39,Colorado,792499,8,4520,666655,AMG National Trust Bank,Boulder,57295,CO,40.0160859851242,08/01/2001
1,NM,1.4837054631828979,-87.9114570039844,18.27,Kentucky,529027,6,1952,457043,"United Community Bank of West Kentucky, Inc.",Morganfield,57301,KY,37.6887509914528,12/10/2001
1,SM,1.773930463097199,-90.188911962411,26,Missouri,20062734,2,87534,18396559,Stifel Bank and Trust,Saint Louis,57311,MO,38.629716014783,04/16/2002
1,NM,2.27756640720444,-115.279754137285,17.63,Nevada,226529,5,1305,195746,Town & Country Bank,Las Vegas,57312,NV,36.100424093241,04/15/2002
1,SM,1.6585394341110171,-104.73359796439,25.09,Colorado,291021,2,1207,270460,Farmers Bank,Ault,57335,CO,40.5826839900495,12/28/2001
1,NM,-3.043285566553405,-93.084309991954,-43.31,Minnesota,259829,1,-1957,224230,Drake Bank,Saint Paul,57336,MN,44.9374079913541,05/01/2002
1,SM,0.601189235245597,-84.2082870026158,7.19,Tennessee,3578112,15,5306,3232140,SouthEast Bank,Farragut,57348,TN,35.8673579831921,04/29/2002
1,SM,1.4891802376555496,-90.188911962411,22.12,Missouri,12142509,1,44448,11290093,Stifel Bank,Saint Louis,57358,MO,38.629716014783,05/16/2002
1,NM,0.4966292203103528,-88.3415990082275,5.68,Illinois,490530,1,613,375245,American Eagle Bank,South Elgin,57359,IL,41.9736560024198,10/17/2002
1,NM,1.5425620994230873,-73.4907299622384,14.82,Connecticut,3364622,11,12953,2912453,Bankwell Bank,New Canaan,57368,CT,41.1484189942239,04/22/2002
1,NM,1.5649311098601952,-80.3368412894272,17.47,Florida,2842514,10,11016,2512559,U. S. Century Bank,Doral,57369,FL,25.7953184284588,10/28/2002
1,NM,1.0988765949096682,-124.039878958855,12.76,Oregon,447347,7,1232,407188,Oregon Coast Bank,Newport,57373,OR,44.6317680108509,07/08/2002
1,NM,1.2933505450136304,-92.9131149840137,13.23,Iowa,119556,2,392,105743,United Bank & Trust Co.,Marshalltown,57391,IA,42.0206920160077,06/21/2002
1,NM,1.7816899541320892,-86.5673670296405,14.48,Tennessee,232200,3,1008,201465,Bank of Lincoln County,Fayetteville,57396,TN,35.1516740001513,07/22/2002
1,NM,2.9272492466637967,-111.908511022063,20.31,Utah,20995000,1,153000,16244000,"Optum Bank, Inc.",Draper,57408,UT,40.5164850179648,07/21/2003
1,SM,1.1949670093115239,-97.1086099823511,12.61,Texas,651207,5,1886,587277,Worthington Bank,Arlington,57414,TX,32.736401987605,11/21/2002
1,N,0.6110905061341991,-84.4202550241818,7,Kentucky,1652652,23,2525,1495717,"Forcht Bank, National Association",Lexington,57415,KY,38.0288999797911,10/01/2002
1,SM,0.22981230827079083,-89.8955350415295,2.43,Tennessee,430166,10,246,382421,Patriot Bank,Millington,57416,TN,35.3549999861768,10/09/2002
1,NM,1.3121395138889893,-117.861903010803,14.38,California,3899410,10,12467,3390468,Commercial Bank of California,Irvine,57417,CA,33.657399012548,05/15/2003
1,SM,0.4491266542436406,-79.9905880074904,4.18,Virginia,189654,3,213,168152,Highlands Community Bank,Covington,57420,VA,37.7700539854216,09/16/2002
1,NM,1.7330747110607818,-82.0779349478325,19.25,Florida,1039540,8,4444,912022,Sanibel Captiva Community Bank,Sanibel,57425,FL,26.4365923108703,01/21/2003
1,SM,0.8602617715744311,-81.3655910274785,11.43,Florida,179329,1,396,153130,Commerce Bank & Trust,Winter Park,57429,FL,28.586283008841,02/03/2003
1,N,1.5083291434231763,-88.0989830606147,14.07,Illinois,2689580,10,9791,2260897,"State Bank of the Lakes, National Association",Antioch,5744,IL,42.4768768448741,01/01/1926
1,NM,1.5539642065314563,-117.916732978968,9.74,California,379100,7,1471,311254,American Continental Bank,City Of Industry,57444,CA,33.9921389911287,10/06/2003
1,NM,1.973442223719132,-111.861202470894,11.64,Utah,2651012,1,13004,2133810,Medallion Bank,Salt Lake City,57449,UT,40.6312468511198,12/22/2003
1,SM,1.293372472749383,-97.2092100033579,17.4,Texas,242914000,1,803000,219912000,"Charles Schwab Bank, SSB",Westlake,57450,TX,32.9962919899245,04/28/2003
1,NM,0.6819534573116734,-122.346298993726,6.47,Washington,1111947,9,1879,974771,Sound Community Bank,Seattle,57451,WA,47.6159520203322,01/01/1953
1,NM,1.2996093981711996,-118.306969999479,11.37,California,3395119,19,10845,2898675,PCB Bank,Los Angeles,57463,CA,34.0623109853185,09/18/2003
1,NM,1.8522485344198227,-86.778712443439,17.76,Tennessee,937413,6,4237,829628,First Commerce Bank,Lewisburg,57465,TN,35.457090225749,12/02/2002
1,NM,0.8410420470721979,-93.2409049818483,12.14,Minnesota,100432,1,209,92239,Community Bank Owatonna,Owatonna,57468,MN,44.0848080087848,01/13/2003
1,SB,-0.8446141386092793,-82.3549990087538,-1.01,Florida,34619,4,-73,500,Members Trust Company,Tampa,57470,FL,28.078074011988,10/30/2003
1,NM,0.5849112235826699,-86.2961530342214,8.86,Alabama,1166670,10,1649,1064707,Citizens Bank & Trust,Guntersville,57483,AL,34.3545280184385,03/03/2003
1,NM,0.9722834302117308,-89.242296027598,9.98,Illinois,1757504,14,4156,1542318,Foresight Bank,Winnebago,5749,IL,42.279415005948,01/06/1907
1,NM,0.10049075874854353,-97.9670537540023,1,Oklahoma,340690,6,87,299578,Bank of Commerce,Duncan,57491,OK,34.538113576104,12/16/2002
1,NM,1.6445077612140795,-97.8171360296277,14.28,Texas,275404,3,1163,241338,PrimeBank of Texas,Austin,57495,TX,30.2752489877284,05/09/2003
1,NM,0.9095359290002522,-76.5112014936801,9.27,New York,1414854,13,3219,1218951,Pathfinder Bank,Oswego,57497,NY,43.4557080378084,10/25/2002
1,N,1.304831270248274,-96.3507300318921,7.66,Iowa,605208,10,1970,442258,Liberty National Bank,Sioux City,57505,IA,42.4384950205863,03/17/2003
1,NM,1.4787050541573195,-121.912676990923,12.87,California,2572193,3,9491,2202730,Avidbank,San Jose,57510,CA,37.3683149820977,10/01/2003
1,NM,1.0566990483596823,-86.1327200038977,9.65,Indiana,965289,7,2507,791009,Community First Bank of Indiana,Kokomo,57511,IN,40.4862050155579,02/03/2003
1,SM,0.7305319748729635,-112.073197985102,9.01,Arizona,98766387,38,174873,83216785,Western Alliance Bank,Phoenix,57512,AZ,33.4479500043429,02/03/2003
1,NM,1.454347681679288,-96.8040670253355,16.78,Texas,915999,2,3503,817993,Tolleson Private Bank,Dallas,57522,TX,32.8379870079635,02/03/2003
1,NM,-0.03828262145287585,-90.155800008288,-0.54,Illinois,198429,6,-19,167254,Fidelity Bank,Savanna,5753,IL,42.093641982457,01/01/1920
1,NM,0.6786858342875421,-86.4550279855984,7.25,Alabama,655520,5,1098,562836,The Hometown Bank of Alabama,Oneonta,57540,AL,33.9681729925648,10/20/2003
1,NM,0.459416759159555,-115.09660796034,4.56,Nevada,16100274,1,18108,13591638,Toyota Financial Savings Bank,Henderson,57542,NV,36.0223110001638,08/16/2004
1,N,1.6492304606131598,-97.3691219637958,13.89,Texas,563285,1,2302,493105,"Trinity Bank, N.A.",Fort Worth,57543,TX,32.7302619920719,05/28/2003
1,SM,1.7943180957474598,-95.761083427705,16.75,Kansas,335781,3,1451,244912,Heritage Bank,Topeka,57548,KS,39.012641207787,04/14/2003
1,NM,1.0701648797855048,-86.8456410182852,10.62,Alabama,875139,6,2316,760182,Traditions Bank,Cullman,57554,AL,34.1774909916229,08/04/2003
1,N,1.0445180024855725,-111.887850888021,13.44,Utah,122261832,1,315418,108163032,"UBS Bank USA, National Association",Salt Lake City,57565,UT,40.767945130713,09/15/2003
1,NM,1.2056310059926953,-87.9888219702937,11.52,Alabama,197894,3,595,174545,PeoplesTrust Bank,Hamilton,57569,AL,34.1256430112411,07/23/2004
1,NM,1.7764196521175706,-111.908511022063,13.67,Utah,13310873,1,59816,10359788,Comenity Capital Bank,Draper,57570,UT,40.5164850179648,12/01/2003
1,NM,1.845439051661438,-111.891660965929,12.1,Utah,180667,1,850,144545,Continental Bank,Salt Lake City,57571,UT,40.769019984067,11/03/2003
1,NM,1.1284244350199057,-92.6500539819943,13.27,Missouri,420558,3,1194,375149,Heritage Bank of the Ozarks,Lebanon,57576,MO,37.6666430093658,09/22/2003
1,NM,1.7970972447195157,-82.3590730327922,17.2,Georgia,248727,2,1115,219934,Community Bank of Georgia,Baxley,57579,GA,31.7824539829895,05/11/2004
1,NM,1.1756351381283103,-118.25428898365,10.89,California,974262,3,2833,828311,Golden State Bank,Glendale,57585,CA,34.153978998845,12/01/2003
1,NM,0.8354682084528808,-104.85087503905,9.84,Colorado,452902,6,938,367171,Integrity Bank & Trust,Monument,57587,CO,39.0934769944723,08/11/2003
1,NM,2.159517220052472,-122.025282998581,16.06,California,2895001,10,15599,2476069,West Coast Community Bank,Santa Cruz,57591,CA,36.97739299246,02/03/2004
1,NM,0.902372600921199,-81.3037019880971,10.51,Florida,947978,9,2097,859597,Mainstreet Community Bank of Florida,Deland,57598,FL,29.0260230046818,10/24/2003
1,N,1.0149210441686598,-93.916921985297,10.25,Minnesota,885725,6,2292,785560,Falcon National Bank,Foley,57603,MN,45.6593289904573,07/01/2003
1,NM,0.8598817709508554,-105.003316963559,9.04,Colorado,3238793,15,6869,2849971,First Western Trust Bank,Denver,57607,CO,39.753319984187,03/17/2004
1,NM,1.136361522218398,-124.165430983606,11.17,California,543402,4,1527,484145,Redwood Capital Bank,Eureka,57610,CA,40.8027239939211,03/01/2004
1,NM,0.7024659347251663,-77.156803001257,6.12,Maryland,8250749,4,14198,7159909,Forbright Bank,Potomac,57614,MD,39.0410569911083,10/17/2003
1,NM,0.5004021088374587,-79.3876829926799,7.7,Pennsylvania,259706,5,329,239420,Clarion County Community Bank,Clarion,57624,PA,41.2159079831168,01/07/2004
1,NM,1.3691430727559395,-83.9696239605405,11.62,Michigan,484231,5,1651,424929,1st State Bank,Saginaw,57626,MI,43.4769179827892,04/12/2004
1,NM,0.8270906655064423,-85.785579041478,14.35,Tennessee,236574,4,480,220672,Homeland Community Bank,Mcminnville,57632,TN,35.6988479922055,11/24/2003
1,SI,1.0753177114121404,-122.327266038548,9.77,Washington,3203414,31,8602,2658034,1st Security Bank of Washington,Mountlake Terrace,57633,WA,47.7991759813387,04/01/2004
1,NM,1.3341654386121324,-87.2727706766357,12.56,Alabama,95134,2,318,84972,Bank of Walker County,Jasper,57640,AL,33.8493056483804,03/29/2004
1,NM,0.3618925810393672,-93.1230836702153,3.78,Minnesota,313092,2,278,282533,Gateway Bank,Mendota Heights,57644,MN,44.8850948572555,01/20/2004
1,NM,0.7185562136759267,-82.8317110346778,7.14,Tennessee,180818,3,323,151725,Heritage Community Bank,Greeneville,57656,TN,36.1650639894256,12/03/2003
1,SM,0.8636300541355172,-74.1808581511401,8.63,New York,643885,7,1361,533413,Empire State Bank,Staten Island,57672,NY,40.6045485616683,06/28/2004
1,NM,1.0845405925250327,-87.398644791636,10.31,Indiana,854676,20,2075,757324,The Fountain Trust Company,Covington,5768,IN,40.139576606517,01/01/1903
1,N,1.7972315642392045,-85.161775008385,10.74,Georgia,487606,4,2185,384822,"American Commerce Bank, National Association",Bremen,57686,GA,33.7071430095039,10/04/2004
1,N,0.32215018586121713,-84.5666150397466,5.16,Georgia,349174,6,290,323168,First National Bank of Decatur County,Bainbridge,57694,GA,30.9045429997633,04/05/2004
1,N,1.8908554418548635,-87.6819709724197,18.33,Illinois,2658605,8,12246,2260607,"Beverly Bank & Trust Company, National Association",Chicago,57701,IL,41.7066799810653,04/01/2004
1,N,1.3749338974087784,-96.8208170015462,10.98,Texas,1047405,2,3484,902125,"T Bank, National Association",Dallas,57703,TX,32.9722089799923,11/02/2004
1,NM,1.4270189974948024,-123.091843967834,12.98,Oregon,1350574,5,4688,1189782,Summit Bank,Eugene,57706,OR,44.0496059851952,02/23/2004
1,NM,1.3105424435032929,-73.8662597601611,14.94,New York,1411198,1,4449,1289469,Greene County Commercial Bank,Catskill,57710,NY,42.2206129795968,05/20/2004
1,SM,1.2855388588135948,-122.06373397357,10.12,California,2632362,34,8371,2267047,United Business Bank,Walnut Creek,57716,CA,37.9069680152028,07/20/2004
1,NM,0.787882274965235,-121.655759756293,6.8,California,627944,6,1318,546200,Pacific Valley Bank,Salinas,57740,CA,36.67627504872,09/14/2004
1,NM,0.6905678867615206,-107.880158297662,5.17,Colorado,646677,6,1131,484966,First Southwest Bank,Durango,57741,CO,37.27004202887,07/09/2004
1,SM,0.8459582533869824,-77.2928840375007,6.71,Virginia,2220487,7,4684,1921378,MainStreet Bank,Fairfax,57742,VA,38.8619039947455,05/26/2004
1,NM,1.6171597053666185,-87.6007700281221,13.65,Illinois,1562101,16,6337,1352439,Providence Bank & Trust,South Holland,57754,IL,41.6011280154815,09/20/2004
1,SM,1.105185253990493,-80.7678829602748,10,South Carolina,2346155,11,6425,2059588,Coastal States Bank,Hilton Head Island,57756,SC,32.1625760161144,08/09/2004
1,NM,0.45720944125812824,-75.391754814774,4.81,Pennsylvania,2575135,7,2935,2173674,Meridian Bank,Wayne,57777,PA,40.044102700645,07/08/2004
1,NM,1.2953999865651749,-83.390763356998,14.14,North Carolina,285744,3,916,258744,Nantahala Bank & Trust Company,Franklin,57784,NC,35.164691808245,10/04/2004
1,NM,1.0182272763932574,-93.2628311185459,12.22,Minnesota,208551,2,505,186874,Lakeview Bank,Lakeville,57785,MN,44.7133073744892,07/08/2004
1,NM,1.2208626064300006,-86.042068966684,17.02,Indiana,325598,4,984,300946,The Peoples Bank,Brownstown,5779,IN,38.8794670155642,01/01/1934
1,SM,1.1082546609345634,-111.89621602739,13.39,Utah,185664000,1,513000,156225000,Ally Bank,Sandy,57803,UT,40.5728360081896,08/02/2004
1,SB,0.3575600444457107,-73.925248256829,3.53,New York,852770,1,753,759760,Quontic Bank,Astoria,57807,NY,40.761993347328,03/14/2005
1,NM,1.6790239236365763,-90.4183584056247,15.08,Missouri,1571899,16,6499,1386573,Sterling Bank,Poplar Bluff,57813,MO,36.7670573519276,10/19/2004
1,NM,1.284942871087328,-80.3200549726934,12.17,Florida,5775714,6,18074,4826945,Banesco USA,Miami,57815,FL,25.8033310183339,01/10/2006
1,SM,1.9523577886633003,-86.822368999395,23.72,Tennessee,1370609,1,6798,1185840,Truxton Trust Company,Nashville,57825,TN,36.094617990821,08/30/2004
1,NM,2.5456322793226382,-115.306009024058,12.33,Nevada,13025805,10,87629,3670887,Beal Bank USA,Las Vegas,57833,NV,36.1934389947883,08/02/2004
1,NM,-0.22919352528291076,-73.9796717716286,-0.27,New York,3490,1,-2,500,Emigrant Mercantile Bank,New York,57834,NY,40.7536949733057,07/09/2004
1,NM,1.0365959745522988,-97.539022973524,10.75,Oklahoma,840668,6,2130,708491,Valliance Bank,Oklahoma City,57841,OK,35.5229540055259,10/20/2004
1,NM,3.1051495023666633,-108.606149968042,40.68,Colorado,828620,3,6397,745006,Timberline Bank,Grand Junction,57857,CO,39.0986099881579,10/25/2004
1,NM,0.8296287258946341,-86.9424447,5.92,Indiana,131393,5,272,112217,Spencer County Bank,Santa Claus,5786,IN,38.1137723000001,08/19/1927
1,NM,1.91906809001204,-85.3027029639588,16.5,Kentucky,277569,6,1313,240009,United Citizens Bank of Southern Kentucky,Columbia,57867,KY,37.0966269900541,12/06/2004
1,NM,0.6466200679364059,-83.2154880385918,7.38,Kentucky,345912,4,548,302006,"1st Trust Bank, Inc.",Hazard,57869,KY,37.2963150205539,12/13/2004
1,NM,0.15706998607903913,-122.653378985195,1.74,Oregon,403359,4,155,359925,Pacific West Bank,West Linn,57872,OR,45.3457950173625,11/05/2004
1,SM,1.1634305793740207,-118.298574014706,8.59,California,1990854,13,5814,1686692,Commonwealth Business Bank,Los Angeles,57873,CA,34.062257005862,03/03/2005
1,NM,0.9132497011330832,-89.8812569723843,10.79,Tennessee,892335,10,2033,782223,Paragon Bank,Memphis,57874,TN,35.1071870071381,01/19/2005
1,NM,0.976904270934832,-83.9226490091172,8.59,Georgia,205888,2,485,178811,Legacy State Bank,Loganville,57882,GA,33.8499620062532,03/15/2005
1,NM,-0.913739723327033,-90.36019104084,-6.75,Missouri,88989,3,-197,76223,Paramount Bank,Hazelwood,57884,MO,38.781432988486,12/30/2004
1,N,0.8877639405802831,-77.222397093299,9.06,Virginia,167705510,41,369496,135520708,"HSBC Bank USA, National Association",Tysons,57890,VA,38.922489690093,07/01/2004
1,NM,1.2674674608157048,-88.9322979603579,11.83,Illinois,282688,3,906,196049,SouthernTrust Bank,Marion,57897,IL,37.7353650181253,05/31/2005
1,NM,1.0472147786288506,-90.6546089940959,11.48,Missouri,206068,1,552,185268,1st Advantage Bank,Saint Peters,57899,MO,38.7977380113666,01/31/2005
1,NM,-1.6191743623996218,-96.89490497899,-12.23,Texas,285730,4,-1203,239737,One World Bank,Dallas,57901,TX,32.8814920191101,04/04/2005
1,NM,1.2851806667687375,-122.71322820462,14.16,California,7796215,42,24710,6015080,Poppy Bank,Santa Rosa,57903,CA,38.437869757618,01/28/2005
1,NM,0.7634252438816272,-93.6139190353518,8.31,Iowa,138416,1,274,116641,First State Bank,Belmond,5791,IA,42.8457020003561,07/01/1933
1,NM,1.5032196769766704,-92.535995977249,14.1,Iowa,72225,1,267,61423,First State Bank,Nashua,57910,IA,42.9515410042142,02/21/2005
1,NM,1.2392971703275886,-94.7664902252714,11.45,Oklahoma,239560,2,736,213056,Bank of Grand Lake,Grove,57915,OK,36.5784723840727,06/09/2005
1,NM,1.1923851412802455,-73.9529429720496,9.75,New Jersey,14200455,57,42023,11566509,ConnectOne Bank,Englewood Cliffs,57919,NJ,40.8725139828736,01/15/2005
1,NM,1.6646699035248125,-94.9762939638348,22.09,Iowa,106197,1,429,85757,Breda Savings Bank,Breda,5792,IA,42.1813560007984,01/01/1890
1,NM,3.594912208973027,-111.892632009412,36.07,Utah,1059474,1,9584,945637,Prime Alliance Bank,Woods Cross,57920,UT,40.8717200070953,12/08/2004
1,NM,1.2484542400663392,-96.791582012918,7.56,Texas,816643,12,2582,671187,Harmony Bank,Dallas,57922,TX,32.816021979235,03/04/2005
1,NM,1.3122013396235037,-83.825731996366,14.58,Georgia,789280,3,2584,713478,Peach State Bank & Trust,Gainesville,57923,GA,34.300999005465,04/27/2005
1,SM,1.0712560171115657,-80.105921737899,12.57,Florida,606938,9,1577,477059,Anchor Bank,Palm Beach Gardens,57931,FL,26.837775133009,03/22/2005
1,NM,0.5331377377272489,-115.180472002914,5.33,Nevada,250405,3,318,221597,Valley Bank of Nevada,North Las Vegas,57933,NV,36.2760299939085,08/01/2005
1,NM,1.1568753301232797,-118.260802979703,12.14,California,2699382,17,7737,2328101,Open Bank,Los Angeles,57944,CA,34.05085099584,06/10/2005
1,NM,0.8670120073524147,-111.080700015221,8.47,Montana,110709,1,227,98196,Bank of Bozeman,Bozeman,57952,MT,45.6703359799787,04/15/2005
1,SM,1.325783408936858,-94.175278225064,14.57,Arkansas,1221577,10,3973,1100692,Legacy Bank,Springdale,57953,AR,36.174691988237,03/28/2005
1,N,0.9419561425799268,-71.4107620303569,7.98,Rhode Island,227134099,977,533380,186851400,"Citizens Bank, National Association",Providence,57957,RI,41.8273839968384,05/13/2005
1,NM,0.9851167986332424,-93.8083429792003,10.57,Iowa,383147,9,937,345721,Earlham Savings Bank,West Des Moines,5796,IA,41.5938140086801,01/01/1931
1,NM,1.3064180427189855,-75.648172830999,16.21,Pennsylvania,810963,3,2659,722623,First Resource Bank,Exton,57967,PA,40.055257761877,05/02/2005
1,SM,0.9470368573237887,-76.868394034388,8.33,Virginia,4238557,28,9788,3431394,Primis Bank,Tappahannock,57968,VA,37.901971017896,04/14/2005
1,NM,0.8921220017552908,-93.2219779739259,9.29,Iowa,221409,8,493,188967,Farmers State Bank,Northwood,5797,IA,43.4450330135622,11/15/1921
1,N,1.3109117283618976,-117.954662148312,9.36,California,95231,1,305,80882,"California International Bank, N.A.",Westminster,57974,CA,33.736290986691,11/30/2005
1,NM,0.8745884659158227,-83.611699009133,8.97,Michigan,286693,3,609,257745,Huron Valley State Bank,Milford,57990,MI,42.581593008983,08/15/2005
1,NM,1.8571874303543572,-86.7884440006634,17.45,Alabama,18170078,33,83332,14511649,ServisFirst Bank,Birmingham,57993,AL,33.4864379854344,05/02/2005
1,NM,1.5045100027375062,-87.5386329682258,16.06,Alabama,2915023,19,10930,2356588,Bryant Bank,Tuscaloosa,57997,AL,33.2321999842451,06/10/2005
1,NM,1.1284225926047329,-87.492257993432,7.62,Alabama,1452054,20,4088,1200532,United Bank,Atmore,58,AL,31.023666984878,01/04/1904
1,N,1.681212828242631,-96.1733419709715,16.15,Iowa,546511,2,2313,436546,"American Bank, National Association",Le Mars,5800,IA,42.7896649962243,01/01/1887
1,NM,1.799867899603699,-114.189144984907,14.7,Montana,147028,1,654,129167,Freedom Bank,Columbia Falls,58010,MT,48.3704489927601,04/12/2005
1,NM,0.9905715368249249,-90.3921499803626,11.54,Missouri,1177177,2,2719,1063965,St. Louis Bank,Saint Louis,58018,MO,38.6353670100846,06/06/2005
1,SM,0.8246636636335363,-105.076473963017,4.45,Colorado,207082,1,411,161176,Verus Bank of Commerce,Fort Collins,58025,CO,40.5366629830267,06/27/2005
1,NM,1.2692772735870832,-81.377013968945,14.4,Florida,599794,4,1904,527936,Sunrise Bank,Orlando,58029,FL,28.5405259898587,08/01/2005
1,SM,1.9837626030747413,-80.075963642484,28.7,Florida,444871,3,2182,413051,Paradise Bank,Boca Raton,58030,FL,26.384608543657,07/25/2005
1,NM,0.7304021715544383,-117.789929033159,5.13,California,122227,1,223,100377,California Business Bank,Irvine,58037,CA,33.7193859944676,11/01/2005
1,NM,0.6740650860147437,-93.113729214814,7.8,Minnesota,866895,8,1427,688396,First Resource Bank,Lino Lakes,58039,MN,45.177551109892,06/27/2005
1,NM,0.4961626201643846,-85.490367212378,5.67,Kentucky,495100,4,606,348375,"Eclipse Bank, Inc.",Louisville,58049,KY,38.272853632906,10/14/2005
1,NM,0.9631570837387292,-74.2146740174921,9.62,New Jersey,1820457,11,4352,1342105,First Commerce Bank,Lakewood,58054,NJ,40.0845720013997,01/30/2006
1,NM,0.806932764500372,-93.5235199581476,9.81,Minnesota,2675658,4,5366,2091573,Tradition Capital Bank,Wayzata,58057,MN,44.9702909937921,07/01/2005
1,NM,2.2593797861934504,-117.888263006643,8.64,California,1141218,5,6430,811904,First General Bank,Rowland Heights,58060,CA,33.9871810115814,10/13/2005
1,NM,2.4167572296743263,-93.3336550152552,24.22,Minnesota,252544,1,1540,185822,VisionBank,Saint Louis Park,58063,MN,44.9464899929922,09/12/2005
1,NM,1.0737296109995975,-122.400521273911,9.58,California,767510,2,2014,670003,Bank of San Francisco,San Francisco,58069,CA,37.793009461739,08/01/2005
1,NM,2.0157701273741058,-84.2250479591196,22.01,Georgia,351829,2,1724,303900,Flint Community Bank,Albany,58074,GA,31.6101060023578,02/03/2006
1,NM,1.8246086323775996,-85.5114840182995,19.34,Tennessee,176704,3,793,158348,Putnam 1st Mercantile Bank,Cookeville,58079,TN,36.1538780043618,11/28/2005
1,SI,0.7608818782476836,-97.739578028088,8.03,Texas,422410,15,848,336338,Austin Capital Bank SSB,Austin,58082,TX,30.366153996608,01/09/2006
1,NM,-0.25883674430993103,-86.7221889955561,-3.34,Alabama,1444006,11,-973,1318742,SouthPoint Bank,Birmingham,58088,AL,33.4381839974961,10/11/2005
1,NM,1.243091950021153,-119.805616987779,9.66,California,1571464,3,4896,1345950,FFB Bank,Fresno,58090,CA,36.8492189826673,12/23/2005
1,NM,0.6503733270421403,-116.09432601188,6.85,Idaho,1371673,9,2295,1226018,Idaho First Bank,Mccall,58095,ID,44.8980119986916,10/03/2005
1,SM,1.7302515125471694,-85.8265310682096,21.45,Alabama,439752,6,1900,399484,NobleBank & Trust,Anniston,58111,AL,33.6638849123527,10/11/2005
1,NM,0.9271990152176071,-82.7390370251327,7.33,Florida,761702,7,1739,660920,Flagship Bank,Clearwater,58113,FL,28.0429260097644,01/23/2006
1,NM,0.8594094113720365,-89.9845689581635,12.18,Illinois,549049,4,1178,444693,Bank of Belleville,Belleville,58114,IL,38.5111369791027,11/04/2005
1,SM,1.4651079704115044,-93.280690020547,14.37,Missouri,3135122,27,11308,2744392,Oakstar Bank,Springfield,58115,MO,37.159135996904,10/24/2005
1,NM,1.4549601717773455,-90.4091120187236,13.77,Missouri,1002435,2,3604,801227,Triad Bank,Frontenac,58121,MO,38.6339500074433,10/24/2005
1,NM,2.1819150481910206,-94.932635637605,19.25,Iowa,166950,1,901,142962,Audubon State Bank,Audubon,5814,IA,41.720742148516,01/01/1876
1,N,2.3305873594555506,-73.5545867860606,21.09,New York,2405103,3,13841,2120730,"Esquire Bank, National Association",Jericho,58140,NY,40.7846457707856,10/12/2006
1,NM,0.4799497195531897,-111.891619978422,3.39,Utah,360510,1,441,299254,Milestone Bank,Salt Lake City,58148,UT,40.762401004677,01/26/2006
1,N,-0.8022394170662327,-87.8300439975364,-5.66,Illinois,204957,1,-398,163191,"SmartBiz Bank, National Association",Northbrook,58158,IL,42.1460039830515,04/14/2006
1,NM,1.3762069607388743,-84.5533690343394,12.62,Kentucky,399363,4,1377,341348,"Bank of Lexington, Inc.",Lexington,58164,KY,38.013713982894,02/06/2006
1,NM,1.437368156264014,-87.8332729580967,13.63,Illinois,1028368,5,3682,904706,Belmont Bank & Trust Company,Chicago,58165,IL,41.9378350171902,06/14/2006
1,NM,1.1439717237223808,-93.098518994217,21.56,Iowa,403464,2,1151,337227,Hardin County Savings Bank,Eldora,5817,IA,42.3608940198835,01/01/1868
1,NM,4.3135306824934165,-111.893476989071,43.2,Utah,29457314,1,319156,20817258,Sallie Mae Bank,Salt Lake City,58177,UT,40.7655189888391,11/28/2005
1,NM,1.9156201094750105,-84.285324068873,18.08,Georgia,4633553,27,22382,3658600,Metro City Bank,Doraville,58181,GA,33.891969213212,04/04/2006
1,NM,1.9002225094161402,-64.88969,34.76,U.S. Virgin Islands,526107,2,2404,413210,Merchants Commercial Bank,St Thomas,58184,VI,18.3365700000001,10/30/2006
1,N,4.527287518126834,-75.5505430212014,4.63,Delaware,56652,1,640,499,"HSBC Trust Company (Delaware), National Association",Wilmington,58188,DE,39.7465370128614,07/01/2005
1,NM,1.5886765931713058,-91.8022809698257,9.34,Iowa,61524,4,243,47850,State Central Bank,Bonaparte,5820,IA,40.6981589974361,03/17/1858
1,SM,0.9579698950660311,-86.2241649749801,8.11,Tennessee,423716,5,1017,367000,First Vision Bank of Tennessee,Tullahoma,58201,TN,35.3749790067668,11/28/2005
1,NM,0.42512250240529836,-73.8204761286361,2.98,New York,614270,7,665,514893,NewBank,Flushing,58203,NY,40.7651866044687,09/29/2006
1,NM,2.4120644286586006,-86.3407829805933,19.96,Tennessee,781115,6,4699,676680,First Freedom Bank,Lebanon,58208,TN,36.2194800173023,04/03/2006
1,NM,1.984083610490868,-92.7824169736274,18.89,Iowa,390115,7,1906,312170,First State Bank,Lynnville,5821,IA,41.5777230176971,01/01/1912
1,NM,1.4238186686862675,-93.3366699858274,12.68,Minnesota,5323177,10,19082,4326053,Bridgewater Bank,Saint Louis Park,58210,MN,44.9350310093421,11/02/2005
1,NM,0.6959508315256688,-87.8494030087485,6.03,Illinois,174687,2,308,132360,Town Center Bank,Frankfort,58214,IL,41.5238909989241,09/18/2006
1,N,0.5847953216374269,-88.0762560330686,0.67,Illinois,8213,1,12,1000,BMO Harris Central National Association,Roselle,58216,IL,41.9841260053144,05/28/2005
1,SM,0.41675774730180004,-117.988540994929,4.54,California,489849,5,510,409799,First Pacific Bank,Whittier,58218,CA,33.942807006623,09/18/2006
1,NM,1.5473549840071057,-87.0462109926372,19.84,Tennessee,417914,5,1594,373664,Heritage Bank & Trust,Columbia,58220,TN,35.5895270200398,03/06/2006
1,N,8.28346911143185,-111.881027432103,68.77,Utah,1388684,1,23179,1184551,Column National Association,Salt Lake City,58224,UT,40.760408961568,03/28/2006
1,NM,1.2339693616169796,-91.185555705421,10.46,Louisiana,8903421,63,26394,7470898,b1BANK,Baton Rouge,58228,LA,30.450309394137,02/01/2006
1,NM,2.315243064598694,-118.109837024524,17.94,California,450670,3,2578,366529,Pacific Alliance Bank,San Gabriel,58234,CA,34.1029770039501,12/27/2006
1,NM,1.7604666465365422,-77.850333656115,13.95,North Carolina,1459963,10,6304,1245742,Providence Bank,Rocky Mount,58239,NC,35.969907886335,03/14/2006
1,SM,1.123814813413348,-77.3359845380001,9.22,Virginia,2348668,8,6571,1992852,John Marshall Bank,Reston,58243,VA,38.9522149362379,04/17/2006
1,NM,1.5211510728601867,-86.4025389991712,17.19,Alabama,3915224,25,14646,3451620,River Bank & Trust,Prattville,58255,AL,32.456756007139,04/03/2006
1,NM,2.016184078594932,-73.4718440256416,21.31,Connecticut,860651,2,4283,716575,DR Bank,Darien,58257,CT,41.0759990155119,04/24/2006
1,N,0.922150146079922,-85.5868310414193,10.23,Michigan,982437,7,2269,760438,First National Bank of Michigan,Kalamazoo,58259,MI,42.292097998919,04/12/2006
1,N,1.3114107094794385,-96.5670525359768,11.64,Kansas,1600806,28,5250,1330621,Landmark National Bank,Manhattan,5826,KS,39.1789999833233,05/02/1919
1,NM,0.23182442197840408,-73.997463618404,1.77,New York,279566,3,160,203943,Global Bank,New York,58263,NY,40.7137398238823,03/12/2007
1,NM,1.5809639285554005,-87.8641399870925,14.25,Illinois,1950418,3,7794,1714210,Signature Bank,Rosemont,58264,IL,41.9810179956169,08/04/2006
1,NM,0.6302795258209279,-121.645368962384,8.06,California,764212,5,1201,670456,River Valley Community Bank,Yuba City,58276,CA,39.1421730020745,06/26/2006
1,NM,0.9892946144675785,-121.853776016205,12.25,California,577734,5,1446,525767,Golden Valley Bank,Chico,58278,CA,39.7520010079034,04/24/2006
1,NM,1.2067290630858625,-119.702141973983,11.84,California,1422849,9,4208,1268061,American Riviera Bank,Santa Barbara,58281,CA,34.4231250111121,07/18/2006
1,NM,2.2476985287791447,-114.121718022098,21.15,Montana,177918,1,1045,156143,Eagle Bank,Polson,58282,MT,47.6885779843147,07/25/2006
1,NM,1.6779165950762132,-85.1767229592319,18.5,Georgia,416865,2,1709,375717,River City Bank,Rome,58289,GA,34.2554599997846,05/23/2006
1,NM,1.9073894701083838,-117.214617997974,17.62,California,2693463,7,12465,2375837,CalPrivate Bank,La Jolla,58291,CA,32.877005982621,12/18/2006
1,NM,0.5746872904899384,-121.570364004732,4.93,California,945774,4,1319,823506,Pinnacle Bank,Gilroy,58297,CA,37.0096180154987,07/17/2006
1,NM,1.9966501069972906,-95.5362409704999,11.38,Kansas,106009,2,526,81192,Citizens State Bank and Trust Company,Hiawatha,5830,KS,39.8533339844334,01/01/1907
1,NM,1.3566023712878317,-93.4185409794648,18.54,Missouri,541895,7,1839,478264,Table Rock Community Bank,Kimberling City,58300,MO,36.6453140166799,08/28/2006
1,SB,3.0591104326361354,-93.269488026048,50.4,Minnesota,25514060,2,194362,23776997,"Ameriprise Bank, FSB",Minneapolis,58303,MN,44.972425864531,09/14/2006
1,NM,0.7931073656059828,-73.5941820096197,8.74,Connecticut,806830,3,1597,651947,The First Bank of Greenwich,Cos Cob,58307,CT,41.0408029849831,12/20/2006
1,NM,1.47009770154838,-96.2904710212212,6.69,Texas,2826945,31,10324,2172736,American Momentum Bank,College Station,58309,TX,30.650201984984,10/25/2006
1,NM,1.0145307313664438,-117.960117961261,10.03,California,1563129,11,3949,1362873,US Metro Bank,Garden Grove,58310,CA,33.772896986349,09/15/2006
1,NM,0.524404337398173,-75.1510009985189,6.64,Delaware,419580,4,557,357260,Community Bank Delaware,Lewes,58311,DE,38.7437940103671,05/30/2006
1,N,1.2845112315883742,-87.9801410008129,14.74,Illinois,3321035,16,10589,2888372,"Old Plank Trail Community Bank, National Association",New Lenox,58314,IL,41.5155269911119,03/16/2006
1,N,1.5813019116810612,-91.114192768519,14.09,Louisiana,3865992,38,13230,3236715,"Investar Bank, National Association",Baton Rouge,58316,LA,30.397279649227,06/14/2006
1,NM,1.6223014406772311,-117.406962643101,15.72,Washington,283745,3,1169,250513,RiverBank,Spokane,58322,WA,47.6599754102807,05/22/2006
1,NM,1.2765327328523357,-95.539120992431,10.38,Texas,200266,4,625,174876,Lone Star Bank,Houston,58324,TX,29.7393339871146,08/23/2006
1,NM,1.4504292500878273,-122.201578981337,12.56,Washington,871507,6,3081,686291,Mountain Pacific Bank,Everett,58341,WA,47.9677019817604,07/24/2006
1,NM,0.6175966452500088,-87.873057242424,6.39,Illinois,835398,3,1271,678743,Millennium Bank,Des Plaines,58348,IL,42.038514959644,07/02/2007
1,NM,1.8090550987730725,-99.8892330191514,17.75,Kansas,498476,5,2302,430733,The First State Bank,Norton,5835,KS,39.8294020163964,04/21/1902
1,NM,1.2062360600964037,-86.25607999333,10.96,Alabama,402890,3,1204,345280,Southern Independent Bank,Opp,58357,AL,31.2881579814889,12/04/2006
1,NM,0.04522735741176168,-96.1969090328537,0.35,Nebraska,191973,3,22,153590,United Republic Bank,Elkhorn,58359,NE,41.2579330016197,12/11/2006
1,NM,0.4226107631639991,-75.1394613832401,5.01,Pennsylvania,553030,2,583,447121,Hyperion Bank,Philadelphia,58371,PA,39.969544357438,11/20/2006
1,NM,0.71528796142931,-82.3528779681553,8.37,Florida,389728,4,678,319475,Central Bank,Tampa,58377,FL,28.1697540116355,02/26/2007
1,NM,1.1753698614116133,-83.6767347528858,15.18,Kentucky,68593,2,201,62040,Farmers State Bank,Booneville,5838,KY,37.4759539085544,01/02/1931
1,SM,1.9618789801850576,-106.334571561932,21.71,Wyoming,568499,4,2763,511521,Jonah Bank of Wyoming,Casper,58396,WY,42.848787295096,07/31/2006
1,NM,0.8951234501663236,-118.103486978497,6.38,California,515129,4,1147,437435,Mega Bank,San Gabriel,58401,CA,34.0798750119656,02/05/2008
1,N,0.25222014281581107,-112.027206985293,2.25,Arizona,525083,2,328,384759,"Goldwater Bank, N.A.",Phoenix,58405,AZ,33.5086989791639,04/02/2007
1,SM,-0.13420004193751311,-122.312303000275,-1.92,Washington,401831,4,-136,331992,UniBank,Lynnwood,58407,WA,47.8234949837548,11/01/2006
1,NM,0.5506141238129098,-73.972137027407,4.4,New Jersey,8708837,2,11540,6726577,Cross River Bank,Fort Lee,58410,NJ,40.857130634066,06/23/2008
1,N,1.5521855881785545,-84.0812669713429,14.7,Georgia,232778,1,875,204329,Embassy National Bank,Lawrenceville,58413,GA,33.9850979829138,03/05/2007
1,NM,1.1413737248044968,-94.2639591555222,20.44,Missouri,136830,1,399,128421,Community Bank of Pleasant Hill,Pleasant Hill,58423,MO,38.8173189047393,12/04/2006
1,NM,0.617511621943366,-73.9207814419273,6.13,New York,1548229,13,2390,1291838,Alma Bank,Astoria,58424,NY,40.7673681204987,09/12/2007
1,N,-2.3626423336909177,-112.358636992219,-25.33,Arizona,76471,3,-457,68950,West Valley National Bank,Goodyear,58426,AZ,33.4750750164851,12/22/2006
1,N,1.2400221349090585,-83.7026119808213,12.21,Ohio,1717591,4,5308,1497479,"Waterford Bank, N.A.",Toledo,58433,OH,41.6888450093981,08/29/2007
1,NM,2.4791360258339243,-115.291382016284,8.93,Nevada,305817,2,1831,220778,First Security Bank of Nevada,Las Vegas,58443,NV,36.0866310010136,01/30/2007
1,SM,0.9626788088226238,-122.439153800923,10.96,Washington,697257,6,1661,623547,Commencement Bank,Tacoma,58446,WA,47.250768927508,12/11/2006
1,N,0.2543706597338192,-95.2327380400303,2.19,Texas,190494,2,119,167789,"Texas Advantage Community Bank, National Association",Alvin,58450,TX,29.4064790147387,12/18/2006
1,SM,0.7070862709218864,-79.99928,10.1,Pennsylvania,23247121,2,41175,21368793,TriState Capital Bank,Pittsburgh,58457,PA,40.438306,01/22/2007
1,SM,1.0419063046629868,-83.5762950235867,9.6,Tennessee,5900269,43,15308,5200942,SmartBank,Pigeon Forge,58463,TN,35.8110919854655,01/08/2007
1,N,1.6337331770137382,-118.053013001593,9.94,California,890687,4,3590,716600,"American Plus Bank, N.A.",Arcadia,58469,CA,34.1246230174436,08/08/2007
1,NM,1.9144729996878576,-85.5434749766921,23.85,Kentucky,120298,2,575,110196,"Peoples Bank, Mt. Washington",Mount Washington,5847,KY,38.0484039979281,01/01/1909
1,NM,1.309547851452934,-78.4928829774693,16.45,Pennsylvania,452917,7,1459,414900,Hometown Bank of Pennsylvania,Bedford,58470,PA,40.018509989613,04/09/2007
1,NM,1.2962472550082096,-81.961807032098,16.5,Florida,1251302,6,3977,1145710,Bank of Central Florida,Lakeland,58479,FL,27.9739859877033,03/19/2007
1,NM,0.7714664370227207,-74.663184962544,6.85,New Jersey,3970761,26,7646,3227440,First Bank,Hamilton,58481,NJ,40.203703991232,04/23/2007
1,NM,2.7980934126904065,-113.994464973917,29.21,Montana,349305,1,2219,318948,Bank of Montana,Missoula,58482,MT,46.8692140080357,11/26/2007
1,SM,1.494601601518844,-96.829488,13.78,Texas,1495075,3,5672,1305146,Pegasus Bank,Dallas,58483,TX,32.836687,01/24/2007
1,NM,2.596906162494729,-96.2521050387305,27.16,Texas,510715,5,3210,459520,Austin County State Bank,Bellville,58484,TX,29.9425880145014,06/26/2007
1,NM,-0.3442506925316247,-122.266367656303,-3.67,California,1973803,9,-1703,1655342,Beneficial State Bank,Oakland,58490,CA,37.810184190893,06/27/2007
1,N,1.0660829006369876,-78.49333048728,9.2,Virginia,1620643,6,4305,1323395,Old Dominion National Bank,Charlottesville,58504,VA,38.031695847414,07/23/2007
1,NM,1.350704781080695,-104.78524096533,11.43,Colorado,382764,6,1288,325707,First FarmBank,Greeley,58508,CO,40.3883279815262,02/12/2007
1,NM,1.7561150951221003,-97.288648444289,18.35,Texas,1054639,11,4568,894894,Frontier Bank of Texas,Elgin,58509,TX,30.2991597265573,06/11/2007
1,NM,1.339653927492016,-92.951091962378,15.9,Minnesota,708018,2,2347,569885,Platinum Bank,Oakdale,58511,MN,44.9622379964973,02/12/2007
1,NM,1.1431836659829668,-74.669495026893,9.69,New Jersey,2253363,36,6482,1947004,The Bank of Princeton,Princeton,58513,NJ,40.35585598571,04/23/2007
1,NM,1.0873251750447819,-97.7623410139989,12.19,Texas,200090,2,541,180651,The Community Bank,Bridgeport,58517,TX,33.2239720147215,06/06/2007
1,N,1.7087905539818304,-105.053574016808,24.91,Colorado,1611204,1,6757,1233314,Solera National Bank,Lakewood,58534,CO,39.7109319873671,09/10/2007
1,SB,0.5462510218599335,-92.522388041263,3.58,Minnesota,2272510,9,3037,1906809,Think Mutual Bank,Rochester,58536,MN,44.074776002241,07/01/2007
1,NM,1.26205196291686,-82.186637838458,10.96,Florida,438806,6,1370,366852,BankFlorida,Dade City,58537,FL,28.339378628107,08/27/2007
1,NM,1.3634766399395681,-85.9114260254015,14.78,Kentucky,2166977,27,7256,1884857,"South Central Bank,  Inc.",Glasgow,5854,KY,36.9938140208804,01/01/1908
1,NM,1.2354402285347679,-87.631037164308,8.41,Illinois,463108,1,1425,366403,Gold Coast Bank,Chicago,58556,IL,41.903639534443,06/04/2007
1,SM,1.1921774212649714,-79.2453450333538,14.79,Virginia,500384,6,1510,456740,Select Bank,Forest,58563,VA,37.3753960139004,06/04/2007
1,NM,0.5668631362763988,-83.7071129790075,4.33,Georgia,810680,8,1122,682121,American Pride Bank,Macon,58584,GA,32.8156820092423,12/12/2007
1,NM,1.8353194111246574,-99.749613882553,15.48,North Dakota,111431,1,525,97586,Turtle Mountain State Bank,Belcourt,58586,ND,48.837639509685,12/03/2007
1,NM,1.1887440048526314,-117.671497016061,12.06,California,614543,2,1972,482189,Partners Bank of California,Mission Viejo,58588,CA,33.5672969899919,11/16/2007
1,SM,-0.10471041170911494,-117.748575991834,-1.78,California,859584,1,-227,789703,Nano Banc,Irvine,58590,CA,33.6588860040805,09/17/2007
1,N,1.7882467097955896,-77.1776807295055,20.06,Virginia,1918524,1,8201,1741419,"Chain Bridge Bank, National Association",Mclean,58595,VA,38.9323475206887,08/06/2007
1,SM,7.125861321680982,-79.872932992816,77.85,Virginia,4778484,66,85595,4237075,Carter Bank & Trust,Martinsville,58596,VA,36.694628860194,12/30/2006
1,NM,0.9906458657242427,-88.1585990116739,8.23,Illinois,244442,2,630,191336,PeopleFirst Bank,Joliet,58597,IL,41.5505869833522,01/08/2007
1,NM,0.7014675921972405,-93.2974420084141,8.41,Minnesota,331168,1,575,272720,Reliance Bank,Faribault,58602,MN,44.317462986483,08/13/2007
1,NM,1.6694537499186974,-90.055688149322,15.77,Missouri,787128,5,3433,641430,MRV Banks,Sainte Genevieve,58619,MO,37.968327821218,07/16/2007
1,NM,0.6571103970964753,-115.290589004425,5.03,Nevada,1389768,2,2255,1186172,GBank,Las Vegas,58626,NV,36.0833310038239,09/24/2007
1,NM,1.1950550830010946,-87.024013063649,13.51,Alabama,199440,5,595,181069,First Cahawba Bank,Selma,58636,AL,32.4344126101279,09/10/2007
1,NM,1.9499738060705905,-81.3624739653256,21.96,Florida,307036,1,1447,279718,First Colony Bank of Florida,Maitland,58644,FL,28.6334610118686,01/28/2008
1,NM,1.4441251042525503,-84.1414799653652,17.78,Georgia,840411,10,3028,762071,PromiseOne Bank,Duluth,58657,GA,33.964568983747,11/06/2008
1,SM,1.2458292151595238,-77.5316220137904,5.9,Virginia,345170,2,1073,239394,"Locus Bank, Inc.",Richmond,58658,VA,37.6302860014282,08/20/2008
1,NM,0.8886792544404991,-77.9026150228002,11.66,North Carolina,15229819,1,33645,13966734,Live Oak Banking Company,Wilmington,58665,NC,34.2008109969091,05/12/2008
1,NM,1.4366113498271451,-73.9203459182383,10.15,New York,646922,2,2164,558385,Spring Bank,Bronx,58668,NY,40.8355791684406,10/26/2007
1,NM,1.3295985397890187,-75.1055440097607,11.99,Maryland,661276,6,2209,583270,Bank of Ocean City,Ocean City,5867,MD,38.33688198977,01/01/1916
1,NM,0.42231091462390463,-73.6697452858415,4.42,New York,2369373,10,2508,2051549,Hanover Community Bank,Garden City Park,58675,NY,40.7381212714771,01/21/2009
1,NM,1.4783785036685533,-111.6852560135,14.27,Arizona,246642,1,877,204891,Gateway Commercial Bank,Mesa,58678,AZ,33.3366400065537,12/03/2007
1,NM,0.5954022686577619,-97.4078010103702,6.16,Oklahoma,114037,3,170,100846,Great Nations Bank,Norman,58680,OK,35.2177829925054,09/28/2009
1,N,0.1282988108243681,-84.2541200035504,1.02,Georgia,410939,1,133,351404,Touchmark National Bank,Alpharetta,58687,GA,34.0642449837477,01/28/2008
1,NM,1.045914785403373,-78.8721439795904,12.29,South Carolina,1929221,12,5028,1596546,South Atlantic Bank,Myrtle Beach,58689,SC,33.7156959873232,11/28/2007
1,NM,2.166914877704579,-80.876183603367,20.32,North Carolina,623330,3,3332,549646,BlueHarbor Bank,Mooresville,58691,NC,35.588357283542,01/08/2008
1,NM,1.360183269817483,-81.233467003905,17.64,Florida,565225,3,1897,501772,Intracoastal Bank,Palm Coast,58692,FL,29.5541419971521,06/16/2008
1,NM,0.6278279161659842,-84.25277303171,6.6,Florida,956408,1,6067,853840,Prime Meridian Bank,Tallahassee,58694,FL,30.504367011834,02/04/2008
1,SM,1.217315393462386,-77.3377843002499,10.46,Virginia,2330933,8,7028,2037228,FVCbank,Fairfax,58696,VA,38.8555074710657,11/27/2007
1,NM,0.7853572584415116,-74.0714550363233,8.16,New Jersey,856060,5,1638,730029,Freedom Bank,Maywood,58712,NJ,40.891747014081,04/17/2008
1,SM,1.2233957476855417,-95.26467820409,10.21,Texas,6575390,23,18214,5718738,Third Coast Bank,Humble,58716,TX,30.008709914986,02/25/2008
1,NM,1.4827824665082117,-115.286692173819,10.85,Nevada,1452569,1,5323,1073140,Meadows Bank,Las Vegas,58722,NV,36.090747437482,03/26/2008
1,N,1.7275276633224332,-103.23140601778,17.69,South Dakota,495893,2,2133,443754,"Black Hills Community Bank, N.A.",Rapid City,58723,SD,44.0777139850323,11/27/2007
1,NM,0.8317476171205689,-96.6638760066889,8.7,Nebraska,238697,2,483,199805,Nebraska Bank of Commerce,Lincoln,58724,NE,40.751955015935,12/03/2007
1,NM,1.2615044790771874,-96.0484599955606,11.2,Nebraska,1002243,6,3084,805531,Access Bank,Omaha,58727,NE,41.2637339910789,12/10/2007
1,NM,1.1560493720412444,-77.3149639821215,16.54,Maryland,469634,5,1337,433306,Woodsboro Bank,Woodsboro,5873,MD,39.5354270048139,05/01/1899
1,NM,1.8595839253834665,-102.620111975176,14.96,Colorado,212212,2,957,186715,Community State Bank,Lamar,58732,CO,38.0969270030488,07/15/2008
1,NM,1.032260722339742,-96.8253390383093,12.29,Texas,1370351,4,3508,1118740,Texas Security Bank,Dallas,58739,TX,32.7942129796344,05/05/2008
1,NM,1.551408072555302,-75.2195209615023,12.09,Maryland,993460,12,3839,858715,"Calvin B. Taylor Banking Company of Berlin, Maryland",Berlin,5874,MD,38.3251829903224,01/01/1890
1,SM,-0.4043098840310839,-73.624614269298,-6.82,Connecticut,943648,2,-954,816007,Fieldpoint Private Bank & Trust,Greenwich,58741,CT,41.028240733327,04/30/2008
1,NM,1.7701253053083135,-106.742693971257,13.8,New Mexico,174651,3,751,149045,"First New Mexico Bank, Las Cruces",Las Cruces,58745,NM,32.3156830027307,01/14/2008
1,NM,1.3749486641789368,-116.215497989308,8.92,Idaho,1461121,6,5047,1120397,Northwest Bank,Boise,58752,ID,43.6201999958699,03/31/2008
1,N,1.3162979999974822,-95.2392709791843,7.54,Texas,392831,1,1307,311994,The MINT National Bank,Kingwood,58764,TX,30.0504830153894,01/05/2009
1,NM,1.528192658556027,-99.1413169722731,15.28,Texas,253426,2,949,226961,Guadalupe Bank,Kerrville,58768,TX,30.03169598525,03/17/2008
1,NM,0.24433153365995006,-122.640085271812,2.77,Washington,199807,1,121,163859,Liberty Bank,Poulsbo,58778,WA,47.746412011253,06/11/2009
1,NM,1.4690734011378925,-88.1194580384155,12.99,Wisconsin,441881,1,1608,329337,Spring Bank,Brookfield,58780,WI,43.0377580146481,08/28/2008
1,NM,1.0884191333399054,-86.7648229593247,12.08,Alabama,2041261,4,5562,1794367,Oakworth Capital Bank,Birmingham,58783,AL,33.4759769930858,03/31/2008
1,SM,0.6341848212459705,-85.7625225719264,6.53,Michigan,510506,2,814,440003,Grand River Bank,Grandville,58789,MI,42.8834530500515,04/30/2009
1,NM,1.459465258672879,-90.3418200045553,11.64,Missouri,1046703,2,3809,890540,Parkside Financial Bank & Trust,Clayton,58796,MO,38.6517809977065,04/23/2008
1,SM,1.2718685617873502,-78.874117582512,9.61,New York,214201000,963,679000,167256000,Manufacturers and Traders Trust Company,Buffalo,588,NY,42.883718457484,01/01/1856
1,NM,0.6050299597871159,-115.265456,3.18,Nevada,241691,3,350,191973,GenuBank,Las Vegas,58806,NV,36.061117,06/02/2008
1,NM,1.2181106136956825,-81.3762060372979,13.21,Florida,2119347,6,6346,1872570,One Florida Bank,Orlando,58811,FL,28.5237090003321,10/29/2008
1,NM,1.201866130606967,-118.262694020878,8.27,California,4186507,25,12601,3385924,Royal Business Bank,Los Angeles,58816,CA,34.0525399912393,11/18/2008
1,NM,0.5151860061103457,-104.805086546021,4.58,Colorado,304737,3,387,269482,Redstone Bank,Centennial,58826,CO,39.5953563133233,07/02/2008
1,N,0.9959091832013554,-77.806500996373,11.51,Virginia,924538,4,2244,720516,Oak View National Bank,Warrenton,58827,VA,38.716700011267,06/08/2009
1,NM,1.2976629032361708,-75.3493309930662,11.38,Maryland,536743,8,1767,463080,The Farmers Bank of Willards,Willards,5885,MD,38.3946279801403,01/03/1925
1,NM,1.6804021019823283,-96.823882682633,14.92,Texas,739518,5,3123,649251,Liberty Capital Bank,Addison,58852,TX,32.969451585305,09/15/2008
1,N,-0.48020748587597284,-77.7724950284569,-3.77,Virginia,278633,3,-318,205556,"New Horizon Bank, National Association",Powhatan,58857,VA,37.5120339857005,10/07/2009
1,SM,1.2247576000583218,-79.4426299722132,11.61,Virginia,227727,4,693,194294,CornerStone Bank,Lexington,58859,VA,37.7841409890839,02/17/2009
1,N,1.1187190932520308,-78.8662130287225,12.2,South Carolina,1277396,10,3573,1152508,Coastal Carolina National Bank,Myrtle Beach,58864,SC,33.7247989856288,06/08/2009
1,SM,1.228528857777403,-93.2549989843997,7.56,Missouri,2423392,13,7429,1775974,Guaranty Bank,Springfield,58892,MO,37.1364779943304,10/24/2008
1,NM,0.5050987559450871,-85.6375159908261,4.92,Michigan,120866,3,152,108038,Kalamazoo County State Bank,Schoolcraft,5892,MI,42.115637982318,01/01/1908
1,NM,0.6323780603530083,-97.6261412061873,6.83,Texas,1045680,9,1666,933609,R Bank,Round Rock,58935,TX,30.5282057311983,06/22/2009
1,SM,0.11825098772143874,-72.942518039114,1.48,Connecticut,198218,2,59,153498,New Haven Bank,New Haven,58952,CT,41.317008990476,12/20/2010
1,NM,0.5936160013658421,-93.24911525269,6.27,Louisiana,375691,4,565,277614,Lakeside Bank,Lake Charles,58961,LA,30.1718520803198,07/26/2010
1,N,0.8347405428436837,-80.3278150224722,9.24,Florida,35341660,58,73425,29564537,"BankUnited, National Association",Miami Lakes,58979,FL,25.9088720036246,05/21/2009
1,SM,1.43681507908091,-88.74843697471,15.58,Mississippi,349312,5,1249,313126,BankOkolona,Okolona,5902,MS,34.00410000887,01/31/1931
1,SM,1.4035593206762125,-90.490011,12.37,Mississippi,8279783,74,28692,7235049,BankPlus,Belzoni,5903,MS,33.177721,01/01/1909
1,N,2.77334368958654,-75.5971609873684,34.54,Delaware,342841,1,2428,310569,"Stifel Trust Company Delaware, National Association",Greenville,59043,DE,39.7792269800693,04/28/2010
1,SM,0.9997939415972634,-104.89805199434,7.79,Colorado,12564538,97,27996,10650590,NBH Bank,Greenwood Village,59052,CO,39.6084980059455,12/10/2010
1,NM,1.4658089759654767,-90.453439087266,10.68,Mississippi,558388,14,1993,479273,First Bank,Mccomb,5907,MS,31.24331545344,06/25/1895
1,NM,1.1089549324334016,-76.1732930299702,11.61,Pennsylvania,1835013,16,5026,1617344,Bank of Bird-in-Hand,Bird In Hand,59074,PA,40.0391829898763,11/29/2013
1,NM,1.311069342637579,-71.524439149646,8.36,New Hampshire,743436,4,2403,621484,Primary Bank,Bedford,59086,NH,42.9387023058375,07/28/2015
1,NM,1.3126699272892313,-97.5861327572654,8.57,Oklahoma,1610821,41,5300,1165728,International Bank of Commerce,Oklahoma City,59093,OK,35.535282832486,01/01/2017
1,NM,1.4036811913129867,-117.866323961814,12.34,California,392898,1,1314,343655,Infinity Bank,Santa Ana,59098,CA,33.6962259997131,02/01/2018
1,NM,0.9106099004068033,-117.15790503526,8.4,California,805315,4,1793,709408,Endeavor Bank,San Diego,59099,CA,32.7180630120998,01/22/2018
1,NM,0.5227926218049983,-79.812131756829,6.6,South Carolina,971723,6,1265,762853,Beacon Community Bank,Mount Pleasant,59106,SC,32.845525314494,01/08/2018
1,SM,2.03618672736469,-97.2092100033579,27.66,Texas,10419683,1,53079,9615219,Charles Schwab Trust Bank,Westlake,59108,TX,32.9962919899245,07/02/2018
1,SM,0.5767229656301271,-86.7866782258619,6.18,Tennessee,1356213,2,1874,1183633,Studio Bank,Nashville,59112,TN,36.1554590978941,06/14/2018
1,N,1.3962026856422176,-73.986818266095,15.46,New York,1532263,1,5437,1368968,"Grasshopper Bank, N.A.",New York,59113,NY,40.745046357971,05/13/2019
1,NM,-2.1433637272998194,-86.805081743191,-22.12,Alabama,891744,2,-4639,802663,CommerceOne Bank,Birmingham,59114,AL,33.514397164581,06/04/2018
1,NM,1.1999202442854806,-115.285423991869,13.04,Nevada,460017,1,1339,413967,Lexicon Bank,Las Vegas,59117,NV,36.168182015497,08/12/2019
1,NM,0.9738487404744055,-83.2641950264872,12.2,Michigan,256937,1,669,232911,Mi Bank,Bloomfield Township,59138,MI,42.5449290138413,04/15/2019
1,NM,1.2513901082821188,-82.5388968747756,12.97,Florida,362338,2,1069,313542,Gulfside Bank,Sarasota,59140,FL,27.3394758754128,11/13/2018
1,NM,0.433300234009902,-72.59095294056,5.73,Massachusetts,381062,3,390,316979,New Valley Bank & Trust,Springfield,59143,MA,42.101742588962,05/30/2019
1,NM,1.0432227865750423,-82.9428379717017,9.64,Ohio,481125,2,1257,403622,Ohio State Bank,Bexley,59144,OH,39.9576349928778,04/22/2019
1,NM,1.2059095304866314,-97.528164972331,9.25,Oklahoma,429561,1,1261,368039,Watermark Bank,Oklahoma City,59148,OK,35.538100984664,01/22/2019
1,NM,-1.951663138918175,-73.9848567331139,-15.97,New York,474367,1,-2425,365130,Piermont Bank,New York,59154,NY,40.7541356518651,07/01/2019
1,NM,1.3987059770489063,-80.551857007924,12.6,North Carolina,242589,3,795,212936,American Bank of the Carolinas,Monroe,59157,NC,34.982871983658,05/20/2019
1,NM,0.6303319029222518,-71.4842900128496,6.37,New Hampshire,312425,2,475,260662,The Millyard Bank,Nashua,59176,NH,42.7361970035062,11/21/2019
1,NM,38.7676490731414,-111.803833959533,63,Utah,1804237,1,169535,495687,"Square Financial Services, Inc.",Salt Lake City,59177,UT,40.6329720144314,03/01/2021
1,SM,0.8747995425283462,-81.778923,10.02,Florida,245177,5,523,206151,Gulf Atlantic Bank,Key West,59181,FL,24.560586,04/13/2020
1,NM,0.555484465104961,-84.1695450079486,5.23,Georgia,233656,1,331,174035,Loyal Trust Bank,Johns Creek,59182,GA,34.064780210175,11/18/2019
1,NM,0.6065293546885746,-77.28889760435,6.78,Virginia,1165512,6,1787,993026,Trustar Bank,Great Falls,59183,VA,38.996853683608,07/08/2019
1,NM,0.5510100030154359,-95.4627259799571,4.19,Texas,601870,1,820,506870,Gulf Capital Bank,Houston,59185,TX,29.7610690164199,12/18/2019
1,NM,0.3026747192626424,-79.881922583972,3.19,North Carolina,536890,3,404,437271,Triad Business Bank,Greensboro,59188,NC,36.10976576624,03/16/2020
1,N,-24.675163734001373,-111.896208986592,-99.49,Utah,374270,1,-23147,220053,"Varo Bank, National Association",Draper,59190,UT,40.5374670170888,08/01/2020
1,NM,0.49743711746004277,-77.084089655934,3.42,District Of Columbia,382363,1,460,312101,Founders Bank,Washington,59193,DC,38.958431374728,03/30/2020
1,NM,0.6700031469844783,-87.6365141513,4.99,Illinois,202318,1,330,172392,FWBank,Chicago,59195,IL,41.882852666025,07/12/2021
1,NM,0.4265222742560911,-83.131044974146,4.61,Ohio,269412,3,282,238704,Riverside Bank of Dublin,Dublin,59199,OH,40.0952860014957,02/22/2021
1,NM,0.2067450575009691,-111.893331982146,1.77,Arizona,117207,1,58,94579,Scottsdale Community Bank,Scottsdale,59203,AZ,33.5526110155287,01/10/2022
1,NM,-2.804326887456472,-117.209735958469,-28.88,California,111488,1,-757,99856,Legacy Bank,Murrieta,59204,CA,33.5639790136199,06/10/2022
1,NM,1.108247102290187,-111.890610035852,7.97,Utah,2515559,1,6352,1956754,Nelnet Bank,Draper,59205,UT,40.4980879119123,11/02/2020
1,N,0.4658262001294282,-85.3121529730559,3.67,Tennessee,349312,1,404,303068,"RockPointBank, National Association",Chattanooga,59206,TN,35.0517930207084,03/15/2021
1,NM,1.1502613005764777,-84.4032659960926,8.45,Georgia,322386,2,854,278362,Craft Bank,Atlanta,59209,GA,33.8004819973374,10/15/2020
1,NM,2.09188037771926,-83.4148650166648,19.46,Georgia,302028,1,1559,266754,Classic City Bank,Athens,59219,GA,33.9479529922586,11/09/2020
1,N,-0.5482308255904235,-95.4107610301165,-2.6,Texas,143972,1,-188,112453,"Agility Bank, National Association",Houston,59239,TX,29.8081399825439,04/18/2022
1,NM,0.015594180933920876,-117.862071989971,0.15,California,405513,3,16,356609,Genesis Bank,Newport Beach,59245,CA,33.669781011375,08/02/2021
1,NM,-0.19702224108794722,-83.0161809655913,-1.86,Ohio,246117,3,-123,216718,First Bank of Central Ohio,Worthington,59249,OH,40.1016329881277,04/12/2021
1,NM,1.2704171540677018,-82.635403006633,14.02,Florida,1751079,4,5361,1521716,Climate First Bank,Saint Petersburg,59257,FL,27.807848997325,06/01/2021
1,SM,0.16404323402602028,-76.0713550057594,0.71,Virginia,86933,1,38,64904,Integrity Bank for Business,Virginia Beach,59262,VA,36.8322970098035,05/03/2021
1,NM,-0.10591766827067742,-82.7995200002564,-0.83,Florida,421942,2,-110,343073,Waterfall Bank,Clearwater,59265,FL,27.9457230064765,09/20/2021
1,NM,-0.619857723281953,-111.925236942212,-8.06,Arizona,102807,1,-160,93919,Gainey Business Bank,Scottsdale,59273,AZ,33.5613485628559,06/08/2022
1,NM,0.09528333321517445,-80.1426310372272,0.7,Florida,357989,1,84,294069,Locality Bank,Fort Lauderdale,59278,FL,26.1044420050943,01/12/2022
1,NM,0.5506749517891579,-81.85243778017,4.04,Florida,192219,1,257,166132,Gulf Coast Business Bank,Fort Myers,59281,FL,26.5652062867606,06/06/2022
1,NM,-1.0005980648914061,-112.118473002742,-9.01,Arizona,188612,1,-458,141823,Integro Bank,Phoenix,59283,AZ,33.6332470195523,06/21/2022
1,NM,1.3475426897313036,-83.764098674034,10.55,Georgia,157564,1,560,135979,Moultrie Bank & Trust,Moultrie,59285,GA,31.192683243335,05/09/2022
1,NM,-0.5496212441444864,-111.811012472869,-1.58,Utah,967069,1,-1349,595615,Thrivent Bank,Salt Lake City,59286,UT,40.633883588311,06/01/2025
1,NM,1.744588656934011,-93.2522870196273,19.21,Minnesota,502314,1,2154,450793,EntreBank,Bloomington,59287,MN,44.8610190138505,03/21/2022
1,SI,0.006787522271557453,-71.5358539724424,0.08,New Hampshire,181850,1,3,166001,Walden Mutual Bank,Concord,59289,NH,43.2060300014941,10/05/2022
1,NM,-0.33852064252108793,-117.764735368932,-3.98,California,182473,2,-152,139564,Beach Cities Commercial Bank,Irvine,59290,CA,33.6832917780344,06/12/2023
1,NM,0.15401904642510153,-82.9800879876037,0.92,Ohio,116980,1,43,96866,Adelphi Bank,Columbus,59292,OH,39.967538001932,01/18/2023
1,NM,0.924930419239903,-117.767671978924,3.99,California,306521,1,685,236001,Bank Irvine,Irvine,59296,CA,33.677584982327,10/18/2022
1,NM,-0.15309246785058175,-73.15288285406,-1.27,Vermont,286733,2,-110,250744,"Business Bank, The",S Burlington,59298,VT,44.459809621079,08/02/2022
1,NM,0.7990057870621916,-95.79045034749,8.71,Texas,538742,2,1011,484964,Texas Traditions Bank,Katy,59304,TX,29.784914231759,09/06/2022
1,NM,-1.9976448818235344,-83.2067541062442,-9.23,Michigan,95218,1,-475,73512,Community Unity Bank,Birmingham,59305,MI,42.5396376710645,06/26/2023
1,NM,0.4748016453652586,-80.1189410128253,3.54,Florida,314438,2,361,270603,Evermore Bank,Fort Lauderdale,59306,FL,26.1727680108383,12/15/2022
1,NM,1.903034604213487,-75.4678236951436,4.87,New York,37054,4,181,21518,GS&L Municipal Bank,Gouverneur,59312,NY,44.3350446570362,09/16/2022
1,NM,-0.8799286045952559,-117.370978965131,-9.37,California,156656,2,-334,124737,Icon Business Bank,Riverside,59314,CA,33.979761979533,08/22/2023
1,NM,0.10819913876975835,-111.927260920372,0.57,Arizona,122620,1,31,99289,Zenith Bank & Trust,Scottsdale,59318,AZ,33.508510260614,10/02/2023
1,SM,-0.8155820030326938,-66.066281025329,-5.09,Puerto Rico,466614,1,-911,343696,Nave Bank,San Juan,59324,PR,18.444306984751,09/18/2023
1,NM,0.493849534467526,-86.582818984325,1.77,Alabama,87339,1,109,62160,Nova Bank,Huntsville,59326,AL,34.725833001885,01/26/2024
1,NM,-4.544222701601101,-83.02683119062,-11.25,Ohio,49577,1,-524,30073,Fortuna Bank,Grandview Heights,59330,OH,39.974256248312,12/09/2024
1,NM,-9.817674334848963,-122.11451296793,-28.47,California,57456,1,-1363,37394,Altos Bank,Los Altos,59339,CA,37.374599020637,11/25/2024
1,SM,0.4398150036297789,-95.497789995511,3.44,Texas,312230,1,337,272088,Integrity Bank SSB,Houston,59342,TX,29.786748988455,10/11/2024
1,NM,-10.044206704452543,-74.06472202114,-12.52,New Jersey,37929,1,-906,8568,Five Rivers Bank,Paramus,59345,NJ,40.919238985944,05/12/2025
1,NM,0.007553868524918324,-94.31184609948,0.04,Missouri,116478,4,2,92701,Four States Bank,Carthage,59352,MO,37.177916374987,08/26/2024
1,NM,-0.8195959512997468,-80.283039482442,-5.35,Florida,279318,1,-474,242056,BankMiami,Coral Gables,59354,FL,25.70483690859,03/17/2025
1,NM,-2.1777579551221913,-82.168532759961,-7.47,Florida,34121,2,-177,24659,Gala Bank,Ocala,59358,FL,29.181818738199,12/30/2024
1,NM,,-95.481772346181,,Texas,,1,,,Houston Bank & Trust,Houston,59360,TX,29.739356408706,05/22/2026
1,NM,-6.016713091922005,-86.193948884585,-7.89,Alabama,34143,2,-459,10901,Solutions Plus Bank,Albertville,59362,AL,34.280801301021,12/04/2025
1,NM,-38.54034764590768,-86.159628511481,-38.87,Indiana,26061,1,-2511,102,Generations Community Bank,Indianapolis,59365,IN,39.795754584389,03/09/2026
1,NM,-3.5695062183064676,-74.250557699357,-5.3,New Jersey,70598,2,-630,21536,Liberty Bank of New Jersey,Verona,59369,NJ,40.833683265761,01/21/2026
1,NM,,-82.65886579764,,Florida,,3,,,Echelon Bank,Clearwater,59377,FL,27.895084995728,05/27/2026
1,N,-1.4110345532046793,-83.008946712599,-4,Ohio,1703431,1,-6009,1097732,"Erebor Bank, N.A.",Columbus,59378,OH,39.971755272696,02/06/2026
1,NM,,-87.111451871279,,Kentucky,,1,,,Cornerstone Community Bank,Owensboro,59379,KY,37.757671232222,06/08/2026
1,NM,,-81.361756893509,,Florida,,1,,,Portrait Bank,Winter Park,59381,FL,28.598252911399,06/22/2026
1,NM,1.0918430266037755,-81.229412928796,10.98,North Carolina,1733567,16,4688,1541944,Peoples Bank,Newton,5956,NC,35.660455900086,01/01/1912
1,NM,5.053390603951281,-82.8870630277726,37.14,Ohio,1683330,9,20646,1450891,Sutton Bank,Attica,5962,OH,41.06440600523,01/01/1878
1,NM,1.1547692590182317,-84.3066850138394,10.12,Ohio,3479335,41,9968,2815802,The Farmers & Merchants State Bank,Archbold,5969,OH,41.5232079995438,04/01/1897
1,SM,1.4386417111554828,-76.8031434327379,13.45,New York,2748374,30,9815,2322605,Chemung Canal Trust Company,Elmira,597,NY,42.0886648502614,10/22/1833
1,NM,1.108858490982563,-82.00672003534,11.14,Ohio,690979,10,1915,611613,The Community Bank,Zanesville,5981,OH,39.9423619918257,07/28/1902
1,NM,0.848523870177092,-97.4247470392961,8.86,Oklahoma,640664,2,1364,553401,Prism Bank,Guthrie,5994,OK,35.8515590177158,01/01/1909
1,SM,0.9469805448956602,-98.2355299583802,5.33,Oklahoma,26718,1,62,19729,First State Bank in Temple,Temple,5999,OK,34.2706389977926,06/01/1919
1,SM,1.1005519478193166,-79.5667890084753,10.64,Pennsylvania,210538,6,576,148003,Apollo Trust Company,Apollo,6051,PA,40.5827820164071,05/27/1871
1,N,0.26765714492999587,-98.0250679971767,3,South Dakota,1581898,37,1033,1397369,CorTrust Bank National Association,Mitchell,6063,SD,43.7027450202511,10/31/1930
1,NM,1.7169263365540925,-97.4685239593818,15.49,South Dakota,55309,1,235,48339,Bryant State Bank,Bryant,6064,SD,44.5907549814278,03/01/1915
1,NM,-1.9384240679285396,-96.9616589587935,-25.44,South Dakota,360324,3,-1737,240561,One American Bank,Centerville,6078,SD,43.1173660201567,01/01/1883
1,NM,-0.1417524142208047,-98.0965890167731,-1.34,South Dakota,40211,1,-14,35152,The Farmers State Bank of Turton,Turton,6084,SD,45.0492100068597,08/13/1915
1,SM,1.6854520230433705,-96.7309324893779,13.47,South Dakota,3550585,13,16234,2847019,First PREMIER Bank,Sioux Falls,6085,SD,43.5423055866464,01/01/1914
1,NM,0.4377806318824363,-84.9317526590843,4.94,Tennessee,249289,3,268,226175,Union Bank,Jamestown,6088,TN,36.430484691943,01/01/1904
1,NM,1.3148740493672884,-76.4980103059197,14.33,New York,8696575,59,28557,7245977,Tompkins Community Bank,Ithaca,609,NY,42.4406300589631,01/01/1934
1,NM,1.147234475122075,-86.0229260409358,15.33,Tennessee,825426,8,2291,757081,Macon Bank and Trust Company,Lafayette,6091,TN,36.5168880049684,07/01/1919
1,NM,-5.248677248677248,-86.871965726312,-72.2,Tennessee,186188,2,-2294,165997,Lineage Bank,Franklin,6100,TN,35.924939939717,02/05/1927
1,SM,0.9636440531946554,-88.119353013169,11.49,Tennessee,321233,5,769,291194,Decatur County Bank,Decaturville,6101,TN,35.584978999377,11/16/1899
1,NM,0.5340645357850121,-88.293231403592,5.5,Tennessee,112529,5,149,100494,The Peoples Bank,Sardis,6110,TN,35.441411037669,12/20/1920
1,SM,0.8777672118625257,-77.9810220273123,7.51,Virginia,1838119,15,4088,1599582,Bank Of Clarke,Berryville,6123,VA,39.1511819973361,04/01/1881
1,NM,1.3247890307811685,-79.6800349744409,13.02,Virginia,938035,14,3086,834001,Bank of Botetourt,Buchanan,6137,VA,37.5279549916871,09/27/1899
1,NM,1.2796312118743418,-120.186312971723,11.23,Washington,50557,1,161,44671,Farmers State Bank,Winthrop,6156,WA,48.4780899800724,01/01/1916
1,NM,0.8425630114355872,-122.444907977453,6.66,Washington,2513864,23,5243,2182062,Peoples Bank,Bellingham,6158,WA,48.7714089820028,01/07/1921
1,NM,1.2400308909702473,-79.3302849770199,14.4,West Virginia,825030,16,2541,707327,"Pendleton Community Bank, Inc.",Franklin,6176,WV,38.6435000126453,10/05/1925
1,SM,2.462662198705898,-73.6953679256585,20.56,New York,322404,5,1942,281468,Bank of Millbrook,Millbrook,618,NY,41.7853865547969,05/18/1891
1,SM,1.3920450030987304,-80.5432163885512,12.23,West Virginia,251210,3,876,221327,The Bank of Monroe,Union,6180,WV,37.5869044649399,11/03/1903
1,NM,1.1662961179139646,-90.4954919733552,11.68,Wisconsin,307286,5,899,242765,Citizens State Bank of Loyal,Loyal,6186,WI,44.7397309889736,12/15/1909
1,NM,1.2167772796454863,-92.7195729840172,12.96,Wisconsin,488081,5,1469,411208,Citizens State Bank,Hudson,6194,WI,44.9603159841897,07/15/1904
1,NM,1.582425266921475,-91.8544240351088,17.8,Wisconsin,355833,4,1403,318906,Sterling Bank,Barron,6195,WI,45.3996049917301,05/01/1885
1,NM,1.3781657370350529,-90.3806419625788,12.27,Wisconsin,46978,1,164,40899,Highland State Bank,Highland,6198,WI,43.0458980160979,06/01/1903
1,NM,1.149904990563928,-73.9943138668287,12.58,New York,9168378,6,25924,8211513,Amalgamated Bank,New York,622,NY,40.7456280620515,04/14/1923
1,SM,0.8408234270803132,-73.983544629991,3.54,New York,39745000,1,87000,27713000,Deutsche Bank Trust Company Americas,New York,623,NY,40.768066961676,03/30/1903
1,N,1.4977483015102797,-72.1638310198504,14.85,Vermont,1234804,12,4721,1019172,Community National Bank,Derby,6271,VT,44.9500010045944,01/15/1851
1,N,1.009210938033873,-73.1683519916462,12.75,Vermont,555199,7,1403,502860,The National Bank of Middlebury,Middlebury,6275,VT,44.0143050132386,11/09/1831
1,N,1.438906517541693,-82.996085855642,16.64,Ohio,4016571000,5377,13974000,2787994000,"JPMorgan Chase Bank, National Association",Columbus,628,OH,40.142089249632,01/01/1824
1,N,1.5439149271366681,-73.3015769782018,13.29,Vermont,90103,2,343,79466,The First National Bank of Orwell,Orwell,6280,VT,43.8032429915868,01/01/1863
1,N,0.7017729758368181,-74.9674454250423,7.62,New Jersey,654385,6,1159,583510,"First Hope Bank, A National Banking Association",Hope,6354,NJ,40.9089052702104,09/11/1911
1,N,1.3170443935125988,-75.549948911904,12.59,Delaware,567948516,2418,1870675,441507226,"PNC Bank, National Association",Wilmington,6384,DE,39.746000319601,01/01/1804
1,SM,1.294754734506911,-74.0117136348839,18.64,New York,467349000,27,1373000,419724000,The Bank of New York Mellon,New York,639,NY,40.7133876704346,01/01/1851
1,SM,1.7866599388940907,-74.3086690149776,14.92,New Jersey,2872182,23,12694,2472589,Amboy Bank,Old Bridge,6423,NJ,40.380150010055,05/12/1888
1,N,0.7650139093438062,-74.5003489751836,8.26,New Jersey,194016,4,374,174741,The First National Bank of Absecon,Absecon,6442,NJ,39.4246679914299,03/20/1916
1,N,0.6631966622725358,-75.1693449612564,6.85,New Jersey,400002,6,671,358104,The First National Bank of Elmer,Elmer,6464,NJ,39.5937489995704,05/01/1903
1,N,0.5636998394222396,-82.839934352245,6.07,Ohio,316609,9,441,285683,The First National Bank of Bellevue,Bellevue,6528,OH,41.274504359474,09/15/1875
1,N,1.1238537968378841,-83.9878079965654,10.74,Ohio,77892,1,220,69137,The First National Bank of Blanchester,Blanchester,6530,OH,39.2939680112963,03/08/1907
1,N,2.3946702987813566,-83.892161009783,23.88,Ohio,1078019,12,6448,846629,The Citizens National Bank of Bluffton,Bluffton,6531,OH,40.893496987826,01/13/1920
1,N,1.2291188751653244,-80.761172576231,11.32,Ohio,7215780,85,19122,5941551,The Farmers National Bank of Canfield,Canfield,6540,OH,41.023477591119,02/17/1887
1,SM,1.323247936173479,-81.4547609824011,10.73,Ohio,9637896,135,31882,7697873,Peoples Bank,Marietta,6544,OH,39.4149599873531,05/26/1902
1,N,1.172078205539057,-84.51137829782,11.72,Ohio,683379960,2099,1991808,539835606,U.S. Bank National Association,Cincinnati,6548,OH,39.100838736212,07/13/1863
1,N,0.9915176003032359,-83.000785421115,8.77,Ohio,284135374,1627,629840,227513232,The Huntington National Bank,Columbus,6560,OH,39.961705119331,01/06/1866
1,N,0.6434954437437331,-81.3360230258368,9.24,Ohio,271532,5,438,252060,The First National Bank of Dennison,Dennison,6574,OH,40.3934189818769,10/16/1933
1,N,0.40740708221018346,-83.5111519617546,4.63,Ohio,58415,3,58,53225,"Community First Bank, National Association",Forest,6584,OH,40.8019889848316,10/04/1904
1,SM,1.421349918951447,-77.602276679875,13.32,New York,6255437,48,22192,5348963,Five Star Bank,Rochester,659,NY,43.154843814277,12/26/1881
1,N,0.4424825825666117,-84.3706929983435,5.58,Ohio,94348,1,104,83756,The First National Bank of Germantown,Germantown,6592,OH,39.6253040151788,09/19/1863
1,SM,0.7642317019766887,-73.7852458999424,7.06,New York,1763293,13,3390,1535038,The Adirondack Trust Company,Saratoga Springs,660,NY,43.083166639825,01/01/1901
1,SM,1.5497899845344318,-84.508522248132,11.88,Ohio,22686655,165,84604,18131069,First Financial Bank,Cincinnati,6600,OH,39.101084996528,01/01/1863
1,N,1.0701992971645886,-83.611244039429,11.7,Ohio,1338064,17,3557,1170914,The Merchants National Bank,Hillsboro,6605,OH,39.202373004147,12/25/1879
1,N,0.8705226665610654,-82.9107808306697,11.59,Ohio,582779,7,1264,534029,Kingston National Bank,Kingston,6616,OH,39.4728564641938,01/01/1909
1,N,0.8976301650979166,-84.207736982129,7.17,Ohio,2233698,35,5016,1839387,LCNB National Bank,Lebanon,6623,OH,39.434521002432,05/10/1877
1,N,1.2536012010043434,-82.480629991032,12.16,Ohio,1577252,17,4886,1388542,THE VINTON COUNTY NATIONAL BANK,Mcarthur,6636,OH,39.247091002412,01/01/1867
1,N,1.1072118995727285,-81.853602026521,10.28,Ohio,203236,6,562,179683,The First National Bank of McConnelsville,Mcconnelsville,6637,OH,39.6495949801289,07/01/1863
1,N,0.8208976013817824,-81.8523780172003,7.79,Ohio,106267,2,221,86674,The Citizens National Bank of McConnelsville,Mcconnelsville,6638,OH,39.6485039916115,02/01/1900
1,N,0.11564258731015342,-84.1888658123523,1.33,Ohio,253429,8,75,221334,1st National Bank,Lebanon,6646,OH,39.4316201500264,01/01/1907
1,N,1.9786646325254558,-82.403158406915,16.45,Ohio,12926059,114,56068,11097712,The Park National Bank,Newark,6653,OH,40.05936858247,07/08/1908
1,NM,0.9351152550088736,-82.208234630201,11.73,Ohio,304446,6,683,279349,Peoples State Bank,New Lexington,6659,OH,39.714759436118,02/15/1932
1,NM,1.219435923616535,-84.2745450252083,12.11,Ohio,343930,5,1048,306737,RiverHills Bank,Milford,6662,OH,39.1575139803614,11/17/1904
1,N,0.821047801885995,-83.9619130287142,11.56,Ohio,291047,7,595,268022,The First National Bank of Pandora,Pandora,6671,OH,40.9478709804583,06/21/1919
1,N,0.6197925656274026,-84.512112217262,5.09,Ohio,296118000,1510,395000,240416000,"Fifth Third Bank, National Association",Cincinnati,6672,OH,39.102100296459,01/01/1865
1,N,0.7837623915823034,-81.9144610138212,8.15,Ohio,90753,4,177,79595,Home National Bank,Racine,6680,OH,38.9713079896622,04/10/1910
1,NM,0.631968084923293,-84.6472190249,8.49,Ohio,294300,8,459,265705,Somerville Bank,Eaton,6700,OH,39.7312930131943,10/10/1910
1,N,1.1633001657321742,-83.1703079879146,13.79,Ohio,239423,4,687,208129,The First National Bank of Sycamore,Sycamore,6706,OH,40.9486719970352,07/01/1919
1,N,0.5632044736809257,-82.9847339927148,6.16,Ohio,204392,4,282,180966,The First National Bank of Waverly,Waverly,6725,OH,39.1261540116398,01/01/1901
1,N,2.110902615896844,-83.5457045998641,18.89,Ohio,115285,1,592,102031,The National Bank of Adams County of West Union,West Union,6728,OH,38.793951561682,04/28/1928
1,N,0.9045527416811125,-81.1167240241155,12.18,Ohio,151726,4,347,139862,The Citizens National Bank of Woodsfield,Woodsfield,6732,OH,39.7617590100326,12/07/1933
1,NM,1.972804332708666,-79.847797257755,19.6,West Virginia,775093,9,3649,688163,"Citizens Bank of West Virginia, Inc.",Elkins,6760,WV,38.925269087276,01/22/1924
1,N,0.5442700811912327,-81.1040739720241,7.67,West Virginia,157056,2,212,136691,The Fayette County National Bank of Fayetteville,Fayetteville,6762,WV,38.0527120027937,06/01/1900
1,N,1.3551251209047395,-79.8498870338546,10.92,West Virginia,204197,4,683,177869,"Mountain Valley Bank, N.A.",Elkins,6786,WV,38.9257039823223,01/01/1909
1,N,1.3111210319791349,-80.7895596725356,10.49,West Virginia,86164,2,279,75363,The First National Bank of Peterstown,Peterstown,6787,WV,37.3958020506508,01/27/1910
1,NM,0.8896053933242956,-78.7565560260585,9.73,West Virginia,271869,8,607,241802,"FNB Bank, Inc.",Romney,6794,WV,39.3433450066221,06/10/1910
1,NM,0.24982020515538061,-81.3507910172226,2.79,West Virginia,160621,1,99,145281,First Neighborhood Bank,Spencer,6800,WV,38.8025359803823,02/08/1912
1,NM,0.7360514137405418,-81.5848300147731,6.54,West Virginia,365540,8,670,301468,MCNB Bank and Trust Co.,Welch,6803,WV,37.4322880140656,07/01/1900
1,N,-0.18622134475950722,-82.2783166026156,-0.94,West Virginia,113461,4,-54,88946,The First National Bank of Williamson,Williamson,6805,WV,37.6728398772347,06/11/1903
1,N,1.1538139651661257,-79.2908239826983,14.36,Virginia,1087944,20,3102,998523,First National Bank,Altavista,6811,VA,37.109086982491,03/01/1908
1,SM,0.704542639394224,-78.8275400171185,6.72,Virginia,369001,6,647,323503,The Farmers Bank of Appomattox,Appomattox,6813,VA,37.3537999984593,09/16/1918
1,N,1.1204343574649434,-80.413961038186,12.51,Virginia,1826168,28,5109,1651055,The National Bank of Blacksburg,Blacksburg,6821,VA,37.229019988901,01/01/1891
1,NM,1.682541943143296,-76.42900436019,15.13,Pennsylvania,1714230,23,7118,1457729,Journey Bank,Bloomsburg,686,PA,41.0249388083,02/01/1926
1,N,1.4480597697351358,-81.152495975211,17.36,Virginia,1309619,28,4711,1184610,SKYLINE NATIONAL BANK,Independence,6861,VA,36.622527980536,10/06/1900
1,SM,1.4931976453330933,-76.3817379699935,14.48,Virginia,1724117,19,6324,1464336,Chesapeake Bank,Kilmarnock,6862,VA,37.7139280073875,01/01/1900
1,N,0.7662938837465746,-83.1080079838205,8.14,Virginia,518026,7,992,465807,Powell Valley National Bank,Jonesville,6863,VA,36.6899240141222,01/01/1888
1,SM,1.6210931779925164,-78.5025929932029,14.68,Virginia,362827,7,1453,290427,Pioneer Bank,Stanley,6913,VA,38.5750670119073,12/03/1909
1,SM,1.0781244114941941,-78.362053035927,11.7,Virginia,2076629,33,5546,1853541,First Bank,Strasburg,6917,VA,38.989507993213,07/01/1907
1,N,0.5120738286662868,-76.6922613311057,6.92,New York,281055,3,364,257261,Cayuga Lake National Bank,Union Springs,6954,NY,42.8426178790827,01/01/1864
1,N,0.18138503947744852,-73.851890160633,1.92,New York,941552,21,424,813757,Ballston Spa National Bank,Ballston Spa,6959,NY,43.002223606688,01/01/1838
1,SM,0.9725138914891283,-73.2000322990257,8.9,New York,14990679,64,36862,12667013,Dime Commercial Bank,Hauppauge,6976,NY,40.8189264119913,02/19/1909
1,NM,0.6244933580315903,-75.254923689763,6.89,Pennsylvania,2915509,33,4526,2522507,Wayne Bank,Honesdale,698,PA,41.571819224195,01/01/1871
1,N,1.336110119357611,-77.2811417455231,15.62,New York,5456717,26,17991,4520657,The Canandaigua National Bank and Trust Company,Canandaigua,6985,NY,42.8866618466036,12/01/1887
1,N,1.1638297759267577,-75.170220283405,12.32,New York,17433997,214,50095,15014456,"Community Bank, National Association",Canton,6989,NY,44.5978315289122,01/01/1866
1,N,1.0175240248728095,-73.6792211112004,3.88,New York,172907,6,441,126196,The Putnam County National Bank of Carmel,Carmel,6990,NY,41.4264914819163,01/01/1865
1,NM,0.8174582798459564,-87.3172414749961,7.17,Alabama,97694,1,199,85781,Peoples Exchange Bank,Monroeville,70,AL,31.5048351832188,08/23/1907
1,N,0.7659339317727644,-74.9161406582762,9.53,New York,407614,4,745,371868,The Delaware National Bank of Delhi,Delhi,7025,NY,42.2782297210201,01/01/1839
1,N,1.8079597502237037,-76.2981346046078,16.06,New York,211185,3,937,187556,The First National Bank of Dryden,Dryden,7031,NY,42.4902695754963,01/01/1902
1,N,1.2177527749358663,-73.64617554175,12.53,New York,4500795,38,13581,4014503,Arrow Bank National Association,Glens Falls,7074,NY,43.310471197269,01/01/1851
1,N,1.2895857278135594,-76.3671092901638,9.78,New York,212458,2,669,184388,The First National Bank of Groton,Groton,7085,NY,42.5889416110172,05/01/1865
1,NM,1.929091202195421,-74.9338688864065,13.78,New York,671880,10,3216,567436,Jeff Bank,Jeffersonville,7123,NY,41.7808943156995,10/01/1913
1,SM,1.6749777577430576,-76.801087016613,14.78,Pennsylvania,5576514,43,23279,4631492,Orrstown Bank,Harrisburg,713,PA,40.244580982367,05/01/1919
1,N,1.0501885891940568,-76.9924644739332,13.82,New York,2110424,16,5490,1922719,The Lyons National Bank,Lyons,7151,NY,43.0636354643217,01/01/1865
1,SM,1.9278045856987864,-86.749089037417,20.24,Alabama,778338,7,3667,698856,Central State Bank,Calera,72,AL,33.103567987263,02/05/1916
1,N,1.063325816207602,-96.788917573536,11.52,South Dakota,1933622000,955,5011000,1501029000,"Citibank, National Association",Sioux Falls,7213,SD,43.493747167985,06/16/1812
1,N,1.1837124677736195,-75.524133069219,10.23,New York,16090102,175,47304,13891407,"NBT Bank, National Association",Norwich,7230,NY,42.528960021459,03/03/1856
1,NM,2.008686734244444,-75.9132164883954,13.74,New York,157991,1,781,120158,WSB Municipal Bank,Watertown,7274,NY,43.9720061998684,04/24/1913
1,N,0.8129133145992782,-73.5941906197361,10.89,New York,500247,10,1002,448328,Champlain National Bank,Elizabethtown,7356,NY,44.2143593970614,01/01/1934
1,SM,1.3781593208958802,-81.8362479665485,15.56,Ohio,261196,6,898,233933,The Apple Creek Banking Company,Apple Creek,737,OH,40.7492549953746,02/01/1904
1,NM,0.5894524588433765,-76.2343140394587,6.82,Pennsylvania,1521898,19,2248,1135838,First Keystone Community Bank,Berwick,7404,PA,41.0547560039231,09/23/1864
1,NM,1.28592063256917,-79.1524380069,10.48,Pennsylvania,12232517,129,39452,10513054,First Commonwealth Bank,Indiana,7468,PA,40.622556996822,09/21/1880
1,N,0.9138461538461538,-76.176992802032,10.29,Pennsylvania,2423035,23,5346,2074075,The Ephrata National Bank,Ephrata,7493,PA,40.177970291198,03/17/1881
1,NM,1.7468086495242403,-77.231675441019,14.02,Pennsylvania,3253225,33,14116,2547960,ACNB Bank,Gettysburg,7506,PA,39.830623846422,04/11/1857
1,NM,1.2142406921606512,-75.639961080458,10.75,Pennsylvania,5415574,40,16206,4427750,Peoples Security Bank and Trust Company,Dunmore,7514,PA,41.416717763719,01/01/1905
1,N,1.4559347954720638,-75.2551560361195,11.12,Pennsylvania,1152101,15,4146,985564,The Honesdale National Bank,Honesdale,7526,PA,41.5720130137969,12/26/1836
1,SM,0.7322081104863934,-78.918480984363,7.54,Pennsylvania,1468483,17,2671,1271680,Ameriserv Financial Bank,Johnstown,7542,PA,40.324964984471,09/23/1933
1,N,1.246664501057322,-76.305328959741,11.31,Pennsylvania,32107617,208,99873,27040903,"Fulton Bank, National Association",Lancaster,7551,PA,40.038331011328,01/01/1882
1,N,1.4966754287538873,-75.5146866643404,9.46,Pennsylvania,222308,2,832,185801,The National Bank of Malvern,Malvern,7590,PA,40.0357401650566,04/07/1884
1,SM,1.4456393879512732,-77.077357981856,12.37,Pennsylvania,3022065,44,10990,2458046,First Citizens Community Bank,Mansfield,7593,PA,41.806871007107,06/11/1932
1,SM,0.8502696779739111,-75.7383610195193,9.97,Pennsylvania,256080,6,549,233636,Jim Thorpe Neighborhood Bank,Jim Thorpe,7599,PA,40.8637740047945,08/25/1902
1,NM,0.3764974070332565,-77.3971700004289,5.1,Pennsylvania,657407,13,621,569867,Pennian Bank,Mifflintown,7613,PA,40.5701809984493,04/19/1889
1,NM,1.2393483067509525,-77.396660967449,19.28,Pennsylvania,900948,15,2783,788680,The Juniata Valley Bank,Mifflintown,7614,PA,40.5699090056912,01/01/1867
1,SM,1.5493055349311473,-84.3818369900723,18.62,Ohio,814016,7,3130,722985,Minster Bank,Minster,763,OH,40.3927499802749,01/23/1914
1,NM,0.0333626249236681,-76.4129390178309,0.55,Pennsylvania,166485,2,14,155648,UNB Bank,Mount Carmel,7631,PA,40.7971299955608,01/01/1906
1,N,0.4993747145668031,-75.6092699876098,3.28,Pennsylvania,466790,3,585,365330,The Neffs National Bank,Neffs,7646,PA,40.6937139903632,04/03/1923
1,N,1.3644709477914128,-74.937402026233,14.86,Pennsylvania,1156591,14,3921,972386,First National Bank and Trust Company of Newtown,Newtown,7658,PA,40.228166994745,02/25/1864
1,SM,1.044345013888442,-75.7522670159825,13.9,Pennsylvania,672738,3,1745,592262,New Tripoli Bank,New Tripoli,7659,PA,40.6795080055853,03/10/1910
1,SM,1.6520425545591875,-75.6094699798196,11.63,Pennsylvania,930393,11,3855,774036,First Northern Bank and Trust Company,Palmerton,7675,PA,40.804469986262,10/24/1907
1,NM,0.6583480058179592,-82.017012006611,7.22,Ohio,477081,9,774,427280,The Farmers Bank and Savings Company,Pomeroy,769,OH,39.030959018986,12/04/1904
1,NM,1.2731392356030962,-85.4324389833177,6.63,Alabama,217918,2,682,175462,BankSouth,Dothan,77,AL,31.2359429994765,01/01/1928
1,NM,0.7946148408960291,-75.336733830784,10.33,Pennsylvania,1899721,18,3759,1655155,QNB Bank,Quakertown,7714,PA,40.441749496591,07/21/1877
1,SM,1.3297853657236776,-75.303925194001,12.04,Pennsylvania,8108083,51,27448,6922203,Univest  Bank and Trust Co.,Souderton,7759,PA,40.321359651959,04/01/1876
1,N,2.1907390691975284,-76.7667989976549,13.7,Pennsylvania,235779,1,1256,195872,The Turbotville National Bank,Turbotville,7789,PA,41.1073560086579,01/01/1910
1,SM,0.0785236658505708,-77.301603982831,0.71,Pennsylvania,3153919,35,616,2620675,Citizens & Northern Bank,Wellsboro,7799,PA,41.748178993234,01/01/1864
1,NM,1.0227835775765817,-79.973481968033,9.76,Pennsylvania,1583033,14,4002,1382948,Community Bank,Carmichaels,7848,PA,39.89572918969,07/01/1901
1,N,0.5163837946615029,-79.437234038225,8.97,Pennsylvania,369935,7,476,346992,First United National Bank,Fryburg,7886,PA,41.3568040036395,08/02/1909
1,N,1.1545365941021128,-80.3898680118797,8.61,Pennsylvania,50421258,362,144951,39273470,First National Bank of Pennsylvania,Greenville,7888,PA,41.4050719893561,02/04/1864
1,N,1.2696229868582884,-79.518809988871,12.31,Pennsylvania,2853576,34,9177,2478725,"NEXTIER BANK, NATIONAL ASSOCIATION",Kittanning,7900,PA,40.814365996427,01/01/1897
1,NM,0.8447659195112561,-79.1802629917768,13.75,Pennsylvania,421671,7,886,384753,Marion Center Bank,Indiana,7909,PA,40.6023620164964,07/06/1905
1,N,0.7968383510587025,-79.995911018921,7.06,Pennsylvania,30917000,31,62000,26135000,"BNY Mellon, National Association",Pittsburgh,7946,PA,40.439645010251,01/01/1869
1,NM,1.0820486534906124,-123.209250961993,7.9,California,1293076,9,3565,1040520,Savings Bank of Mendocino County,Ukiah,8011,CA,39.1505979882323,11/28/1903
1,SM,0.6946315930554134,-80.2380859946078,7.15,Florida,1410085,5,2410,1179389,Grove Bank & Trust,Miami,8018,FL,25.7286980076361,07/12/1926
1,NM,1.7579119161662462,-81.811432001093,17.03,Florida,2364087,20,10296,2110472,Crews Bank & Trust,Wauchula,8021,FL,27.547374985901,04/01/1929
1,NM,1.244242637752639,-82.594858486235,18.42,Georgia,194560,5,596,180172,Mount Vernon Bank,Mount Vernon,8028,GA,32.178559525498,01/24/1901
1,NM,1.366388770112208,-80.722978674212,9.01,West Virginia,27420438,218,94008,21839759,"WesBanco Bank, Inc.",Wheeling,803,WV,40.065736230493,01/20/1870
1,SM,1.518712481665427,-84.4191719984725,11.69,Georgia,786846,7,3004,669648,Citizens Trust Bank,Atlanta,8033,GA,33.7549620185769,06/18/1921
1,NM,0.9775821552463725,-84.8621040325901,18.46,Indiana,332904,3,819,282188,Bath State Bank,Bath,8035,IN,39.5093649856324,10/23/1923
1,NM,1.412038225561965,-86.130841032663,12.46,Indiana,20263028,8,69991,13040979,Merchants Bank of Indiana,Carmel,8056,IN,39.975127018977,06/23/1923
1,NM,1.6218299863214498,-86.643526007721,19.59,Indiana,775081,9,3145,687220,The North Salem State Bank,North Salem,8063,IN,39.86041899764,07/14/1923
1,NM,1.0673119369553488,-87.3661415907478,12.32,Indiana,155040,2,408,129535,Community State Bank,Brook,8067,IN,40.8656794595699,04/01/1931
1,SM,1.8968171853087314,-85.1365780016112,18.9,Indiana,378460,4,1831,318949,The Garrett State Bank,Garrett,8074,IN,41.3506529859037,11/01/1893
1,NM,0.5948271283658187,-91.7812689634884,9.2,Iowa,287589,3,420,245498,Fairfax State Savings Bank,Fairfax,8083,IA,41.918918989561,10/20/1924
1,NM,0.8062303454971402,-93.2400559788756,9.99,Iowa,478973,6,955,415028,NSB Bank,Mason City,8094,IA,43.1488489933074,01/01/1933
1,SM,0.8298464363562453,-92.0640861112923,5.43,Arkansas,144342,4,296,118972,Warren Bank and Trust Company,Warren,81,AR,33.6136778321181,12/31/1901
1,SM,2.038055522367351,-96.1682259925493,19.41,Iowa,783847,4,3966,693103,Primebank,Le Mars,8101,IA,42.7940199816572,01/01/1901
1,SM,1.9872596643299687,-97.631841989994,15.54,Kansas,86795,2,427,73534,New Century Bank,Belleville,8108,KS,39.8129109990843,05/05/1905
1,NM,0.7280717886328377,-94.716603827996,7.2,Kansas,210745,4,386,186614,Kendall Bank,Overland Park,8110,KS,38.926770244225,05/17/1927
1,SM,-0.22884847050061835,-83.1964840009792,-3.93,Kentucky,431657,6,-232,378832,Pbt Bancorp,Hazard,8117,KY,37.2485849853831,03/19/1923
1,NM,1.206896551724138,-85.0632260390852,9.25,Kentucky,262799,3,798,192460,Bank of Jamestown,Jamestown,8118,KY,36.9839999857284,07/17/1899
1,NM,1.480373788607935,-85.870315975449,14.08,Kentucky,523738,15,1923,436341,"Magnolia Bank, Incorporated",Elizabethtown,8120,KY,37.704340996083,11/04/1919
1,NM,1.8908514492753623,-83.764542007709,12.23,Kentucky,71647,3,334,60452,Security Bank and Trust Co.,Maysville,8121,KY,38.647951012779,01/01/1928
1,NM,-0.5623698496575467,-82.6926059754065,-7.24,Kentucky,209287,4,-292,193086,First & Peoples Bank and Trust Company,Russell,8122,KY,38.5049389807996,02/28/1932
1,NM,0.3074160902614974,-86.9027099604265,2.28,Kentucky,157720,3,119,136272,"Commonwealth Community Bank, Inc.",Hartford,8126,KY,37.4456470075276,07/05/1928
1,SM,1.1073715350146924,-87.1109180278661,13.72,Kentucky,3794060,26,10500,3112058,Independence Bank of Kentucky,Owensboro,8136,KY,37.7513830027317,01/01/1909
1,NM,0.891832604850811,-92.7086729894898,10.19,Louisiana,151074,5,341,137337,Colfax Banking Company,Colfax,8140,LA,31.5206340055543,01/01/1901
1,NM,1.7292184145436464,-93.4882980275379,18.13,Louisiana,1357381,51,5773,1206417,Sabine State Bank and Trust Company,Many,8141,LA,31.567279003359,01/01/1902
1,SM,0.747029346563166,-92.5130449852501,3.36,Louisiana,70963,1,131,54993,Bank of Gueydan,Gueydan,8144,LA,30.025985017431,05/14/1927
1,NM,0.9609992065577656,-90.7229579662545,8.3,Louisiana,1387108,25,3305,1218342,First American Bank and Trust,Vacherie,8149,LA,29.9896210106041,12/03/1910
1,NM,0.45783659978061997,-86.2339269585134,5.06,Michigan,404574,9,468,365018,State Savings Bank,Frankfort,8162,MI,44.63272899605,01/01/1901
1,NM,1.4339421725235768,-86.0213110158319,14.66,Michigan,413398,9,1488,369661,Honor  Bank,Honor,8165,MI,44.6645619974772,06/15/1917
1,NM,1.7696536082561312,-85.8512690224923,16.94,Michigan,481410,13,2095,409947,Lake-Osceola State Bank,Baldwin,8172,MI,43.8949069817992,01/01/1908
1,SM,1.8012059110944194,-83.1959990240615,21.9,Michigan,543781,3,2410,496515,Citizens State Bank,Royal Oak,8183,MI,42.5287299801264,12/06/1910
1,NM,-0.07030165267468495,-92.5855079631254,-2,Minnesota,84943,3,-15,81975,The First State Bank of Red Wing,Red Wing,8191,MN,44.5673369916935,10/14/1915
1,NM,-0.18629850533469572,-122.196235007626,-2.46,Washington,113780,3,-49,91624,Portage Bank,Bellevue,8197,WA,47.618485083798,04/01/1901
1,NM,0.8025614524339025,-94.4606329940542,8.95,Minnesota,589979,6,1190,506474,Citizens Bank Minnesota,New Ulm,8200,MN,44.3144649892647,12/13/1875
1,NM,0.7152092298203772,-94.7263460302382,6.6,Minnesota,178989,4,316,147153,Americana Community Bank,Sleepy Eye,8205,MN,44.2976800186083,01/01/1881
1,NM,1.3442247193063361,-95.9117450359798,13.95,Minnesota,105668,4,368,94387,Prairie Sun Bank,Milan,8207,MN,45.1118350192494,12/15/1915
1,NM,1.0300510862519106,-94.6898280059406,10.55,Minnesota,167260,3,433,149769,Freeport State Bank,Freeport,8210,MN,45.6636919806077,01/01/1908
1,NM,0.9932395959180527,-93.5253730293016,15.74,Minnesota,188783,2,483,176405,Farmers State Bank of Hamel,Hamel,8214,MN,45.0405890098962,01/01/1919
1,NM,1.6040013797861332,-94.6410470058401,8.33,Minnesota,23429,1,93,18581,First State Bank of Swanville,Swanville,8218,MN,45.9141300040829,05/01/1907
1,SM,1.8884021153271688,-77.9981350237495,13.69,Virginia,583253,12,2742,492987,Citizens Bank and Trust Company,Blackstone,823,VA,37.0797600024751,07/15/1873
1,SM,0.9172355271457245,-90.3964280199243,8.03,Mississippi,331623,9,758,291130,Copiah Bank,Hazlehurst,8231,MS,31.8606469975136,10/26/1891
1,NM,1.3760083757031565,-89.4486742645461,10.12,Mississippi,597440,9,1978,502800,Bank of Holly Springs,Holly Springs,8232,MS,34.7681860492981,02/01/1869
1,NM,1.854279316183298,-90.8270949827633,15.17,Mississippi,447075,5,2037,390336,RiverHills Bank,Vicksburg,8234,MS,32.3626929905092,02/01/1890
1,NM,1.3884063941938756,-90.650077988696,12.37,Mississippi,2688272,33,8248,2283093,Planters Bank & Trust Company,Indianola,8235,MS,33.454370332628,04/10/1920
1,NM,1.1098421847335382,-90.8294150097433,7.63,Mississippi,199368,5,543,166495,Bank of Anguilla,Anguilla,8243,MS,32.9741659867457,01/01/1904
1,NM,0.5989819895437078,-89.1387060140905,6.34,Mississippi,233558,3,347,210339,Bank of Wiggins,Wiggins,8250,MS,30.8580309808524,12/04/1916
1,SM,2.300407709895335,-94.35105997806,22.03,Missouri,196742,3,1108,175534,Adrian Bank,Adrian,8251,MO,38.3976769812394,10/18/1932
1,SM,1.2185152022423795,-93.2773019714641,13.69,Missouri,2205885,10,6573,1922861,Omb Bank,Springfield,8252,MO,37.1488630106435,04/13/1883
1,SM,1.5996953275992467,-89.5804869999999,14.7,Missouri,1221231,12,4841,1079874,Montgomery Bank,Sikeston,8255,MO,36.8782560000001,01/01/1934
1,NM,1.064507943581079,-92.3247040399931,6.96,Missouri,81009,2,215,68353,"Farmers Bank of Lohman, Missouri",Jefferson City,8268,MO,38.589120990871,02/23/1909
1,N,1.3814308287717472,-94.581343380074,13.19,Missouri,72349509,209,250608,60331165,"UMB Bank, National Association",Kansas City,8273,MO,39.101462475537,08/28/1902
1,SM,2.045267430271691,-91.719542509081,23.11,Missouri,357623,7,1770,324547,Exchange Bank Co.,Kahoka,8274,MO,40.422042477564,09/08/1903
1,NM,1.0755097468070804,-91.3945969278313,14.22,Missouri,138814,2,366,122056,Alton Bank,Alton,8276,MO,36.6920217810122,04/17/1924
1,NM,1.5853458701910184,-94.583367022957,18.24,Missouri,2680831,2,10485,2386401,Lead Bank,Kansas City,8283,MO,39.091505989941,01/12/1928
1,NM,1.0150889118943134,-93.10524597443,11.73,Missouri,333810,5,831,299636,O'Bannon Banking Company,Buffalo,8295,MO,37.630188980899,11/20/1905
1,SM,1.8417998206851496,-92.426966061072,20.16,Missouri,297340,6,1325,266391,Century Bank of the Ozarks,Gainesville,8296,MO,36.603465761151,07/24/1894
1,NM,1.509045700077167,-106.679316976424,16.84,Montana,167764,1,638,145932,First State Bank of Forsyth,Forsyth,8317,MT,46.2651659949986,01/01/1917
1,NM,1.5510661421632228,-104.824891977396,13.4,Colorado,591778,13,2246,509075,Stockmens Bank,Colorado Springs,8321,CO,38.8350399950682,05/01/1897
1,NM,1.7101506628600505,-99.6414699962556,14.39,Nebraska,280562,4,1210,231813,Nebraska State Bank and Trust Company,Broken Bow,8322,NE,41.4029180078781,02/23/1917
1,NM,0.89598805349262,-97.0799789936654,9.18,Nebraska,75860,2,168,68278,First Tri County Bank,Swanton,8333,NE,40.3788959935209,04/01/1894
1,NM,1.0000666027962928,-99.9345679673993,12.51,North Dakota,100416,2,244,91904,First State Bank of Harvey,Harvey,8383,ND,47.7704850201358,06/05/1913
1,NM,1.5258924881584386,-97.1780529605122,15.51,North Dakota,567295,12,2100,492729,KodaBank,Drayton,8386,ND,48.5613949916146,04/01/1916
1,NM,1.7384697923307366,-97.217839005039,15.52,North Dakota,669239,11,2969,572144,BankNorth,Arthur,8387,ND,47.103521603673,01/01/1905
1,NM,1.017831938452975,-96.9025129810453,13.89,North Dakota,125380,3,320,112237,Lincoln State Bank,Hankinson,8390,ND,46.0712429955933,08/03/1903
1,NM,0.680481404397792,-81.6415774592679,4.99,Ohio,54397,2,94,46586,The Waterford Commercial and Savings Bank,Waterford,8397,OH,39.5425350821155,01/01/1908
1,SM,1.3887683360819374,-84.3399610018078,6.8,Ohio,92050,1,320,71546,The Ottoville Bank Company,Ottoville,8403,OH,40.9319949852917,01/01/1904
1,NM,1.2783895570858854,-77.6608980343029,15.56,Pennsylvania,2298449,25,7251,1890349,Farmers and Merchants Trust Company of Chambersburg,Chambersburg,8405,PA,39.9370989948218,01/10/1906
1,NM,0.628833067571777,-78.8462309906474,8.83,Pennsylvania,1512087,17,2377,1192378,1st Summit Bank,Johnstown,8426,PA,40.2807270178016,01/01/1924
1,NM,2.0559024232464593,-85.5000500127208,23.64,Tennessee,1670707,20,8565,1492356,One Bank of Tennessee,Cookeville,8432,TN,36.1602200037615,11/01/1901
1,NM,1.0424181332879512,-88.623454584099,10.44,Tennessee,1062984,17,2787,935608,Centennial Bank,Trezevant,8439,TN,36.009954021317,01/01/1916
1,SM,1.2051124830565045,-78.7555050192194,7.56,West Virginia,370529,7,1108,283013,The Bank of Romney,Romney,845,WV,39.3419290098091,01/01/1888
1,NM,0.9140092277553447,-122.714419859794,8.62,California,3266467,21,7507,2837604,Exchange Bank,Santa Rosa,8468,CA,38.440544255283,05/01/1890
1,SM,0.5346303068555199,-81.2050800124207,6.12,West Virginia,82171,2,108,74269,The Pleasants County Bank,Saint Marys,847,WV,39.3906839841002,12/21/1896
1,NM,3.413338136623587,-90.9589409786085,19.96,Illinois,178076,4,1516,146462,Central State Bank,Clayton,8487,IL,40.0314120017138,05/01/1928
1,NM,1.1073905647594398,-88.7387859675748,9.68,Illinois,207498,7,568,182191,Scott State Bank,Bethany,8491,IL,39.6456719979857,01/01/1887
1,NM,1.132597265089549,-94.461414019792,8.21,Iowa,168793,4,472,142816,Union State Bank,Greenfield,8499,IA,41.303400006752,01/06/1890
1,NM,1.7381801150113192,-95.8069050292517,14.17,Iowa,77955,1,334,68502,The Farmers State Bank,Marcus,8503,IA,42.8258070083455,12/28/1928
1,NM,1.0124300053742004,-91.2886119593347,6.78,Iowa,348269,1,876,295500,New Albin Savings Bank,New Albin,8506,IA,43.496233994838,01/01/1898
1,NM,1.3212892734179467,-96.2277649977374,21.54,Iowa,86658,2,260,81635,Sloan State Bank,Sloan,8507,IA,42.2322999929228,10/19/1889
1,NM,1.6782683322208447,-95.4173870083957,18.35,Iowa,149941,3,616,136040,Farmers Trust & Savings Bank,Earling,8510,IA,41.7754480064732,01/01/1892
1,NM,1.8916129527987384,-95.3549350403971,21.49,Iowa,285319,3,1354,258361,Crawford County Trust and Savings Bank,Denison,8511,IA,42.0190479895189,03/15/1927
1,NM,1.482694711434852,-92.0905460194175,13.11,Iowa,103520,3,387,91076,White State Bank,South English,8519,IA,41.4521989885029,01/01/1908
1,NM,1.3651558007433553,-93.8015379634693,8.65,Iowa,125877,2,438,102091,First State Bank,Britt,8522,IA,43.0984820113976,11/12/1927
1,NM,0.8872749281283099,-91.4349650179199,9.11,Louisiana,672299,9,1466,591715,Concordia Bank & Trust Company,Vidalia,8527,LA,31.5686289926845,07/01/1903
1,NM,0.4930938839548371,-93.341129996507,6.01,Louisiana,324381,3,396,251490,Bank of Coushatta,Coushatta,8531,LA,32.0222360091388,08/01/1897
1,NM,0.43391326331272556,-92.0350170005276,3.29,Louisiana,108614,3,118,93485,Bank of Erath,Erath,8532,LA,29.9572739889646,01/01/1910
1,NM,1.3412147728317478,-91.237972239078,11.38,Louisiana,184548,4,620,161252,Tensas State Bank,Newellton,8533,LA,32.073421926836,01/01/1922
1,NM,0.16136487792578896,-92.0821409821893,2.05,Louisiana,296298,8,120,271988,St. Landry Bank and Trust Company,Opelousas,8534,LA,30.5326589944459,01/01/1931
1,NM,-2.2354820162269213,-94.1875390215719,-44.07,Minnesota,370922,4,-2187,333793,ProGrowth Bank,Nicollet,8536,MN,44.2757960009742,01/01/1903
1,NM,0.49336765666052373,-93.1021289960957,6.09,Minnesota,420382,3,511,350684,BankCherokee,Saint Paul,8537,MN,44.9279159889221,01/15/1908
1,NM,1.8303186907838072,-94.4498970333719,19.11,Minnesota,155685,1,680,140842,State Bank of Fairmont,Fairmont,8541,MN,43.6517410137,06/01/1917
1,NM,0.9535066424137759,-95.5756339875868,11.79,Minnesota,352389,3,842,320968,United Community Bank,Perham,8544,MN,46.5955200170146,01/01/1911
1,NM,1.2065131530909596,-94.3090890228325,12.69,Minnesota,378626,4,1136,329957,Sentry Bank,Saint Joseph,8546,MN,45.5668349822829,11/04/1904
1,NM,0.9755250431322509,-87.8879313035228,9,Alabama,136483,3,323,121265,"Merchants & Farmers Bank of Greene County, Alabama",Eutaw,855,AL,32.8392415105737,01/01/1900
1,SM,0.6351147213063182,-88.696735971,8.13,Mississippi,342752,11,535,310085,Great Southern Bank,Meridian,8552,MS,32.359668003563,03/02/1902
1,NM,2.7102386510032015,-93.496253962394,24.29,Missouri,196089,5,1328,161443,Bank 21,Carrollton,8560,MO,39.35753799945,08/12/1912
1,NM,2.160287659356746,-94.1984739686355,9.31,Missouri,103366,2,570,78523,The Bank of Grain Valley,Grain Valley,8564,MO,39.0152190201987,05/11/1905
1,NM,1.3149824910806729,-94.3312859788217,13.05,Missouri,310177,5,997,267954,Goppert Financial Bank,Lathrop,8569,MO,39.5485119938611,09/28/1879
1,NM,1.0640999286569366,-93.0812840410887,9.76,Missouri,121835,2,330,102775,Citizens Bank of Rogersville,Rogersville,8572,MO,37.1171670114236,01/01/1908
1,NM,1.1185932201005908,-91.947583134924,8.6,Missouri,601513,12,1690,520110,The Maries County Bank,Vienna,8576,MO,38.1940629727272,08/17/1900
1,SM,0.9237358115578945,-92.2941560262321,10.48,Missouri,72473,2,165,65037,Bank of Iberia,Iberia,8584,MO,38.0898660039948,10/01/1899
1,NM,2.635781404965624,-93.9810869628475,17.39,Missouri,61601,1,392,52358,Montrose Savings Bank,Montrose,8594,MO,38.2579649883592,01/01/1895
1,SM,0.9850442549589866,-96.1589240078623,12.19,Nebraska,226169,5,547,197262,I3 Bank,Bennington,8595,NE,41.3705799967845,01/28/1928
1,NM,0.41281058948903476,-97.8887670197937,3.28,Nebraska,45463,1,46,38583,First State Bank,Hordville,8604,NE,41.079585003238,01/01/1906
1,NM,0.8792018480165684,-87.8305448445473,16.48,Alabama,407088,5,883,363389,State Bank & Trust,Winfield,861,AL,33.9324720282174,10/03/1907
1,NM,1.1348280943325855,-101.511840979341,10.2,North Dakota,84094,3,232,74532,The Citizens State Bank at Mohall,Mohall,8632,ND,48.7632499955423,06/01/1915
1,SM,1.9566854018253272,-103.395101137962,20.44,North Dakota,412006,5,2037,356877,Dakota Western Bank,Bowman,8637,ND,46.1800942975132,01/01/1910
1,NM,0.6257435850990692,-98.4400760734783,6.13,North Dakota,123986,3,190,111438,Farmers & Merchants Bank of North Dakota,Tolna,8640,ND,47.826296780939,08/01/1917
1,NM,0.9946624008109349,-82.1093290308999,14.57,Ohio,188142,6,471,169835,Farmers State Bank,West Salem,8647,OH,40.9721769909245,04/15/1915
1,NM,1.1827853661884824,-88.32502798565,13.65,Tennessee,1096299,11,3231,992142,Commercial Bank & Trust Co.,Paris,8660,TN,36.302081996716,05/15/1877
1,SM,0.21444193314529048,-88.1264479589306,2.13,Tennessee,82726,1,44,73744,Farmers Bank,Parsons,8661,TN,35.6503029845889,03/09/1907
1,SM,1.4558946398797254,-86.78826596904,11.98,Tennessee,16433171,132,59507,14099930,FirstBank,Nashville,8663,TN,36.155894983632,01/01/1906
1,SM,0.943401317178761,-78.7741349724932,12.04,Virginia,1407432,16,3278,1283671,Farmers & Merchants Bank,Timberville,8668,VA,38.6317630012668,01/01/1908
1,NM,0.42939084179831444,-79.5488990096137,4.49,Virginia,61955,2,67,55656,The Blue Grass Valley Bank,Blue Grass,8672,VA,38.4976789953642,12/02/1915
1,NM,-12.764251908071461,-117.580604999131,-181.19,Washington,55859,1,-1871,52420,Lamont Bank of St. John,Saint John,8681,WA,47.0916140205653,01/01/1908
1,NM,0.21745822771544412,-91.3493449666301,1.52,Wisconsin,153837,3,83,120393,Bluff View Bank,Galesville,8693,WI,44.0830090009063,01/01/1883
1,NM,0.07692987018084406,-88.9102089632816,0.74,Wisconsin,530089,2,98,401023,Bank of Lake Mills,Lake Mills,8695,WI,43.0805249992202,01/01/1893
1,NM,0.5468768786010866,-87.8689520377056,7.95,Wisconsin,1003271,8,1393,922861,The Port Washington State Bank,Port Washington,8698,WI,43.3887880125031,09/11/1899
1,NM,0.654536446075715,-87.9532599858722,6.81,Wisconsin,153406,1,251,126964,Waldo State Bank,Waldo,8700,WI,43.6749569995678,01/01/1913
1,NM,0.04469024076867214,-91.1224419861671,0.51,Wisconsin,587615,13,67,516775,Unity Bank,Augusta,8714,WI,44.6802589971014,12/01/1914
1,SM,0.9308139814414154,-107.166001958384,8.09,Wyoming,51961,2,121,46156,Cowboy State Bank,Ranchester,8725,WY,44.9091680184515,01/01/1912
1,SM,0.5438293155714914,-94.15993783351,6.58,Arkansas,28023532,228,37940,24650471,Arvest Bank,Fayetteville,8728,AR,36.062947346858,01/01/1871
1,SM,1.273390258678829,-92.1915228907911,12.65,Arkansas,176714,3,557,157894,Gateway Bank,Rison,8730,AR,33.96050003076,01/01/1932
1,SM,1.1681741142579694,-91.483307479086,11.5,Arkansas,283272,3,809,252396,Merchants and Farmers Bank,Dumas,8735,AR,33.88213450722,05/10/1909
1,SM,1.5337508623760039,-94.3241754427199,13.93,Arkansas,562966,9,2137,498393,Citizens' Bank & Trust Co.,Van Buren,8738,AR,35.4438849563915,05/01/1886
1,NM,1.5597776282936178,-85.7064180009563,13.56,Indiana,811763,6,3168,650532,First State Bank of Middlebury,Middlebury,8745,IN,41.6748240132233,01/01/1910
1,NM,1.4589290070963066,-94.365364031105,15.38,Iowa,287078,3,1039,255550,Iowa State Savings Bank,Creston,8751,IA,41.0575690125383,01/01/1883
1,NM,1.5167578325712687,-90.8383490288809,14.98,Iowa,314891,8,1166,261842,First Trust and Savings Bank,Wheatland,8752,IA,41.8314659836849,01/01/1905
1,NM,2.559589661068088,-84.4473460057971,16.12,Georgia,159860,1,1018,132333,Bank of Dawson,Dawson,876,GA,31.774844011187,07/01/1911
1,NM,1.3279902475716194,-94.2317023364011,10.91,Iowa,157396,3,512,137824,Farmers State Bank,Algona,8760,IA,43.0689179662724,01/01/1895
1,NM,3.5160530672200334,-91.2180769868279,33.27,Iowa,350950,6,3016,287854,Kerndt Brothers Savings Bank,Lansing,8761,IA,43.3620880047614,01/14/1908
1,NM,2.059545982130807,-87.2660175205773,27.53,Kentucky,149405,2,763,136776,The Sacramento Deposit Bank,Sacramento,8762,KY,37.4155569299993,01/01/1895
1,NM,2.1448967730523334,-83.1784250229497,14.28,Georgia,197843,5,1061,166811,Magnolia State Bank,Eastman,877,GA,32.1968699862235,01/02/1919
1,SM,1.1070628683487709,-85.2211339702928,9.51,Kentucky,477932,3,1321,382769,Springfield State Bank,Springfield,8772,KY,37.6851950109402,01/01/1911
1,NM,1.608886648652615,-85.9563879789581,15.47,Kentucky,1573393,19,6304,1300256,The Cecilian Bank,Cecilia,8774,KY,37.6660569886053,05/01/1903
1,NM,2.287816939849117,-85.3067550274109,26.73,Kentucky,229782,3,1315,208539,Bank of Columbia,Columbia,8775,KY,37.1028169836396,01/01/1866
1,NM,1.2204964791511943,-84.1755570118202,13.3,Kentucky,626923,9,1894,540076,Peoples Exchange Bank,Winchester,8785,KY,37.9954649871194,09/13/1912
1,NM,2.4724175614680917,-82.4799310241267,18.63,Georgia,188636,3,1151,162918,Farmers State Bank,Lincolnton,879,GA,33.7933810166053,12/02/1911
1,NM,1.6008758718775458,-92.0528779980041,12.28,Louisiana,581058,13,2292,503649,Cottonport Bank,Cottonport,8798,LA,30.9852399821324,07/02/1902
1,NM,1.0634944563980977,-92.7149379591993,6.32,Louisiana,67585,1,194,55025,Jackson Parish Bank,Jonesboro,8799,LA,32.2405599859732,01/01/1904
1,SM,1.106990687384669,-94.16340919871,10.03,Arkansas,1072055,12,2956,910938,Generations Bank,Rogers,88,AR,36.284134162722,10/08/1907
1,NM,1.7089167893493498,-75.6887926108002,13.47,Maryland,821929,14,3494,706700,Hebron Savings Bank,Hebron,8811,MD,38.4193202656933,06/11/1910
1,NM,0.8088676475778607,-76.1571079940335,7.86,Maryland,730382,9,1461,649954,The Queenstown Bank of Maryland,Queenstown,8816,MD,38.9909229841972,01/01/1899
1,NM,2.2487246421320233,-92.7195500176025,23.72,Minnesota,233559,3,1318,183200,United Farmers State Bank,Adams,8821,MN,43.5650759905414,01/01/1914
1,NM,2.2475129612550258,-95.3904500023417,16.06,Minnesota,223099,5,1255,190616,Eagle Bank,Glenwood,8824,MN,45.6499770077178,01/04/1908
1,NM,1.2229043979451197,-95.6664990147885,11.38,Minnesota,97719,2,305,86200,Currie State Bank,Currie,8833,MN,44.0706109926433,02/01/1931
1,SM,1.4672195460850257,-90.32958494049,18.67,Minnesota,201549,5,755,182363,Grand Marais State Bank,Grand Marais,8842,MN,47.752879251611,09/16/1916
1,N,1.4866895979723898,-94.8618180373971,12.01,Minnesota,600999,7,2207,522485,American Heritage National Bank,Long Prairie,8843,MN,45.9732820168013,09/01/1881
1,NM,3.23758760240845,-96.0192639827818,24.75,Minnesota,61161,1,492,53336,Farmers and Merchants State Bank of Appleton,Appleton,8845,MN,45.2024220187228,02/20/1915
1,SM,1.342679842529023,-92.1008600350939,15.58,Minnesota,580807,7,1953,491628,North Shore Bank of Commerce,Duluth,8850,MN,46.7853580120883,09/14/1915
1,NM,1.4345005221776703,-92.131030360298,14.7,Minnesota,1471716,17,5302,1200936,Park State Bank,Duluth,8851,MN,46.761297507566,06/28/1916
1,NM,1.655182804609329,-95.3896170088042,16.65,Minnesota,549277,3,2307,472759,Glenwood State Bank (Incorporated),Glenwood,8853,MN,45.6505289979514,05/09/1907
1,NM,0.05746713598161052,-94.6891096589906,0.46,Minnesota,54726,1,8,44369,Grove Bank,Grove City,8857,MN,45.148246356103,12/07/1907
1,NM,1.3512050410341916,-95.9474820345396,12.53,Minnesota,68470,1,234,60101,State Bank of Chandler,Chandler,8858,MN,43.929133980502,01/01/1902
1,NM,0.8240480773192539,-93.7898749642958,9.93,Minnesota,171888,4,350,148005,Woodland Bank,Deer River,8863,MN,47.333112995761,01/01/1920
1,NM,0.7575694646342983,-92.8990469653621,12.44,Minnesota,123251,3,228,107550,Heritage Bank Minnesota,West Concord,8865,MN,44.1514290096943,06/02/1930
1,N,1.2229585035055752,-91.6350755042159,10.54,Minnesota,2930432,22,8911,2554320,"Merchants Bank, National Association",Winona,8866,MN,44.0520205829155,01/01/1875
1,NM,1.6345416368048482,-95.988624019543,14.84,Minnesota,319057,6,1300,280647,Ultima Bank Minnesota,Winger,8867,MN,47.536137987644,01/01/1904
1,SM,1.0880661520876105,-88.422410026389,8.39,Mississippi,3323022,51,8949,2856705,BankFirst Financial Services,Columbus,8870,MS,33.495566003721,06/01/1888
1,NM,1.0217782820430397,-90.0661201,12.41,Mississippi,5123303,57,12949,4657542,Community Bank of Mississippi,Flowood,8879,MS,32.3401683,08/14/1905
1,NM,0.6699520335132914,-90.3397930089104,6.11,Missouri,989782,7,1708,859681,Midwest Regional Bank,Clayton,8889,MO,38.652700995399,06/13/1894
1,NM,1.7759586777728331,-82.5868059893077,18.44,Georgia,295683,3,1267,265790,Georgia First Bank,Soperton,889,GA,32.382338998086,06/01/1903
1,NM,1.226228024848367,-91.1620319779785,14.06,Missouri,1338745,11,4052,1189450,SULLIVAN BANK,Sullivan,8892,MO,38.208014000304,04/01/1895
1,NM,1.5184808890359063,-94.2780339877485,17.02,Missouri,65213,1,241,49683,America's Community Bank,Blue Springs,8893,MO,39.0181240202012,02/27/1888
1,NM,2.5562113296364317,-91.3060622888517,26.99,Missouri,141206,3,896,123870,Jonesburg State Bank,Jonesburg,8896,MO,38.8531052151423,02/21/1921
1,NM,0.7269822248851608,-90.3511270183842,6.05,Missouri,295696,4,546,258497,St. Johns Bank and Trust Company,Saint Louis,8898,MO,38.7107530090542,01/01/1926
1,SM,1.0072021425890338,-94.1185283819765,11.18,Arkansas,1628308,11,3968,1434416,Signature Bank of Arkansas,Fayetteville,89,AR,36.1213091975643,08/18/1933
1,SM,1.5623720307703302,-90.976781188965,18.7,Missouri,904857,10,3553,800583,Peoples Bank & Trust Co.,Troy,8903,MO,38.980280188369,03/10/1924
1,NM,2.1208338636253923,-94.8732510371475,23.57,Missouri,1651548,10,8457,1416910,The Nodaway Valley Bank,Maryville,8904,MO,40.3481329839435,12/12/1868
1,NM,2.032720703238748,-85.9520879788101,15.6,Tennessee,834392,7,4232,724408,Citizens Bank,Carthage,893,TN,36.2533869949418,10/26/1929
1,NM,1.7680930298527857,-96.8818086743736,16.49,North Dakota,1177195,12,5111,977100,Bank Forward,Fargo,8941,ND,46.821755965623,09/05/1927
1,NM,1.4710536301637986,-97.6364658675516,17.46,North Dakota,334833,6,1226,304611,Stock Growers Bank,Forman,8942,ND,46.107395159334,01/01/1900
1,NM,1.3615819852229647,-99.9961775971052,13.98,North Dakota,257560,6,897,226749,Merchants Bank,Rugby,8943,ND,48.3685407430073,08/04/1897
1,NM,1.3942697290276744,-97.0175509979099,16.43,North Dakota,47138,1,157,43372,Kindred State Bank,Kindred,8946,ND,46.6488440086361,12/01/1898
1,NM,2.0901140263478357,-96.3913069928024,21.59,Oklahoma,114456,2,590,102935,Community Bank,Bristow,8975,OK,35.8324450095335,03/17/1924
1,NM,1.259906380985342,-89.4763491085157,14.26,Mississippi,298150,3,901,271148,The Bank of Forest,Forest,898,MS,32.3642041282146,03/27/1900
1,NM,2.312943950620723,-96.4929290192634,21.02,Oklahoma,394805,4,2283,296941,Security State Bank of Oklahoma,Wewoka,8980,OK,35.1572550065616,12/05/1911
1,NM,1.0749744942394308,-88.8221200224115,10.8,Illinois,100296,2,270,79199,The Gerber State Bank,Argenta,899,IL,39.9820700008339,10/01/1887
1,SM,0.6225231440627657,-91.792240036555,9.33,Arkansas,372851,8,582,344734,Commercial Bank & Trust Company,Monticello,90,AR,33.629327893085,01/01/1913
1,NM,0.7491652619818004,-108.566451011489,10.99,Colorado,230497,2,435,211400,Home Loan State Bank,Grand Junction,90040,CO,39.0685879807307,12/16/1960
1,NM,1.6131297526133102,-99.3385683515167,11.97,South Dakota,152269,3,603,131034,First State Bank of Roscoe,Roscoe,9005,SD,45.4496307928322,05/23/1903
1,NM,2.203658175546088,-98.5131069917758,24.39,South Dakota,156028,4,856,134713,Heartland State Bank,Redfield,9007,SD,44.8753490088858,01/01/1909
1,SI,0.47688948251559204,-73.1196413995324,4.6,Massachusetts,1025162,10,1226,826777,Adams Community Bank,Adams,90140,MA,42.6207275700852,05/01/1869
1,SM,0.09881117801451289,-71.0382346301518,1.23,Massachusetts,1627182,11,396,1304409,Bluestone Bank,Raynham,90169,MA,41.9052793699807,03/19/1872
1,SM,0.32400234780805764,-71.0809133532834,3.48,Massachusetts,1668521,12,1340,1338961,East Cambridge Savings Bank,Cambridge,90173,MA,42.3709351207926,04/02/1854
1,SI,0.13169520277074362,-71.109330184343,0.92,Massachusetts,792830,6,256,674459,The Bank of Canton,Canton,90175,MA,42.1687150849815,03/04/1835
1,SI,0.24022963126517993,-71.6840999162216,3.01,Massachusetts,728890,9,442,583146,Clinton Savings Bank,Clinton,90181,MA,42.4176356487058,05/15/1851
1,NM,0.5842961870222202,-71.3468660280792,4.54,Massachusetts,6153688,35,8991,5208359,Middlesex Savings Bank,Natick,90183,MA,42.2844038728086,03/05/1835
1,SM,0.8393759986183439,-72.6712452027347,8.67,Massachusetts,2009091,11,4204,1751233,Bankesb,Easthampton,90188,MA,42.2712947019708,02/10/1869
1,SM,0.6477052755052353,-70.5148429472534,5.83,Massachusetts,1297467,10,2090,1043263,Martha's Vineyard Bank,Edgartown,90190,MA,41.3900036743796,04/15/1955
1,SI,0.21991937264489603,-71.058239550823,2.18,Massachusetts,680250,6,376,604743,Eagle Bank,Everett,90191,MA,42.404508372957,03/01/1889
1,SI,0.35683926515812414,-71.2201184086595,3.96,Massachusetts,2885657,26,2557,2481234,BayCoast Bank,Swansea,90196,MA,41.7589225814486,11/15/1851
1,NM,2.4888537262755377,-89.2579779817061,29.58,Illinois,367957,4,2265,332660,Byron Bank,Byron,902,IL,42.1269310042853,07/01/1932
1,SI,1.2173704549807445,-70.6637888637668,6.06,Massachusetts,1054606,4,3186,793527,Cape Ann Savings Bank,Gloucester,90203,MA,42.6122680085768,04/15/1846
1,SI,0.5787035474284419,-72.5997571240178,6.23,Massachusetts,1493176,9,2143,1239111,Greenfield Savings Bank,Greenfield,90206,MA,42.5881119503584,03/19/1869
1,SI,0.37290471466451386,-71.0770819853419,3.57,Massachusetts,1112104,6,1037,877941,Pentucket  Bank,Haverhill,90208,MA,42.7751972865198,01/01/1891
1,SI,0.2508984900658697,-70.8884628447185,2.37,Massachusetts,4547851,9,2851,2621120,Hingham Institution for Savings,Hingham,90211,MA,42.241177350395,04/02/1834
1,SI,0.4121685946158006,-72.6447686146222,4.68,Massachusetts,4625654,21,4691,3468621,PeoplesBank,Holyoke,90213,MA,42.169888383788,03/17/1885
1,SI,0.8901239891609304,-71.5688640864421,7.64,Massachusetts,2802372,10,6270,2228250,Avidia Bank,Hudson,90215,MA,42.3914233839099,02/26/1869
1,SI,0.6803935522385465,-71.2410555646015,5.46,Massachusetts,1878566,15,3130,1615472,The Lowell Five Cent Savings Bank,Tewksbury,90227,MA,42.6413557271666,04/12/1854
1,SM,0.16406239663407468,-71.3092619605871,1.77,Massachusetts,298712,2,124,242995,Washington Savings Bank,Lowell,90229,MA,42.6415036677576,04/06/1892
1,NM,1.351081568943472,-77.8592649930433,14.09,West Virginia,975423,9,3240,845635,Potomac Bank,Charles Town,9023,WV,39.2888889970672,02/20/1870
1,SM,0.44246117138952445,-70.8551268423233,4.47,Massachusetts,263046,3,293,230159,Marblehead Bank,Marblehead,90234,MA,42.5003154121806,03/18/1871
1,SI,0.5290039964655905,-71.5463697405282,4.86,Massachusetts,1612083,6,2171,1344536,Main Street Bank,Marlborough,90235,MA,42.3454232897355,04/03/1860
1,NM,1.2191693109566935,-81.090615988286,12.31,West Virginia,210289,4,645,187292,"Calhoun County Bank, Inc.",Grantsville,9024,WV,38.925717016182,01/01/1900
1,SI,0.9338878824219847,-72.3144569212172,10.14,Massachusetts,813958,6,1830,733336,Monson Savings Bank,Monson,90245,MA,42.0987480283243,03/27/1872
1,SI,0.14784020270138637,-70.8706689024673,1.19,Massachusetts,5406916,13,1992,3313274,Institution for Savings in Newburyport and Its Vicinity,Newburyport,90250,MA,42.8081988509783,01/01/1820
1,SI,0.0895241846486887,-70.8703493004992,1.02,Massachusetts,1576539,12,354,1228581,Newburyport Five Cents Savings Bank,Newburyport,90251,MA,42.8092505702792,04/01/1854
1,SI,1.076213371573523,-73.1109385532844,6.86,Massachusetts,1068191,6,2850,789362,MountainOne Bank,North Adams,90253,MA,42.6992696070575,01/01/1848
1,SM,0.48612370760021767,-72.0842722580229,5.33,Massachusetts,439941,7,536,374375,North Brookfield Savings Bank,North Brookfield,90258,MA,42.2661058429005,08/03/1854
1,SI,0.7142733888075274,-71.142989392925,6.79,Massachusetts,1834444,14,3208,1607067,North Easton Savings Bank,South Easton,90259,MA,42.022780031908,02/08/1864
1,SI,0.7281900465042823,-70.1882482926307,5.88,Massachusetts,469291,5,853,404711,Seamen's Bank,Provincetown,90268,MA,42.0494833085916,04/14/1851
1,SM,0.7690972073972236,-71.991734035309,8.34,Massachusetts,2396023,17,4053,1949984,Cornerstone Bank,Spencer,90282,MA,42.244258076998,04/05/1871
1,NM,0.9559629569662722,-71.6618684267913,12.05,Massachusetts,2916156,15,6753,2365279,UniBank for Savings,Whitinsville,90290,MA,42.1117305066957,06/03/1870
1,SI,0.12386267359192545,-71.0712581551966,1.31,Massachusetts,864036,9,269,757474,The Savings Bank,Wakefield,90291,MA,42.5040784257017,05/26/1869
1,SI,0.7334285065998235,-71.8634688723197,6.26,Massachusetts,1312790,7,2396,1011596,Webster Five Cents Savings Bank,Webster,90297,MA,42.0461694812617,03/15/1868
1,NM,1.0446523307439215,-87.6329960150798,10.57,Illinois,1276984,2,3585,1096977,Amalgamated Bank of Chicago,Chicago,903,IL,41.8828460024124,06/30/1922
1,NM,0.7052637133748669,-80.351311005816,8.11,West Virginia,163812,4,284,149102,The Harrison County Bank,Lost Creek,9030,WV,39.160239984822,02/01/1911
1,SB,0.808520766566196,-72.7479111183192,8.78,Massachusetts,2761354,27,5554,2383591,Westfield Bank,Westfield,90300,MA,42.1235451764071,04/15/1853
1,SM,0.690237725572043,-70.9546554046472,7.28,Massachusetts,2556320,13,4339,2248323,South Shore Bank,South Weymouth,90303,MA,42.1513253181015,02/01/1833
1,SI,0.4188224420975049,-71.13749103208,4.31,Massachusetts,1046911,5,1074,791122,Winchester Savings Bank,Winchester,90308,MA,42.455031551633,07/01/1871
1,SI,0.40299933812715905,-71.8018809109004,4.56,Massachusetts,585390,7,583,524020,Bay State Savings Bank,Worcester,90311,MA,42.2615932357784,03/09/1895
1,NM,0.9010529157667386,-89.2133969856489,5.6,Wisconsin,119616,2,267,100361,Headwaters State Bank,Land O' Lakes,9035,WI,46.1610280145709,09/01/1921
1,NM,3.528234453180844,-91.4109230374037,17.78,Wisconsin,140565,3,1234,110077,Security State Bank,Iron River,9036,WI,46.5643620102501,06/06/1911
1,NM,1.5639075672650882,-90.4782639772064,12.9,Wisconsin,545892,6,2131,470816,Mound City Bank,Platteville,9037,WI,42.7327470121592,02/15/1915
1,SM,1.642930530687134,-77.3077429725359,10.23,Pennsylvania,418517,4,1717,348984,The Bank of Landisburg,Landisburg,90384,PA,40.3428409855547,10/19/1903
1,NM,1.0217217639965197,-91.19051703773,16.94,Iowa,582879,8,1506,530373,Citizens State Bank,Monticello,9047,IA,42.237775010168,03/11/1931
1,NM,0.39404810915720756,-87.6304153535971,3.31,Alabama,138502,1,134,121839,Bank of Moundville,Moundville,9057,AL,32.9977973887771,09/17/1907
1,NM,1.6607437243635195,-83.756524968779,18.4,Georgia,466215,7,1909,421671,Planters First Bank,Cordele,9064,GA,31.9602030105704,01/01/1896
1,NM,1.0467649030234578,-83.074621019454,11.36,Georgia,525548,8,1345,475405,Bank of Dudley,Dudley,9068,GA,32.5363089854532,11/01/1905
1,NM,0.37185307875363754,-83.3903089740269,4.03,Georgia,298992,2,284,268287,Farmers & Merchants Bank,Eatonton,9069,GA,33.3255199870679,11/15/1922
1,NM,1.283816851234308,-84.34352741779,14.01,Georgia,89862,3,282,80577,First Bank of Pike,Zebulon,9070,GA,33.103309950374,01/01/1899
1,NC,,-66.054483,,Puerto Rico,,,,,Banco Cooperativo de Puerto Rico,San Juan,90709,PR,18.413021,01/18/1974
1,NM,1.0908385745195135,-88.6152089706693,13.59,Illinois,327101,5,893,291548,The Harvard State Bank,Harvard,9079,IL,42.4200560070668,08/01/1866
1,NM,1.4538015247654514,-89.0562944432523,20.45,Illinois,314075,4,1137,243385,Holcomb Bank,Rochelle,9080,IL,41.9341562463013,07/05/1892
1,NC,,-74.010927,,New York,,,,,French-American Banking Corporation (NYIC),New York City,90846,NY,40.708522,04/29/1919
1,SM,1.8290740879500857,-86.2498170352773,13.55,Indiana,9110853,81,41528,7228098,1st Source Bank,South Bend,9087,IN,41.676828000544,01/01/1922
1,NM,1.561365497772382,-91.8622990007802,17.25,Iowa,172336,1,672,147170,Atkins Savings Bank & Trust,Atkins,9096,IA,41.9962940141541,04/15/1915
1,NM,1.360304362414199,-92.4176089709707,9.57,Iowa,536116,6,1794,445688,South Ottumwa Savings Bank,Ottumwa,9099,IA,41.0099160070577,01/01/1903
1,NM,2.275581278953322,-91.535683978133,22.59,Iowa,1183399,17,6621,1045908,Pilot Grove Savings Bank,Pilot Grove,9100,IA,40.763767003437,01/01/1911
1,NM,1.920926392358099,-104.826422010002,11.07,Colorado,388729,6,1838,319412,5Star Bank,Colorado Springs,91005,CO,38.8321059936807,06/10/1980
1,NM,1.2701822935879994,-94.445478513113,7.75,Iowa,169258,6,538,136498,West Iowa Bank,West Bend,9105,IA,42.957214924021,01/01/1926
1,NM,1.8541735848033667,-94.3551520231902,17.79,Iowa,74437,1,342,66555,Farmers State Bank,Yale,9106,IA,41.7757380203231,03/21/1921
1,NM,1.4151777817088271,-99.8449105838336,14.27,North Dakota,52507,1,180,47042,Rolette State Bank,Rolette,9120,ND,48.6610300846994,01/01/1928
1,NM,1.1608427108892463,-100.445575975089,13.82,North Dakota,116855,1,343,98358,State Bank of Bottineau,Bottineau,9121,ND,48.8209379831426,10/21/1901
1,NM,1.9822326168250644,-98.8641300326512,16.16,North Dakota,2585304,10,12745,2214149,Western State Bank,Devils Lake,9123,ND,48.1049779840303,10/01/1902
1,SM,0.9725560128200565,-92.2789036446618,11.69,Arkansas,265300,5,649,241507,Bank of Little Rock,Little Rock,91280,AR,34.7505590295189,10/21/1927
1,SM,1.1639437145492184,-87.6327289676446,17.76,Illinois,173842608,67,509573,142285087,The Northern Trust Company,Chicago,913,IL,41.8810270036948,01/01/1889
1,N,13.23887764117142,-84.4270120116076,19.17,Georgia,398477,16,13168,1337,CIBC National Trust Company,Atlanta,91325,GA,33.8447550003625,05/14/1969
1,NM,1.2399922940541979,-84.4996489977928,15.82,Ohio,514064,6,1585,452528,Osgood Bank,Osgood,9137,OH,40.3393160180837,01/01/1915
1,SM,1.4304599923597232,-81.9169559711204,14.47,Ohio,1265131,16,4573,1102889,"The Commercial and Savings Bank of Millersburg, Ohio",Millersburg,9139,OH,40.5552930201196,01/01/1879
1,NM,1.501571805742944,-82.1593369739872,23.75,South Carolina,748364,13,2774,639287,Countybank,Greenwood,9155,SC,34.1892000074448,06/05/1933
1,SM,1.8123391988096835,-87.764824995662,14.09,Tennessee,582848,8,2631,496473,Wayne County Bank,Waynesboro,9168,TN,35.317686980272,02/14/1914
1,NM,1.5720479181804958,-88.327157994885,14.08,Tennessee,1601377,16,6201,1359404,Security Bank and Trust Company,Paris,9172,TN,36.30297500468,01/01/1905
1,NM,2.3987315894006156,-88.0962470397801,16.07,Tennessee,1406483,22,8338,1090759,Apex Bank,Camden,9176,TN,36.0576170012623,02/27/1931
1,NM,2.169508303215595,-85.321265023817,16.43,Tennessee,98367,1,526,85570,Union Bank & Trust Company,Livingston,9179,TN,36.3831049932088,01/01/1932
1,NM,-1.6368656919107327,-89.7411780197831,-16.77,Tennessee,55050,2,-226,49471,Brighton Bank,Brighton,9189,TN,35.4825740193401,10/10/1910
1,NM,0.6016680454892709,-88.5733210181803,7.04,Tennessee,129584,5,190,117341,Home Banking Company,Selmer,9196,TN,35.1628550612353,03/15/1915
1,NM,1.9482352985991047,-111.659397004014,13.2,Utah,2149085,13,10229,1773365,Central Bank,Provo,9204,UT,40.2348669852292,10/17/1891
1,NM,1.5146748692136507,-81.9267260012807,15.56,Georgia,441684,7,1625,394123,Glennville Bank,Glennville,9244,GA,31.9365590028169,01/18/1905
1,NM,0.923211915564762,-85.2825810319197,23.61,Georgia,452029,3,1039,386518,"The Bank of LaFayette, Georgia",La Fayette,9245,GA,34.7048499969323,07/18/1899
1,SM,0.7622476575075312,-88.3099740037275,7.37,Illinois,124459,1,235,108279,The State Bank of Geneva,Geneva,925,IL,41.887438991986,01/01/1903
1,NM,0.638940973696471,-89.2635159889532,6.54,Illinois,219823,3,348,164533,Farmers State Bank of Hoffman,Hoffman,9259,IL,38.5379309898885,01/01/1911
1,N,0.6440364149206304,-89.9267189902844,6.58,Illinois,589004,10,947,519937,Peoples National Bank of Kewanee,Kewanee,926,IL,41.2449550075666,03/01/1928
1,N,0.777268073618933,-89.1786789750581,9.97,Illinois,638743,6,1228,570592,Stillman BancCorp N.A.,Stillman Valley,9263,IL,42.108188984966,06/09/1882
1,SM,1.7601592959362817,-90.5621680014591,16.76,Illinois,132948,1,579,117259,Rushville State Bank,Rushville,9265,IL,40.1203770191038,01/01/1890
1,NM,1.6171884024488854,-88.1618149802842,13.35,Illinois,89018,2,350,78058,Villa Grove State Bank,Villa Grove,9273,IL,39.8623860207677,10/19/1919
1,SM,2.1226268428459227,-84.9525580112601,32.52,Indiana,1078099,7,5760,969664,First Bank of Berne,Berne,9288,IN,40.6677380114178,10/21/1891
1,SM,1.05250439662232,-95.0519879977461,7.72,Iowa,38593,1,98,33428,Farmers State Bank,Lake View,9295,IA,42.3072080138639,01/01/1914
1,SM,1.0966867277357457,-91.4576349647053,8.52,Iowa,595263,7,1630,514747,Farmers & Merchants Savings Bank,Manchester,9298,IA,42.483711993547,07/20/1925
1,NM,0.8927269116745132,-93.5956120368073,9.05,Iowa,284135,2,635,246660,Reliance State Bank,Story City,9299,IA,42.1867580116665,01/28/1928
1,NM,0.8394011520639973,-92.848218014859,5.19,Arkansas,70182,2,149,58220,Riverside Bank,Sparkman,93,AR,33.916440305261,01/01/1916
1,NM,1.807958100436901,-92.2256590296634,10.15,Iowa,150323,2,674,113843,Readlyn Savings Bank,Readlyn,9300,IA,42.701428994863,05/15/1904
1,NM,1.4894300324970637,-89.1802699616829,13.36,Kentucky,223981,3,829,198430,The Citizens Bank,Hickman,9306,KY,36.5614223514242,01/01/1930
1,SM,1.3810119280694886,-87.4667530355355,12.06,Kentucky,360301,7,1230,309161,United Southern Bank,Hopkinsville,9309,KY,36.8469839900951,06/22/1922
1,NM,0.34657840469960316,-87.6967819629688,4.39,Illinois,57905,1,50,53052,Citizens State Bank of Milford,Milford,931,IL,40.6280709899161,09/23/1907
1,NM,1.2951082413039763,-83.2596910108159,13.72,Kentucky,215847,2,701,182043,Commercial Bank,West Liberty,9310,KY,37.9211760116374,01/01/1910
1,NM,1.8121685013121291,-84.6746030378503,13.07,Kentucky,172049,6,776,147556,"PBK BANK, INC.",Stanford,9313,KY,37.548820985271,01/01/1906
1,NM,1.369985590466875,-83.7652869912634,7.94,Kentucky,163904,3,555,134466,Bank of Maysville,Maysville,9315,KY,38.64775701363,06/26/1835
1,NM,0.913189929108116,-93.2636003585926,9.52,Louisiana,536342,9,1221,483094,Merchants & Farmers Bank & Trust Company,Leesville,9319,LA,31.140445044048,01/01/1928
1,NM,1.0996167038225682,-92.227971966949,9.41,Louisiana,240200,6,648,210349,Marion State Bank,Marion,9320,LA,32.885490429958,02/01/1907
1,NM,0.5859457287213874,-92.6396975036945,5.28,Louisiana,153524,2,226,134901,Bank of Winnfield & Trust Company,Winnfield,9323,LA,31.9267673108273,01/01/1901
1,NM,1.9737965346068604,-92.7138540114806,32.51,Louisiana,1281701,1,6185,1203177,Jonesboro State Bank,Jonesboro,9325,LA,32.2405229798707,01/01/1913
1,NM,1.3928798357629235,-92.0584579985861,12.94,Louisiana,303550,7,1044,268028,Washington State Bank,Washington,9326,LA,30.6154879977067,04/10/1893
1,NM,1.373946707869751,-92.4478696763667,9.38,Louisiana,87247,1,299,73773,Peoples Bank,Chatham,9328,LA,32.3085400028002,01/01/1908
1,NM,1.8122908210496331,-93.731828021692,17.29,Minnesota,110909,2,509,92872,First State Bank of Le Center,Le Center,9330,MN,44.3905269887254,01/01/1902
1,NM,0.9633119133489185,-93.6505020193991,8.63,Minnesota,85150,1,205,74786,Bank of Maple Plain,Maple Plain,9332,MN,45.0057060015414,05/29/1905
1,N,-8.752427431045328,-94.571294986909,-15.59,Minnesota,137362,1,-2800,66022,"Battle Bank, National Association",Upsala,9336,MN,45.80843856363,05/11/1914
1,NM,0.7166853303471445,-95.3780570232207,8.35,Minnesota,82226,1,144,74774,"Farmers & Merchants State Bank of New York Mills, Incorporated",New York Mills,9340,MN,46.5190849809531,12/16/1916
1,NM,0.10907558442202335,-92.1359819695987,1.86,Minnesota,41032,1,11,38589,First State Bank of Fountain,Fountain,9349,MN,43.7400949903485,01/01/1901
1,NM,1.3308398208150307,-96.0948013806609,14.87,Minnesota,45749,2,153,41641,State Bank of Lake Park,Lake Park,9351,MN,46.885463777106,10/11/1926
1,NM,0.9558207561421096,-95.791812076427,9.08,Minnesota,38303,1,87,34356,Farmers State Bank of Hoffman,Hoffman,9354,MN,45.8295651564462,03/21/1911
1,NM,0.8785058316138118,-88.6520349547247,14.01,Mississippi,286491,5,620,266670,The Commercial Bank,De Kalb,9356,MS,32.76665710199,12/01/1914
1,NM,1.1596667009927544,-90.18248002519,10.57,Mississippi,1159601,16,3308,1027413,Bank of Commerce,Greenwood,9359,MS,33.519050000943,08/04/1904
1,NM,2.8341773445985137,-89.8683178081319,26.14,Mississippi,503356,5,3500,420103,Peoples Bank,Mendenhall,9366,MS,31.9614268669793,11/05/1908
1,SM,2.3926822963886005,-89.9117898233776,19.89,Missouri,510463,7,3101,440221,The Bank of Advance,Advance,9369,MO,37.1039948450792,01/30/1902
1,NM,2.331967134662382,-93.9786920016532,22.2,Missouri,473001,3,2741,416642,F & C Bank,Holden,9378,MO,38.7092119961554,03/24/1881
1,N,0.5950453722096309,-93.072276009746,5.52,Missouri,116230,4,170,101081,"Bank of Brookfield - Purdin, National Association",Brookfield,9385,MO,39.7696390048459,12/14/1894
1,NM,1.3500708249890099,-94.6116879650446,11.26,Missouri,206525,5,691,181213,The Corner Stone Bank,South West City,9388,MO,36.5157569928634,01/01/1898
1,NM,1.5862490855967044,-90.8260573660682,11.08,Missouri,232863,5,927,197931,Bank of Grandin,Grandin,9392,MO,36.8307678715529,01/13/1913
1,N,1.057924311277458,-74.125508002064,8.28,New Jersey,64388074,232,169863,52955541,Valley National Bank,Passaic,9396,NJ,40.8597589893545,01/01/1927
1,SM,1.1457260556127704,-78.8684268569892,10.57,New York,34855,1,89,31391,Bank of Cattaraugus,Cattaraugus,9406,NY,42.3298582212673,03/30/1882
1,N,1.288269536751734,-76.4928114304751,12.54,New York,639671,10,2010,554951,Tioga State Bank National Association,Spencer,9410,NY,42.209945624792,03/24/1884
1,NM,1.2519561815336464,-101.565902218255,9.26,North Dakota,47600,2,148,41101,Grant County State Bank,Carson,9417,ND,46.421534320128,08/29/1913
1,NM,1.7260084216462053,-101.78254628652,19.54,North Dakota,325433,6,1408,294215,The Union Bank,Beulah,9420,ND,47.2789179774827,01/01/1899
1,NM,0.8582539895400296,-97.9234261765373,10.46,North Dakota,76935,4,160,63633,Citizens State Bank of Lankin,Lankin,9422,ND,48.3142573059956,05/15/1905
1,NM,1.2881939299718281,-96.8628183830822,11.26,North Dakota,6133303,18,19464,5019419,Choice Financial Group,Fargo,9423,ND,46.844576660937,01/01/1906
1,NM,1.1474259417072747,-83.6509730031951,13.21,Ohio,1188670,18,3356,1079438,First State Bank,Winchester,9437,OH,38.9415959869239,01/01/1934
1,NM,1.357934880850032,-83.5206009650233,13.59,Ohio,23493,1,77,21187,The Mt. Victory State Bank,Mount Victory,9438,OH,40.5342600171148,09/14/1929
1,NM,0.7476635514018692,-81.0641180263199,6.15,Ohio,68082,3,127,59713,The Peoples Savings Bank,New Matamoras,9439,OH,39.5224519863364,07/11/1911
1,NM,1.8579520518587207,-83.1759979590662,5.54,Ohio,286911,5,1360,185940,First Bank of Ohio,Tiffin,9450,OH,41.1127299820598,03/03/1873
1,SM,0.8170228469965825,-84.5397310073207,9.37,Ohio,1161035,9,2391,961491,The North Side Bank and Trust Company,Cincinnati,9457,OH,39.1612370122044,01/01/1892
1,NM,1.7260185172136808,-84.2884380297216,16.08,Ohio,354799,5,1531,304817,Farmers & Merchants Bank,Miamisburg,9462,OH,39.6407480070557,11/23/1923
1,NM,1.3067784437883432,-80.7255758648737,15.33,Ohio,852639,19,2784,681380,Unified Bank,Martins Ferry,9463,OH,40.0948702489726,01/01/1902
1,SM,1.219773581964498,-98.66655700778,9.83,Oklahoma,600888,6,1878,517431,Wisdom Heritage Bank,Alva,9465,OK,36.802888012865,09/10/1901
1,NM,1.9006450305629665,-97.4987330089783,21.92,Oklahoma,305638,1,1407,266017,VALOR BANK,Edmond,9467,OK,35.6380250051795,06/01/1930
1,NM,1.6659268886305054,-95.0946259848283,17.98,Oklahoma,442415,6,1825,380849,"Welch State Bank of Welch, Okla.",Welch,9472,OK,36.8744280174721,10/01/1923
1,NM,0.85080084852598,-122.262322968926,7.18,Oregon,263478,4,561,226923,Clackamas County Bank,Sandy,9486,OR,45.3975469830434,01/31/1911
1,SM,1.7647086849013547,-87.9944169744823,14.17,Tennessee,428853,5,1852,369333,Peoples Bank,Clifton,9489,TN,35.3863669956971,01/01/1890
1,NM,0.6147492643135744,-83.0049219741509,6.55,Tennessee,1038742,3,1531,932663,Thread Bank,Rogersville,9499,TN,36.4072729956393,04/01/1906
1,NM,0.9448489793161244,-94.2376369862993,10.72,Iowa,479753,5,1119,384555,Iowa State Bank,Algona,950,IA,43.070088984943,01/01/1928
1,NM,0.621614309712409,-79.398084012511,5.54,Virginia,163831,4,247,144307,Movement Bank,Danville,9502,VA,36.628739012698,09/08/1919
1,SM,1.3147350658996293,-81.5196590412034,14.73,Virginia,614064,17,2018,549970,The Bank of Marion,Marion,9507,VA,36.832635010049,04/13/1874
1,NM,0.902684355780133,-95.5519510039836,9.22,Iowa,277337,2,619,226534,Cherokee State Bank,Cherokee,951,IA,42.7508170123914,10/08/1888
1,NM,1.1918733592110204,-87.7533640003546,14.82,Wisconsin,239576,3,702,203884,Cleveland State Bank,Cleveland,9517,WI,43.9145389915977,04/19/1907
1,SM,0.6135128811708738,-88.547180019574,6.17,Wisconsin,192921,4,295,150800,Bristol Morgan Bank,Oakfield,9523,WI,43.683487010972,01/01/1901
1,NM,1.5007972985648625,-89.5497279751812,13.53,Wisconsin,149428,1,560,131324,The Pineries Bank,Stevens Point,9526,WI,44.522758007293,06/01/1906
1,NM,2.0546684251666703,-88.0462850295223,12.66,Wisconsin,330893,2,1702,259788,State Bank of Newburg,Newburg,9529,WI,43.4297169295278,01/01/1911
1,NM,1.0720363870854728,-93.6260029737027,11.18,Iowa,7469647,22,20043,5849842,Bankers Trust Company,Des Moines,953,IA,41.5871089890539,06/01/1917
1,NM,1.3834217074230362,-88.0524289645499,22.38,Wisconsin,651945,7,2233,606540,Community State Bank,Union Grove,9536,WI,42.680559019875,01/01/1903
1,SM,2.045222793565314,-94.5611239665007,13.24,Iowa,277414,5,1409,220823,FNB Bank,Fontanelle,954,IA,41.2898269813926,08/23/1905
1,SM,1.753377327723756,-91.3094519690189,17.62,Iowa,543514,5,2375,456744,Connection Bank,Fort Madison,955,IA,40.6306860179783,07/01/1854
1,SM,3.0629188035112778,-95.7435599694697,26.18,Iowa,362135,4,2654,318427,Glenwood State Bank,Glenwood,956,IA,41.0472230199013,01/01/1899
1,NM,1.2498299910538402,-95.471790002413,13.9,Iowa,2533545,38,7834,1986150,United Bank of Iowa,Ida Grove,958,IA,42.3446760011579,02/04/1932
1,NM,-2.193920237984568,-87.537608029106,-13.42,Alabama,105437,3,-590,78318,Local Bank,Tuscaloosa,9614,AL,33.233598001876,08/01/1914
1,NM,1.9161676646706587,-87.869863988771,22.87,Alabama,154866,5,740,140325,Sweet Water State Bank,Sweet Water,9615,AL,32.0930019868971,01/01/1913
1,NM,1.4421744454795304,-80.9319059927631,15.42,Florida,822615,7,2953,740772,First Bank,Clewiston,9620,FL,26.7539569813544,01/01/1922
1,SM,1.5007549280876944,-84.2802729663813,12.74,Florida,4450684,67,16572,3837865,Capital City Bank,Tallahassee,9622,FL,30.4442760164124,06/13/1907
1,SM,1.2159404325810557,-92.8115780338699,13.08,Iowa,294809,1,890,261218,The Home Trust & Savings Bank,Osage,963,IA,43.2837750032934,12/01/1899
1,NM,1.0256045362145134,-89.8488500201371,12.2,Illinois,410246,6,1045,364383,Alliance Community Bank,Petersburg,9631,IL,40.0136610167165,05/18/1910
1,NM,0.8289881169705069,-89.6070024534054,8.39,Illinois,853333,10,1754,676787,Fortress Bank,Peoria,9632,IL,40.7961159600333,01/04/1904
1,NM,0.9839294860085886,-86.3745819993199,10.62,Indiana,699726,9,1717,634466,Citizens Bank,Mooresville,9647,IN,39.6136190135095,02/18/1931
1,NM,2.6655614693307736,-97.7810319875279,31.28,Kansas,95320,1,611,87102,"The Citizens State Bank of Cheney, Kansas",Cheney,9658,KS,37.6292709948631,01/01/1884
1,NM,1.5460567726745353,-98.5447910048742,11.63,Kansas,153566,2,568,132329,State Bank of Downs,Downs,9659,KS,39.5040509847477,01/01/1892
1,SM,1.0575845843602958,-98.4115660183186,6.64,Kansas,69263,1,177,58329,Bank of Holyrood,Holyrood,9661,KS,38.5866839944323,01/01/1887
1,NM,1.379595778436918,-95.6646900324452,11.47,Kansas,344514,7,1150,289030,Kaw Valley Bank,Topeka,9665,KS,39.0706379846999,07/22/1870
1,NM,0.8676936634636568,-88.0601109788102,8.94,Kentucky,120354,3,256,106054,Fredonia Valley Bank,Fredonia,9669,KY,37.2048620028444,01/01/1894
1,NM,0.6473513854898555,-83.7649219593801,7.22,Kentucky,101335,3,164,89712,Owingsville Banking Company,Owingsville,9672,KY,38.1444450179788,05/10/1893
1,NM,2.497475074902136,-85.924850984442,21.35,Kentucky,1168092,18,7199,1016460,Edmonton State Bank,Glasgow,9678,KY,37.001974013169,03/17/1899
1,SM,1.1815738922297194,-95.2004419803621,12.65,Iowa,283704,3,825,257057,Security Trust & Savings Bank,Storm Lake,968,IA,42.644637996631,01/01/1908
1,SM,1.5739629185007338,-94.9428500025267,9.98,Iowa,169608,2,649,142264,Templeton Savings Bank,Templeton,969,IA,41.9192900145051,01/01/1923
1,NM,1.4275518693940468,-70.91630819762,9.13,Massachusetts,24787974,151,88683,20240410,Rockland Trust Company,Rockland,9712,MA,42.129917811663,09/10/1907
1,SM,0.6573425941225898,-83.2633010126945,5.83,Michigan,902079,9,1636,752796,Oxford Bank,Oxford,9719,MI,42.8233439860974,06/04/1884
1,NM,0.7766551899305751,-95.0238699815347,7.93,Minnesota,89979,2,172,80853,Concorde Bank,Blomkest,9727,MN,44.9421510169944,01/01/1910
1,NM,0.32931055389269326,-92.645059038254,4.67,Minnesota,159131,1,129,120276,First Security Bank,Byron,9728,MN,44.0324339801597,12/27/1904
1,NM,1.7425974638073463,-96.6845365808847,18.99,Minnesota,80756,2,342,72791,Vantage Bank,Kent,9733,MN,46.4364915940209,07/14/1902
1,NM,2.124014801330689,-93.493559012885,23.02,Minnesota,125471,1,668,78102,State Bank of New Richland,New Richland,9735,MN,43.8940990082426,10/31/1898
1,NM,2.469021106790361,-95.8298639840585,24.64,Minnesota,915488,7,5581,762707,Midwest Bank,Detroit Lakes,9737,MN,46.8116509946117,06/01/1917
1,NM,1.1640737956162166,-94.5005819827787,15.49,Minnesota,223679,4,629,197877,Home State Bank,Litchfield,9745,MN,45.1207010192427,03/23/1926
1,N,1.291683299273726,-96.7035029626933,11.93,Minnesota,166863,6,542,146323,"Northwestern Bank, National Association",Dilworth,9746,MN,46.8769960184009,07/01/1915
1,NM,1.1272866177157166,-95.8057080096592,7.69,Minnesota,59076,1,166,50065,Vergas State Bank,Vergas,9747,MN,46.6567900109369,09/01/1909
1,NM,0.672605826000093,-93.6346459731621,7.01,Minnesota,887940,8,1483,677862,21st Century Bank,Loretto,9751,MN,45.0579110090891,06/02/1917
1,NM,1.3781847855653278,-96.3282215502964,8.82,Minnesota,44170,1,152,37098,Marshall County State Bank,Newfolden,9752,MN,48.3566294313122,10/20/1922
1,SM,1.2141085466851642,-83.8616109843653,15.32,Michigan,118951,1,361,109511,Blissfield State Bank,Blissfield,976,MI,41.8304979995966,05/24/1873
1,NM,1.0183363355041337,-94.1673590029438,10.96,Minnesota,539835,5,1378,473581,Community Bank Mankato,Vernon Center,9760,MN,43.9620350040319,12/01/1929
1,NM,0.11725926022435604,-93.1272019507024,2.76,Minnesota,155433,2,45,148348,The First State Bank of Rosemount,Rosemount,9769,MN,44.7393897197858,01/01/1909
1,SM,2.2683397683397684,-82.987382003566,18.18,Michigan,638709,12,3525,548701,Tri-County Bank,Brown City,977,MI,43.2124450072704,05/29/1889
1,SM,0.922977106077991,-96.3165835506097,13.8,Minnesota,395374,6,914,335717,First State Bank Southwest,Pipestone,9770,MN,43.9993927639088,01/01/1903
1,NM,0.6941687715390804,-95.3143699817892,5.86,Minnesota,142935,2,247,125414,Security State Bank of Warroad,Warroad,9773,MN,48.9048959868517,09/13/1912
1,SM,1.0706800333324915,-89.5696333708023,19.42,Mississippi,344304,6,901,315249,Bank of Kilmichael,Kilmichael,9775,MS,33.4407274991318,09/16/1904
1,NM,0.9018467537871274,-90.2713359940198,6.74,Mississippi,105444,2,233,89175,Citizens Bank & Trust Co.,Marks,9777,MS,34.25707401906,08/17/1917
1,NM,2.4391764791469637,-90.218224986558,31.46,Missouri,397214,5,2347,365955,Bloomsdale Bank,Bloomsdale,9788,MO,38.0087819872465,05/01/1914
1,NM,1.6790000223951984,-92.6827190130403,16.33,Missouri,162378,2,656,144110,Commercial Trust Company of Fayette,Fayette,9791,MO,39.1468869844204,01/01/1903
1,NM,2.079182030749641,-93.9546689642382,15.32,Missouri,669531,4,3429,572535,Bank of Odessa,Odessa,9803,MO,39.0067400126749,01/01/1880
1,NM,1.1698075523916858,-96.5090893810546,7.56,Nebraska,70625,1,205,54101,Adams State Bank,Adams,9812,NE,40.4595730393132,01/18/1918
1,NM,1.2639549834651536,-96.7805329881518,10.04,Nebraska,105806,1,333,91828,Platte Valley Bank,North Bend,9818,NE,41.4619929909063,06/27/1891
1,NM,4.038681101008295,-102.34469403622,24.03,Nebraska,74029,1,734,61777,Nebraska State Bank,Oshkosh,9819,NE,41.4046080091058,06/21/1921
1,SM,1.387131477389792,-82.6215400093335,8.21,Michigan,567842,13,1976,470211,Eastern Michigan Bank,Croswell,982,MI,43.2748979810974,12/04/1895
1,NM,1.394885876094045,-96.0965850279185,14.4,Nebraska,148500,6,508,118488,State Bank of Table Rock,Table Rock,9822,NE,40.1785120136005,10/26/1885
1,SM,0.966809251778056,-78.4956625003813,6.4,New York,452360,3,1088,381441,Alden State Bank,Alden,9831,NY,42.9006215710662,10/05/1916
1,NM,1.1644315392167477,-80.840581050534,9.96,North Carolina,541180000,1931,1573000,413574000,Truist Bank,Charlotte,9846,NC,35.227721582739,01/01/1872
1,SM,2.652851078678859,-84.6377609691758,27,Ohio,447852,3,3288,394721,The St. Henry Bank,St. Henry,9871,OH,40.4180259864861,01/05/1905
1,NM,1.6730817743129869,-98.9880869812277,18.4,Oklahoma,59580,2,257,51366,BANK360,Cordell,9875,OK,35.2993120044932,05/29/1902
1,NM,0.36598304408343635,-97.3950279957592,4.03,Oklahoma,50244,1,47,45558,First State Bank,Noble,9879,OK,35.1397050196024,07/04/1902
1,NM,1.5300048788420881,-94.8778569767614,19.05,Oklahoma,155261,4,588,136339,Security Bank and Trust Company,Miami,9881,OK,36.874250991677,12/01/1922
1,NM,1.6737800876482047,-75.2552700300027,15.72,Pennsylvania,1146168,9,4830,984386,The Dime Bank,Honesdale,9888,PA,41.5734309803571,01/01/1906
1,NM,1.0455158960222737,-76.958200008123,8.28,Pennsylvania,6938525,67,17062,5992297,Mid Penn Bank,Millersburg,9889,PA,40.53968998163,02/21/1868
1,NM,1.8708679139119426,-93.501715694322,14.47,Arkansas,202871,5,931,171970,Bank of Delight,Delight,99,AR,34.031145644389,06/16/1911
1,NM,1.481250525505383,-79.2548650313424,16.7,South Carolina,2275809,27,8302,2056739,Anderson Brothers Bank,Mullins,9923,SC,34.2058289908831,01/01/1933
1,NM,2.681871137480615,-98.293130983735,25.27,South Dakota,262998,1,1738,230294,"Commercial State Bank, of Wagner",Wagner,9932,SD,43.079606007356,05/31/1902
1,NM,1.2018706818743683,-97.2610489731939,13.1,South Dakota,346325,5,1027,284042,Rivers Edge Bank,Marion,9935,SD,43.4235990203096,01/01/1904
1,SM,-0.19435040865643963,-95.0598049606475,-1.68,Texas,652775,5,-322,551352,American State Bank,Arp,9967,TX,32.2259760192716,08/01/1911
1,NM,1.220445337275836,-99.7841350174435,10.52,Texas,1755759,8,5407,1529617,First State Bank of Uvalde,Uvalde,9978,TX,29.2124410156218,07/06/1907
1,SM,1.2498590687261424,-80.1091230381788,7.48,Virginia,93499,1,291,77575,Farmers & Merchants Bank of Craig County,New Castle,9986,VA,37.5033600151089,05/02/1917
1,SM,0.2842190126122187,-85.81556223017,3.13,Michigan,107878,4,78,97175,G. W. Jones Exchange Bank,Marcellus,999,MI,42.0269080338763,05/28/1877
1,NM,0.8310237155849408,-77.8057919711833,12.83,West Virginia,577617,6,1184,535960,Jefferson Security Bank,Shepherdstown,9997,WV,39.4289940173873,05/19/1869
1,NM,1.009176622700597,-78.5953270171747,10.79,West Virginia,239663,6,601,213885,Capon Valley Bank,Wardensville,9998,WV,39.0766190174392,07/01/1918
